,Lodging,Type,Rating,Price,Address,Lat,Lng,url,ID
0,Urban Cowboy B&B,Bed & Breakfast,,,111 Powers St,40.7123299,-73.9465103,,
1,A and Faye Bed & Breakfast,Bed & Breakfast,,,9 Marlborough Rd,40.6501304831038,-73.9658491331352,,
2,The Leo House,Bed & Breakfast,,,332 W 23rd St,40.7456699,-73.9997999,,
3,Sankofa Aban Bed and Breakfast,Bed & Breakfast,4.5,$$,107 Macon St,40.681581,-73.947049,https://www.yelp.com/biz/sankofa-aban-bed-and-breakfast-brooklyn?adjust_creative=-uBzzloii2ivvF3N0jkhKQ&utm_campaign=yelp_api_v3&utm_medium=api_v3_business_search&utm_source=-uBzzloii2ivvF3N0jkhKQ,u_52fegbcqaIpVbkPI-rQQ
4,Bibi's Garden Bed and Breakfast,Bed & Breakfast,,,762 Westminster Rd,40.63056,-73.9654599,,
5,Victorian Bed and Breakfast of Staten Island,Bed & Breakfast,,,92 Taylor St,40.6366863,-74.1236662,,
6,Paper Moon Bed & Breakfast,Bed & Breakfast,,,2055 Fulton St,40.678531,-73.911117,,
7,Yellow Block Bed & Breakfast,Bed & Breakfast,,,208 Quincy St,40.68658,-73.95296,,
8,Harbor House Bed & Breakfast,Bed & Breakfast,,,1 Hylan Blvd,40.615592,-74.063522,,
9,Delz Bed & Breakfast,Bed & Breakfast,,,8914 Glenwood Rd,40.641323,-73.907814,,
10,Arlington Place,Bed & Breakfast,,,7 Arlington Pl,40.681381,-73.951011,,
11,Manhattan CitiSuites,Bed & Breakfast,,,41 E 30th St,40.7449409,-73.9837928,,
12,Mount Morris House,Bed & Breakfast,,,Fifth Avenue And 121st St,40.8044155,-73.9461191,,
13,Sutton Residence,Bed & Breakfast,,,E 47th St 127,40.7545308,-73.973321,,
14,John's Place NYC,Bed & Breakfast,,,20 West St,40.7054834,-74.0172717,,
15,Inn Your Element,Bed & Breakfast,,,6512 Ocean Ave S,40.589581,-73.794505,,
16,Griffin Bed & Breakfast,Bed & Breakfast,,,32 De Koven Ct,40.63291,-73.96267,,
17,International Cozy Inn,Bed & Breakfast,,,248 Lenox Ave,40.806557,-73.946241,,
18,Vybe Hotel,Bed & Breakfast,,,1024 Flatbush Ave,40.64606,-73.95826,,
19,Prospect Gardens Residence,Bed & Breakfast,,,44 Rutland Rd,40.658714,-73.959021,,
20,Easy Living Harlem,Bed & Breakfast,,,137TH Street 214,40.8168,-73.9438,,
21,Harlem Grand B&B,Bed & Breakfast,,,343 W 122nd St,40.809235,-73.954346,,
22,Les Saisons,Bed & Breakfast,,,304 Elmwood Ave,40.7279086667939,-74.2521980999997,,
23,Loralei Bed and Breakfast,Bed & Breakfast,,,667 Argyle Rd,40.633203,-73.964431,,
24,Rhonda's Bed & Breakfast,Bed & Breakfast,,,26 Van Buren St,40.6897772185504,-73.9443055540323,,
25,The Central Park North,Bed & Breakfast,,,137 W 111th St,40.799755,-73.953598,,
26,Little Pisky Cottage,Bed & Breakfast,,,1 - 2 River Terrace,50.270281,-4.788463,,
27,Park Slope Bed and Breakfast,Bed & Breakfast,,,604 5th St,40.66714,-73.9756,,
28,A Garden in Chelsea,Bed & Breakfast,,,439 W 22nd St,40.74655,-74.002897,,
29,Seascape Manor Bed & Breakfast,Bed & Breakfast,,,3 Grand Tour,40.392815386395355,-73.98496798623462,,
30,Northern Lights Mansion,Bed & Breakfast,,,210 W 122nd St,40.80717,-73.95064,,
31,Garden Green Bed & Breakfast,Bed & Breakfast,,,641 Carlton Ave,40.677839,-73.9719411,,
32,Incentra Village House,Bed & Breakfast,,,32 8th Ave,40.73784,-74.0042,,
33,NYC Brooklyn Apartment & Bed and Breakfast,Bed & Breakfast,,,Fort Greene Pl,40.687489,-73.9764947,,
34,West Eleventh Townhouse Apartments,Bed & Breakfast,,,278 W 11th St,40.7358322143555,-74.0045776367188,,
35,Lefferts Manor Bed And Breakfast,Bed & Breakfast,,,80 Rutland Rd,40.65874,-73.95774,,
36,Interfaith East Village Rooms,Bed & Breakfast,,,73 East 3rd St,40.72522,-73.98843,,
37,Four Paws Bed & Breakfast,Dog Walkers,,,,40.6629295349121,-73.9559783935547,,
38,La Sienna,Guest Houses,,,,40.8115692138672,-73.9529037475586,,
39,New York Renaissance Home and Guest House,Guest Houses,,,464 W 141st St,40.8222504,-73.9490128,,
40,Soul Food Guesthouse,Guest Houses,,,W 120th St,40.804215,-73.947036,,
41,Park Slope Inn,Guest Houses,,,321 4th St,40.6721,-73.9832799,,
42,Courtyard by Marriott Newark Downtown,Hotels,3.5,$$,858 Broad Street,40.7334630990386,-74.1728672775168,https://www.yelp.com/biz/courtyard-by-marriott-newark-downtown-newark?adjust_creative=-uBzzloii2ivvF3N0jkhKQ&utm_campaign=yelp_api_v3&utm_medium=api_v3_business_search&utm_source=-uBzzloii2ivvF3N0jkhKQ,kyOqqJaw_1AEdqwrJ0lRaQ
43,Parker New York,Hotels,3.0,$$$,119 W 56th St,40.7642669540397,-73.9785768091679,https://www.yelp.com/biz/parker-new-york-new-york-2?adjust_creative=-uBzzloii2ivvF3N0jkhKQ&utm_campaign=yelp_api_v3&utm_medium=api_v3_business_search&utm_source=-uBzzloii2ivvF3N0jkhKQ,oMaA1Pfz7q4dYU1x83tB1A
44,Comfort Inn Staten Island,Hotels,2.5,$$,310 Wild Ave,40.5861911478664,-74.1902156908073,https://www.yelp.com/biz/comfort-inn-staten-island-staten-island-2?adjust_creative=-uBzzloii2ivvF3N0jkhKQ&utm_campaign=yelp_api_v3&utm_medium=api_v3_business_search&utm_source=-uBzzloii2ivvF3N0jkhKQ,nYfZPRDaXvc3C_AG8Wq_Yg
45,Iberostar 70 Park Avenue Hotel,Hotels,4.0,$$$,70 Park Ave,40.74987,-73.97963,https://www.yelp.com/biz/iberostar-70-park-avenue-hotel-new-york?adjust_creative=-uBzzloii2ivvF3N0jkhKQ&utm_campaign=yelp_api_v3&utm_medium=api_v3_business_search&utm_source=-uBzzloii2ivvF3N0jkhKQ,VtJ6ircPce4lJ6LEsWMifg
46,Broadway Plaza Hotel,Hotels,3.5,$$,1155 Broadway,40.744464,-73.989151,https://www.yelp.com/biz/broadway-plaza-hotel-new-york?adjust_creative=-uBzzloii2ivvF3N0jkhKQ&utm_campaign=yelp_api_v3&utm_medium=api_v3_business_search&utm_source=-uBzzloii2ivvF3N0jkhKQ,Q_H5_7-3qAw2AA0_S-403g
47,Kimberly Hotel,Hotels,4.0,$$$,145 E 50th St,40.75628,-73.97144,https://www.yelp.com/biz/kimberly-hotel-new-york-3?adjust_creative=-uBzzloii2ivvF3N0jkhKQ&utm_campaign=yelp_api_v3&utm_medium=api_v3_business_search&utm_source=-uBzzloii2ivvF3N0jkhKQ,ggVdFOTgvBguVyqFU4eFlQ
48,Pod Times Square Hotel,Hotels,3.5,$$,400 W 42nd St,40.75845,-73.99308,https://www.yelp.com/biz/pod-times-square-hotel-new-york?adjust_creative=-uBzzloii2ivvF3N0jkhKQ&utm_campaign=yelp_api_v3&utm_medium=api_v3_business_search&utm_source=-uBzzloii2ivvF3N0jkhKQ,sYU9GFmkZU4FcyTer9SxnQ
49,Clinton Inn Hotel & Event Center,Hotels,2.0,$$,145 Dean Dr,40.9225134,-73.9648088,https://www.yelp.com/biz/clinton-inn-hotel-and-event-center-tenafly?adjust_creative=-uBzzloii2ivvF3N0jkhKQ&utm_campaign=yelp_api_v3&utm_medium=api_v3_business_search&utm_source=-uBzzloii2ivvF3N0jkhKQ,TeXrGCCZh9RNE8FFA-Q-6Q
50,Fairfield Inn & Suites New York Queens/Queensboro Bridge,Hotels,4.0,$$,29-27 40th Rd,40.751419,-73.935123,https://www.yelp.com/biz/fairfield-inn-and-suites-new-york-queens-queensboro-bridge-long-island-city?adjust_creative=-uBzzloii2ivvF3N0jkhKQ&utm_campaign=yelp_api_v3&utm_medium=api_v3_business_search&utm_source=-uBzzloii2ivvF3N0jkhKQ,cO-vyjC5eK31QxrnQx9ItQ
51,Red Roof Inn Queens,Hotels,2.5,$$,3805 Hunters Point Ave,40.736868,-73.927924,https://www.yelp.com/biz/red-roof-inn-queens-long-island-city?adjust_creative=-uBzzloii2ivvF3N0jkhKQ&utm_campaign=yelp_api_v3&utm_medium=api_v3_business_search&utm_source=-uBzzloii2ivvF3N0jkhKQ,c9C_NjEyLZNKadXXbRoPHQ
52,"The Algonquin Hotel Times Square, Autograph Collection",Hotels,3.5,$$$,59 W 44th St,40.755939,-73.982372,https://www.yelp.com/biz/the-algonquin-hotel-times-square-autograph-collection-new-york?adjust_creative=-uBzzloii2ivvF3N0jkhKQ&utm_campaign=yelp_api_v3&utm_medium=api_v3_business_search&utm_source=-uBzzloii2ivvF3N0jkhKQ,12_K-63pDkGPQFqz2jmIHA
53,Ramada by Wyndham Yonkers,Hotels,1.0,$$,125 Tuckahoe Rd,40.95578,-73.86476,https://www.yelp.com/biz/ramada-by-wyndham-yonkers-yonkers?adjust_creative=-uBzzloii2ivvF3N0jkhKQ&utm_campaign=yelp_api_v3&utm_medium=api_v3_business_search&utm_source=-uBzzloii2ivvF3N0jkhKQ,-ewv04MMsvTXBLOadsFTdw
54,Microtel by Wyndham Long Island City,Hotels,,,29 12 40th Ave,40.7519847,-73.9351986,,
55,Fairfield Inn & Suites by Marriott North Bergen,Hotels,4.5,$$,1707 69th St,40.7996789505826,-74.0223491191863,https://www.yelp.com/biz/fairfield-inn-and-suites-by-marriott-north-bergen-north-bergen-2?adjust_creative=-uBzzloii2ivvF3N0jkhKQ&utm_campaign=yelp_api_v3&utm_medium=api_v3_business_search&utm_source=-uBzzloii2ivvF3N0jkhKQ,-C9Tu-dcjZegsoO0sE45hQ
56,Ramada by Wyndham Rockville Centre,Hotels,2.0,$$,1000 Sunrise Hwy,40.656081,-73.623226,https://www.yelp.com/biz/ramada-by-wyndham-rockville-centre-rockville-centre?adjust_creative=-uBzzloii2ivvF3N0jkhKQ&utm_campaign=yelp_api_v3&utm_medium=api_v3_business_search&utm_source=-uBzzloii2ivvF3N0jkhKQ,Xv1dh_zKkHigJqJH-Fs8hg
57,Fairfield Inn New York JFK Airport,Hotels,3.5,$$,156-08 Rockaway Blvd,40.6663349751421,-73.780215382576,https://www.yelp.com/biz/fairfield-inn-new-york-jfk-airport-jamaica?adjust_creative=-uBzzloii2ivvF3N0jkhKQ&utm_campaign=yelp_api_v3&utm_medium=api_v3_business_search&utm_source=-uBzzloii2ivvF3N0jkhKQ,JvO_bI2eU7j99T5EARhgGw
58,Sheraton Tribeca New York Hotel,Hotels,3.0,$$,370 Canal St,40.7208722336195,-74.0042977722419,https://www.yelp.com/biz/sheraton-tribeca-new-york-hotel-new-york?adjust_creative=-uBzzloii2ivvF3N0jkhKQ&utm_campaign=yelp_api_v3&utm_medium=api_v3_business_search&utm_source=-uBzzloii2ivvF3N0jkhKQ,WAUY1L-MrBsfdZJBWfpNrg
59,Residence Inn by Marriott New York Manhattan/Central Park,Hotels,4.0,$$$,1717 Broadway,40.7642729498133,-73.9826629963773,https://www.yelp.com/biz/residence-inn-by-marriott-new-york-manhattan-central-park-new-york-2?adjust_creative=-uBzzloii2ivvF3N0jkhKQ&utm_campaign=yelp_api_v3&utm_medium=api_v3_business_search&utm_source=-uBzzloii2ivvF3N0jkhKQ,q3tNUSDa3EXWVn_RA2OGxA
60,Hilton Garden Inn Edison/Raritan Center,Hotels,3.0,$$,50 Raritan Center Pkwy,40.5222896302813,-74.3381336331367,https://www.yelp.com/biz/hilton-garden-inn-edison-raritan-center-edison?adjust_creative=-uBzzloii2ivvF3N0jkhKQ&utm_campaign=yelp_api_v3&utm_medium=api_v3_business_search&utm_source=-uBzzloii2ivvF3N0jkhKQ,MVq_IEQ5tGMT33cRBibDYw
61,Country Inn & Suites by Radisson,Hotels,2.5,$$,100 International Blvd,40.66278463323689,-74.17674241746126,https://www.yelp.com/biz/country-inn-and-suites-by-radisson-elizabeth?adjust_creative=-uBzzloii2ivvF3N0jkhKQ&utm_campaign=yelp_api_v3&utm_medium=api_v3_business_search&utm_source=-uBzzloii2ivvF3N0jkhKQ,BO4taj7T0O09fnIT7QzYAQ
62,The Michelangelo New York - Starhotels Collezione,Hotels,4.0,$$$,152 W 51st St,40.7612243,-73.9820291,https://www.yelp.com/biz/the-michelangelo-new-york-2?adjust_creative=-uBzzloii2ivvF3N0jkhKQ&utm_campaign=yelp_api_v3&utm_medium=api_v3_business_search&utm_source=-uBzzloii2ivvF3N0jkhKQ,0iIaLaMfbWjZ0NktXu3fRQ
63,The Evelyn,Hotels,3.5,$$,7 E 27th St,40.74398,-73.98698,https://www.yelp.com/biz/the-evelyn-new-york-2?adjust_creative=-uBzzloii2ivvF3N0jkhKQ&utm_campaign=yelp_api_v3&utm_medium=api_v3_business_search&utm_source=-uBzzloii2ivvF3N0jkhKQ,bNOra2VzCmrqq2u5xTD62Q
64,Ravel Hotel,Hotels,2.5,$$,8-08 Queens Plz S,40.753908,-73.949414,https://www.yelp.com/biz/ravel-hotel-long-island-city-2?adjust_creative=-uBzzloii2ivvF3N0jkhKQ&utm_campaign=yelp_api_v3&utm_medium=api_v3_business_search&utm_source=-uBzzloii2ivvF3N0jkhKQ,O4S2ZhhQ674R1aCVpP7bHw
65,Six Columbus - Central Park,Hotels,3.0,$$,308 W 58th St,40.7676,-73.98313,https://www.yelp.com/biz/six-columbus-central-park-new-york?adjust_creative=-uBzzloii2ivvF3N0jkhKQ&utm_campaign=yelp_api_v3&utm_medium=api_v3_business_search&utm_source=-uBzzloii2ivvF3N0jkhKQ,VBz7yO6GtFRxJFEiWvxaAQ
66,Hampton Inn & Suites Staten Island,Hotels,3.5,$$,1120 South Ave,40.6130952378944,-74.1788882017135,https://www.yelp.com/biz/hampton-inn-and-suites-staten-island-staten-island?adjust_creative=-uBzzloii2ivvF3N0jkhKQ&utm_campaign=yelp_api_v3&utm_medium=api_v3_business_search&utm_source=-uBzzloii2ivvF3N0jkhKQ,5QlofYfJ0yClMm510BqA3A
67,Element Harrison - Newark,Hotels,4.0,$$,399 Somerset St,40.739958,-74.156711,https://www.yelp.com/biz/element-harrison-newark-harrison?adjust_creative=-uBzzloii2ivvF3N0jkhKQ&utm_campaign=yelp_api_v3&utm_medium=api_v3_business_search&utm_source=-uBzzloii2ivvF3N0jkhKQ,WAJqjgGoppNSlRcUGPLbXQ
68,Best Western Queens Court Hotel,Hotels,1.5,$$,13351 39th Ave,40.7597642,-73.8327701,https://www.yelp.com/biz/best-western-queens-court-hotel-flushing?adjust_creative=-uBzzloii2ivvF3N0jkhKQ&utm_campaign=yelp_api_v3&utm_medium=api_v3_business_search&utm_source=-uBzzloii2ivvF3N0jkhKQ,Jjlu4ciHrfYjrkF4hLxoBQ
69,Hilton Garden Inn New York/Staten Island,Hotels,3.0,$$,1100 South Ave,40.6148942,-74.1767925,https://www.yelp.com/biz/hilton-garden-inn-new-york-staten-island-staten-island?adjust_creative=-uBzzloii2ivvF3N0jkhKQ&utm_campaign=yelp_api_v3&utm_medium=api_v3_business_search&utm_source=-uBzzloii2ivvF3N0jkhKQ,yBZynQEOwaRyx29XGJadPQ
70,Kimpton Muse Hotel,Hotels,4.0,$$,130 W 46th St,40.75792,-73.98375,https://www.yelp.com/biz/kimpton-muse-hotel-new-york?adjust_creative=-uBzzloii2ivvF3N0jkhKQ&utm_campaign=yelp_api_v3&utm_medium=api_v3_business_search&utm_source=-uBzzloii2ivvF3N0jkhKQ,WfvmTSaUSYmkq909QmVdoQ
71,Hampton Inn New York - LaGuardia Airport,Hotels,3.5,$$,102-40 Ditmars Blvd,40.7679592,-73.867752,https://www.yelp.com/biz/hampton-inn-new-york-laguardia-airport-east-elmhurst?adjust_creative=-uBzzloii2ivvF3N0jkhKQ&utm_campaign=yelp_api_v3&utm_medium=api_v3_business_search&utm_source=-uBzzloii2ivvF3N0jkhKQ,MBNdzlw50WDRuGUuFujs4w
72,Holiday Inn Express Staten Island West,Hotels,2.5,$$,300 Wild Ave,40.58651,-74.1905,https://www.yelp.com/biz/holiday-inn-express-staten-island-west-staten-island?adjust_creative=-uBzzloii2ivvF3N0jkhKQ&utm_campaign=yelp_api_v3&utm_medium=api_v3_business_search&utm_source=-uBzzloii2ivvF3N0jkhKQ,vVDk5uCS3lO8ecRJEb1pTw
73,Courtyard by Marriott Paramus,Hotels,3.5,$$,320 Route 17 N,40.9421777844021,-74.070604801178,https://www.yelp.com/biz/courtyard-by-marriott-paramus-paramus-2?adjust_creative=-uBzzloii2ivvF3N0jkhKQ&utm_campaign=yelp_api_v3&utm_medium=api_v3_business_search&utm_source=-uBzzloii2ivvF3N0jkhKQ,1O9PAJ2fACH37QHcGfqphw
74,Residence Inn by Marriott Wayne,Hotels,4.0,$$$,30 Nevins Rd,40.9649647220116,-74.2251321673393,https://www.yelp.com/biz/residence-inn-by-marriott-wayne-wayne?adjust_creative=-uBzzloii2ivvF3N0jkhKQ&utm_campaign=yelp_api_v3&utm_medium=api_v3_business_search&utm_source=-uBzzloii2ivvF3N0jkhKQ,D0gau3yHHQwHYTMURkQ4Jw
75,Hyatt Place Fair Lawn/Paramus,Hotels,3.0,$$,41-01 Broadway,40.9270838902216,-74.0927823430733,https://www.yelp.com/biz/hyatt-place-fair-lawn-paramus-fair-lawn-2?adjust_creative=-uBzzloii2ivvF3N0jkhKQ&utm_campaign=yelp_api_v3&utm_medium=api_v3_business_search&utm_source=-uBzzloii2ivvF3N0jkhKQ,y2152Smk5BLwfzplqZ9L9g
76,Hotel Nirvana,Hotels,,,12-02 37th Ave,40.7592443597216,-73.9398866146803,,
77,Homewood Suites by Hilton Edgewater-NYC Area,Hotels,3.5,$$,10 The Promenade,40.8068508493117,-73.9899251662704,https://www.yelp.com/biz/homewood-suites-by-hilton-edgewater-nyc-area-edgewater-2?adjust_creative=-uBzzloii2ivvF3N0jkhKQ&utm_campaign=yelp_api_v3&utm_medium=api_v3_business_search&utm_source=-uBzzloii2ivvF3N0jkhKQ,QeE1MSBYgSURldK4RtFzPA
78,Hilton Garden Inn New York/Times Square Central,Hotels,3.0,$$,136 W 42nd St,40.7552539,-73.9857318,https://www.yelp.com/biz/hilton-garden-inn-new-york-times-square-central-new-york?adjust_creative=-uBzzloii2ivvF3N0jkhKQ&utm_campaign=yelp_api_v3&utm_medium=api_v3_business_search&utm_source=-uBzzloii2ivvF3N0jkhKQ,fVnTJoGDJg3spEHtp9g91w
79,Wellington Hotel,Hotels,3.0,$$,871 7th Ave,40.764498606050786,-73.9805448697516,https://www.yelp.com/biz/wellington-hotel-new-york-2?adjust_creative=-uBzzloii2ivvF3N0jkhKQ&utm_campaign=yelp_api_v3&utm_medium=api_v3_business_search&utm_source=-uBzzloii2ivvF3N0jkhKQ,gpegF49qswvvHJREAOfbnw
80,Hilton Garden Inn Queens/JFK Airport,Hotels,3.0,$,148-18 134th St,40.665761243085,-73.8062596321106,https://www.yelp.com/biz/hilton-garden-inn-queens-jfk-airport-jamaica?adjust_creative=-uBzzloii2ivvF3N0jkhKQ&utm_campaign=yelp_api_v3&utm_medium=api_v3_business_search&utm_source=-uBzzloii2ivvF3N0jkhKQ,NDhASdWfr5vevVqrkM-eqw
81,DoubleTree by Hilton Fairfield Hotel & Suites,Hotels,,,690 Route 46 E,40.8902215403629,-74.2681215042992,,
82,Room Mate Grace Hotel,Hotels,3.5,$$,125 W 45th St,40.7574462890625,-73.9838180541992,https://www.yelp.com/biz/room-mate-grace-hotel-new-york?adjust_creative=-uBzzloii2ivvF3N0jkhKQ&utm_campaign=yelp_api_v3&utm_medium=api_v3_business_search&utm_source=-uBzzloii2ivvF3N0jkhKQ,R413IgmjjTyjB1Y8HlHziA
83,DoubleTree by Hilton Newark Penn Station,Hotels,2.5,$$,1048 Raymond Blvd,40.735427,-74.16537,https://www.yelp.com/biz/doubletree-by-hilton-newark-penn-station-newark-2?adjust_creative=-uBzzloii2ivvF3N0jkhKQ&utm_campaign=yelp_api_v3&utm_medium=api_v3_business_search&utm_source=-uBzzloii2ivvF3N0jkhKQ,XF2DxiPCo4pmyY0gLJR3EA
84,Da Vinci Hotel,Hotels,3.0,$$,244 W 56th St,40.765644,-73.983001,https://www.yelp.com/biz/da-vinci-hotel-new-york?adjust_creative=-uBzzloii2ivvF3N0jkhKQ&utm_campaign=yelp_api_v3&utm_medium=api_v3_business_search&utm_source=-uBzzloii2ivvF3N0jkhKQ,AbDtxVq8o8Z-NEB57Y0LjA
85,InterContinental New York Times Square,Hotels,3.5,$$$,300 W 44th St,40.7586,-73.98958,https://www.yelp.com/biz/intercontinental-new-york-times-square-new-york-4?adjust_creative=-uBzzloii2ivvF3N0jkhKQ&utm_campaign=yelp_api_v3&utm_medium=api_v3_business_search&utm_source=-uBzzloii2ivvF3N0jkhKQ,NGiDaYEYXYFdmBxmyaqSNQ
86,Cachet Boutique NYC,Hotels,2.5,$$$,510 W 42nd St,40.759766,-73.996469,https://www.yelp.com/biz/cachet-boutique-nyc-new-york?adjust_creative=-uBzzloii2ivvF3N0jkhKQ&utm_campaign=yelp_api_v3&utm_medium=api_v3_business_search&utm_source=-uBzzloii2ivvF3N0jkhKQ,uzox1BcyjxBBqbWEXN6pLQ
87,The Hotel at Times Square,Hotels,3.5,$$,59 W 46th St,40.757217,-73.981254,https://www.yelp.com/biz/the-hotel-at-times-square-new-york-2?adjust_creative=-uBzzloii2ivvF3N0jkhKQ&utm_campaign=yelp_api_v3&utm_medium=api_v3_business_search&utm_source=-uBzzloii2ivvF3N0jkhKQ,xCga72noeVqNA-ICudcDAA
88,Residence Inn by Marriott New York Manhattan/Midtown East,Hotels,4.0,$$,148 E 48th St,40.75481,-73.972656,https://www.yelp.com/biz/residence-inn-new-york-manhattan-midtown-east-new-york?adjust_creative=-uBzzloii2ivvF3N0jkhKQ&utm_campaign=yelp_api_v3&utm_medium=api_v3_business_search&utm_source=-uBzzloii2ivvF3N0jkhKQ,Nb6yCFZ8PXuITehsyZR37Q
89,Comfort Inn Edison - New Brunswick,Hotels,,,831 Route 1 South,40.51469,-74.378554,,
90,Manhattan Getaways,Hotels,3.0,$$,314 W 56th St,40.76633,-73.9843099,https://www.yelp.com/biz/manhattan-getaways-new-york?adjust_creative=-uBzzloii2ivvF3N0jkhKQ&utm_campaign=yelp_api_v3&utm_medium=api_v3_business_search&utm_source=-uBzzloii2ivvF3N0jkhKQ,0KZPOFvklUWvIJQIcJ4KeA
91,Wyndham Garden Fresh Meadows Flushing,Hotels,2.0,$$$,6127 186th Street,40.73944,-73.787578,https://www.yelp.com/biz/wyndham-garden-fresh-meadows-flushing-new-york?adjust_creative=-uBzzloii2ivvF3N0jkhKQ&utm_campaign=yelp_api_v3&utm_medium=api_v3_business_search&utm_source=-uBzzloii2ivvF3N0jkhKQ,NJs_RBADvg1zemPi2w5zvA
92,Homewood Suites by Hilton Midtown Manhattan Times Square-South,Hotels,4.0,$$,312 West 37th Street,40.754269,-73.993082,https://www.yelp.com/biz/homewood-suites-by-hilton-midtown-manhattan-times-square-south-new-york?adjust_creative=-uBzzloii2ivvF3N0jkhKQ&utm_campaign=yelp_api_v3&utm_medium=api_v3_business_search&utm_source=-uBzzloii2ivvF3N0jkhKQ,H70MP8NTWNrRQRGffo7Ouw
93,Hampton Inn Woodbridge,Hotels,3.0,$$,370 US-9 N,40.5375898,-74.2946889996,https://www.yelp.com/biz/hampton-inn-woodbridge-woodbridge-2?adjust_creative=-uBzzloii2ivvF3N0jkhKQ&utm_campaign=yelp_api_v3&utm_medium=api_v3_business_search&utm_source=-uBzzloii2ivvF3N0jkhKQ,TaD-uMF7r06MMvPdYLy6bQ
94,New York Marriott Marquis,Hotels,3.5,$$$,1535 Broadway,40.7585862119401,-73.9858202037049,https://www.yelp.com/biz/new-york-marriott-marquis-new-york-3?adjust_creative=-uBzzloii2ivvF3N0jkhKQ&utm_campaign=yelp_api_v3&utm_medium=api_v3_business_search&utm_source=-uBzzloii2ivvF3N0jkhKQ,55Ofcjm1DPf4LVr73-4-1g
95,Long Island Marriott,Hotels,2.5,$$,101 James Doolittle Blvd,40.723494,-73.587676,https://www.yelp.com/biz/long-island-marriott-uniondale-2?adjust_creative=-uBzzloii2ivvF3N0jkhKQ&utm_campaign=yelp_api_v3&utm_medium=api_v3_business_search&utm_source=-uBzzloii2ivvF3N0jkhKQ,zjAMNm4QGZydVIXy4tC5Xw
96,The Mave Hotel,Hotels,3.0,$$,62 Madison Ave,40.7436169452076,-73.9862126624481,https://www.yelp.com/biz/the-mave-hotel-new-york?adjust_creative=-uBzzloii2ivvF3N0jkhKQ&utm_campaign=yelp_api_v3&utm_medium=api_v3_business_search&utm_source=-uBzzloii2ivvF3N0jkhKQ,063UhfsNjEcCzoQRpjIjHQ
97,Hyatt Place Garden City,Hotels,3.5,$$,5 N Ave,40.74145926909579,-73.6085935411044,https://www.yelp.com/biz/hyatt-place-garden-city-garden-city?adjust_creative=-uBzzloii2ivvF3N0jkhKQ&utm_campaign=yelp_api_v3&utm_medium=api_v3_business_search&utm_source=-uBzzloii2ivvF3N0jkhKQ,7RmosAxvW6T4Btto7kDn8w
98,Hampton Inn Garden City Long Island,Hotels,3.5,$$,1 North Ave,40.7412743931433,-73.6095517873764,https://www.yelp.com/biz/hampton-inn-garden-city-long-island-garden-city?adjust_creative=-uBzzloii2ivvF3N0jkhKQ&utm_campaign=yelp_api_v3&utm_medium=api_v3_business_search&utm_source=-uBzzloii2ivvF3N0jkhKQ,BK17POxnqPhAHsiaSZDz1A
99,Holiday Inn Express New York City - Chelsea,Hotels,3.0,$$,232 W 29th St,40.74837,-73.99453,https://www.yelp.com/biz/holiday-inn-express-new-york-city-chelsea-new-york-2?adjust_creative=-uBzzloii2ivvF3N0jkhKQ&utm_campaign=yelp_api_v3&utm_medium=api_v3_business_search&utm_source=-uBzzloii2ivvF3N0jkhKQ,-h11FHJlDo9gJXqciVPrRQ
100,Holiday Inn Express New York-Brooklyn,Hotels,2.5,$$,625 Union St,40.67817,-73.98444,https://www.yelp.com/biz/holiday-inn-express-new-york-brooklyn-brooklyn-4?adjust_creative=-uBzzloii2ivvF3N0jkhKQ&utm_campaign=yelp_api_v3&utm_medium=api_v3_business_search&utm_source=-uBzzloii2ivvF3N0jkhKQ,fo5IyD5Vsz6g85a_fAexmQ
101,Home2 Suites By Hilton Hasbrouck Heights,Hotels,4.0,$$,377 Rte 17 S,40.8628912,-74.0657973,https://www.yelp.com/biz/home2-suites-by-hilton-hasbrouck-heights-hasbrouck-heights?adjust_creative=-uBzzloii2ivvF3N0jkhKQ&utm_campaign=yelp_api_v3&utm_medium=api_v3_business_search&utm_source=-uBzzloii2ivvF3N0jkhKQ,h1ye0FUwvYNUrv_G7OE2xw
102,HGU New York,Hotels,3.5,$$,34 E 32nd St,40.746,-73.98333,https://www.yelp.com/biz/hgu-new-york-new-york?adjust_creative=-uBzzloii2ivvF3N0jkhKQ&utm_campaign=yelp_api_v3&utm_medium=api_v3_business_search&utm_source=-uBzzloii2ivvF3N0jkhKQ,DSSqAoqdkNBnXWvcZfhZVg
103,Four Points by Sheraton Manhattan SoHo Village,Hotels,3.5,$$,66 Charlton St,40.72697,-74.00611,https://www.yelp.com/biz/four-points-by-sheraton-manhattan-soho-village-new-york?adjust_creative=-uBzzloii2ivvF3N0jkhKQ&utm_campaign=yelp_api_v3&utm_medium=api_v3_business_search&utm_source=-uBzzloii2ivvF3N0jkhKQ,DJyd2GApggTIxCmkjYC8EQ
104,NOMO SOHO,Hotels,3.0,$$$,9 Crosby St,40.719896,-74.000078,https://www.yelp.com/biz/nomo-soho-new-york-3?adjust_creative=-uBzzloii2ivvF3N0jkhKQ&utm_campaign=yelp_api_v3&utm_medium=api_v3_business_search&utm_source=-uBzzloii2ivvF3N0jkhKQ,lGM-mjoG5ivxJqmEedFukA
105,SpringHill Suites by Marriott Carle Place Garden City,Hotels,3.5,$$,20 Westbury Ave,40.7485414944155,-73.6202296766896,https://www.yelp.com/biz/springhill-suites-by-marriott-carle-place-garden-city-carle-place-2?adjust_creative=-uBzzloii2ivvF3N0jkhKQ&utm_campaign=yelp_api_v3&utm_medium=api_v3_business_search&utm_source=-uBzzloii2ivvF3N0jkhKQ,xemfm4SqtQnOiDj21nN_mQ
106,Holiday Inn Express Manhattan Times Square South,Hotels,3.5,$$,60 W 36th St,40.7504909,-73.98605,https://www.yelp.com/biz/holiday-inn-express-manhattan-times-square-south-new-york-2?adjust_creative=-uBzzloii2ivvF3N0jkhKQ&utm_campaign=yelp_api_v3&utm_medium=api_v3_business_search&utm_source=-uBzzloii2ivvF3N0jkhKQ,vBluqKJE9kjNQosLzcNxlQ
107,Hilton Garden Inn New York/Manhattan-Chelsea,Hotels,3.5,$$,121 W 28th St,40.7466832501272,-73.9913833,https://www.yelp.com/biz/hilton-garden-inn-new-york-manhattan-chelsea-new-york?adjust_creative=-uBzzloii2ivvF3N0jkhKQ&utm_campaign=yelp_api_v3&utm_medium=api_v3_business_search&utm_source=-uBzzloii2ivvF3N0jkhKQ,NnGF9aN0iZtbcpTwTlwKkg
108,Hilton Garden Inn Ridgefield Park,Hotels,3.0,$$,70 Challenger Rd,40.8520107,-74.0137549,https://www.yelp.com/biz/hilton-garden-inn-ridgefield-park-ridgefield-park-3?adjust_creative=-uBzzloii2ivvF3N0jkhKQ&utm_campaign=yelp_api_v3&utm_medium=api_v3_business_search&utm_source=-uBzzloii2ivvF3N0jkhKQ,eErpOlr0BQPeLOd5Nj0zPA
109,Hampton Inn & Suites Yonkers,Hotels,3.5,$$,160 Corporate Blvd,40.9707353,-73.8770055770874,https://www.yelp.com/biz/hampton-inn-and-suites-yonkers-yonkers-2?adjust_creative=-uBzzloii2ivvF3N0jkhKQ&utm_campaign=yelp_api_v3&utm_medium=api_v3_business_search&utm_source=-uBzzloii2ivvF3N0jkhKQ,Ijq1ltZLt0inh3WIFhakDw
110,City Club Hotel,Hotels,3.5,$$$,55 W 44th St,40.75594,-73.98211,https://www.yelp.com/biz/city-club-hotel-new-york?adjust_creative=-uBzzloii2ivvF3N0jkhKQ&utm_campaign=yelp_api_v3&utm_medium=api_v3_business_search&utm_source=-uBzzloii2ivvF3N0jkhKQ,xEqRlIRQFS3CKtcfVjIoKg
111,Courtyard by Marriott New York Manhattan/Chelsea,Hotels,3.5,$$,135 W 30th St,40.7481653779703,-73.9912676,https://www.yelp.com/biz/courtyard-by-marriott-new-york-manhattan-chelsea-new-york-2?adjust_creative=-uBzzloii2ivvF3N0jkhKQ&utm_campaign=yelp_api_v3&utm_medium=api_v3_business_search&utm_source=-uBzzloii2ivvF3N0jkhKQ,i--cs73rreA1WWLMhlyfJw
112,Holiday Inn Express Paramus,Hotels,3.5,$$,50 US Hwy 17 N,40.9237072,-74.07048,https://www.yelp.com/biz/holiday-inn-express-paramus-paramus-3?adjust_creative=-uBzzloii2ivvF3N0jkhKQ&utm_campaign=yelp_api_v3&utm_medium=api_v3_business_search&utm_source=-uBzzloii2ivvF3N0jkhKQ,d1vnFO390Hn1uYbeRCpo-w
113,Residence Inn by Marriott New York Manhattan/Times Square,Hotels,3.5,$$,1033 Avenue Of The Americas,40.7527234818913,-73.9859007632294,https://www.yelp.com/biz/residence-inn-by-marriott-new-york-manhattan-times-square-new-york-2?adjust_creative=-uBzzloii2ivvF3N0jkhKQ&utm_campaign=yelp_api_v3&utm_medium=api_v3_business_search&utm_source=-uBzzloii2ivvF3N0jkhKQ,S0YPd2e2SyxGPJQwApdi0w
114,Fairfield Inn & Suites - Marriott,Hotels,4.0,$$,538 W 58th St,40.770105527613,-73.9892103854588,https://www.yelp.com/biz/fairfield-inn-and-suites-marriott-new-york?adjust_creative=-uBzzloii2ivvF3N0jkhKQ&utm_campaign=yelp_api_v3&utm_medium=api_v3_business_search&utm_source=-uBzzloii2ivvF3N0jkhKQ,1Qe4hdNvZQTvNWF3Lwy8vg
115,Hampton Inn Carlstadt-At The Meadowlands,Hotels,4.0,$$,304 Paterson Plank Rd,40.821596,-74.068917,https://www.yelp.com/biz/hampton-inn-carlstadt-at-the-meadowlands-carlstadt?adjust_creative=-uBzzloii2ivvF3N0jkhKQ&utm_campaign=yelp_api_v3&utm_medium=api_v3_business_search&utm_source=-uBzzloii2ivvF3N0jkhKQ,m_-iL7eL6-_xVZm-iWw95w
116,The Grand Summit Hotel,Hotels,3.5,$$,570 Springfield Ave,40.7150579457154,-74.3669266193986,https://www.yelp.com/biz/the-grand-summit-hotel-summit-2?adjust_creative=-uBzzloii2ivvF3N0jkhKQ&utm_campaign=yelp_api_v3&utm_medium=api_v3_business_search&utm_source=-uBzzloii2ivvF3N0jkhKQ,Kxjo9k1gf-D9qpE8TNTDIA
117,Renaissance New York Midtown Hotel,Hotels,4.0,$$,218 W 35th St,40.7517557767437,-73.9910885742397,https://www.yelp.com/biz/renaissance-new-york-midtown-hotel-new-york?adjust_creative=-uBzzloii2ivvF3N0jkhKQ&utm_campaign=yelp_api_v3&utm_medium=api_v3_business_search&utm_source=-uBzzloii2ivvF3N0jkhKQ,tsqlRfje_qAX5_nVESC-PQ
118,Sanctuary Hotel New York,Hotels,4.0,$$$,132 W 47th St,40.75837,-73.9832957,https://www.yelp.com/biz/sanctuary-hotel-new-york-new-york?adjust_creative=-uBzzloii2ivvF3N0jkhKQ&utm_campaign=yelp_api_v3&utm_medium=api_v3_business_search&utm_source=-uBzzloii2ivvF3N0jkhKQ,K5rgmQy_4WiOXY_9A-QorA
119,Park South Hotel,Hotels,4.0,$$,124 E 28th St,40.74279,-73.98306,https://www.yelp.com/biz/park-south-hotel-new-york-2?adjust_creative=-uBzzloii2ivvF3N0jkhKQ&utm_campaign=yelp_api_v3&utm_medium=api_v3_business_search&utm_source=-uBzzloii2ivvF3N0jkhKQ,ZvjXuv2Utn0hvLp39JkcHw
120,The Bowery Hotel,Hotels,3.5,$$$,335 Bowery,40.7260093149249,-73.9915595677216,https://www.yelp.com/biz/the-bowery-hotel-new-york-3?adjust_creative=-uBzzloii2ivvF3N0jkhKQ&utm_campaign=yelp_api_v3&utm_medium=api_v3_business_search&utm_source=-uBzzloii2ivvF3N0jkhKQ,ks299naLzw8CYdVlLnqPXQ
121,Allegria Hotel,Hotels,2.5,$$$,80 W Broadway,40.584327,-73.666413,https://www.yelp.com/biz/allegria-hotel-long-beach?adjust_creative=-uBzzloii2ivvF3N0jkhKQ&utm_campaign=yelp_api_v3&utm_medium=api_v3_business_search&utm_source=-uBzzloii2ivvF3N0jkhKQ,SbuI8AUmVYQg9AZCg8G9AA
122,Lex Hotel NYC,Hotels,4.0,$$,67 Lexington Ave,40.740934,-73.9833419,https://www.yelp.com/biz/lex-hotel-nyc-new-york?adjust_creative=-uBzzloii2ivvF3N0jkhKQ&utm_campaign=yelp_api_v3&utm_medium=api_v3_business_search&utm_source=-uBzzloii2ivvF3N0jkhKQ,m-8qqfAKP5Hw2JZVCx5wQA
123,Fairfield Inn & Suites By Marriott New York Brooklyn,Hotels,3.5,$$,181 3rd Ave,40.680546,-73.9833963141064,https://www.yelp.com/biz/fairfield-inn-and-suites-by-marriott-new-york-brooklyn-brooklyn-2?adjust_creative=-uBzzloii2ivvF3N0jkhKQ&utm_campaign=yelp_api_v3&utm_medium=api_v3_business_search&utm_source=-uBzzloii2ivvF3N0jkhKQ,4AFrLwxm4J_P7TRuCnOzIQ
124,"The Carlyle, A Rosewood Hotel",Hotels,3.5,$$$$,A Rosewood Hotel,40.77419,-73.96284,https://www.yelp.com/biz/the-carlyle-a-rosewood-hotel-new-york-2?adjust_creative=-uBzzloii2ivvF3N0jkhKQ&utm_campaign=yelp_api_v3&utm_medium=api_v3_business_search&utm_source=-uBzzloii2ivvF3N0jkhKQ,UReqUKgLehSHPkuWfFMoig
125,D Piper Inn Hotel,Hotels,4.0,$$,158 Beach 114th St,40.579261,-73.834518,https://www.yelp.com/biz/d-piper-inn-hotel-rockaway-park?adjust_creative=-uBzzloii2ivvF3N0jkhKQ&utm_campaign=yelp_api_v3&utm_medium=api_v3_business_search&utm_source=-uBzzloii2ivvF3N0jkhKQ,OeKhxxh-flT6LgMXDRZVFA
126,The Collective Paper Factory,Hotels,3.0,$$,37-06 36th St,40.75252,-73.927616,https://www.yelp.com/biz/the-collective-paper-factory-long-island-city?adjust_creative=-uBzzloii2ivvF3N0jkhKQ&utm_campaign=yelp_api_v3&utm_medium=api_v3_business_search&utm_source=-uBzzloii2ivvF3N0jkhKQ,ns2IC-T6lTA2RqNbEm2yFQ
127,Soho House New York,Hotels,3.5,$$$,29-35 9th Ave,40.74063741,-74.0059231,https://www.yelp.com/biz/soho-house-new-york-new-york-2?adjust_creative=-uBzzloii2ivvF3N0jkhKQ&utm_campaign=yelp_api_v3&utm_medium=api_v3_business_search&utm_source=-uBzzloii2ivvF3N0jkhKQ,FqRul4l8Vea_b1x6ggRrJw
128,The DeBary Inn,Hotels,3.5,$$,265 Springfield Ave,40.7187614440918,-74.3527297973633,https://www.yelp.com/biz/the-debary-inn-summit-2?adjust_creative=-uBzzloii2ivvF3N0jkhKQ&utm_campaign=yelp_api_v3&utm_medium=api_v3_business_search&utm_source=-uBzzloii2ivvF3N0jkhKQ,AXg5kjd0pzRMARkdHeIk6w
129,The Benjamin,Hotels,4.0,$$$,125 E 50th St,40.75648,-73.97206,https://www.yelp.com/biz/the-benjamin-new-york-2?adjust_creative=-uBzzloii2ivvF3N0jkhKQ&utm_campaign=yelp_api_v3&utm_medium=api_v3_business_search&utm_source=-uBzzloii2ivvF3N0jkhKQ,1wdNxsW1jqieYmYi0CHlbQ
130,La Quinta by Wyndham Brooklyn East,Hotels,4.0,$,1412 Pitkin Ave,40.66822,-73.92148,https://www.yelp.com/biz/la-quinta-by-wyndham-brooklyn-east-brooklyn?adjust_creative=-uBzzloii2ivvF3N0jkhKQ&utm_campaign=yelp_api_v3&utm_medium=api_v3_business_search&utm_source=-uBzzloii2ivvF3N0jkhKQ,QvEeaYep7fCGT9vNEHEadQ
131,Best Western Plus Hospitality House,Hotels,4.0,$$,145 E 49th St,40.755727,-73.972056,https://www.yelp.com/biz/best-western-plus-hospitality-house-new-york?adjust_creative=-uBzzloii2ivvF3N0jkhKQ&utm_campaign=yelp_api_v3&utm_medium=api_v3_business_search&utm_source=-uBzzloii2ivvF3N0jkhKQ,UZfIZOlv5wMagsCx-S8o0g
132,Holiday Inn Express Manhattan Midtown West,Hotels,3.5,$$,538 W 48th St,40.764101,-73.99453,https://www.yelp.com/biz/holiday-inn-express-manhattan-midtown-west-new-york-2?adjust_creative=-uBzzloii2ivvF3N0jkhKQ&utm_campaign=yelp_api_v3&utm_medium=api_v3_business_search&utm_source=-uBzzloii2ivvF3N0jkhKQ,lR27A9_G-FT52t9sTjcvPw
133,414 Hotel,Hotels,4.5,$$,414 W 46th St,40.76129,-73.99173,https://www.yelp.com/biz/414-hotel-new-york?adjust_creative=-uBzzloii2ivvF3N0jkhKQ&utm_campaign=yelp_api_v3&utm_medium=api_v3_business_search&utm_source=-uBzzloii2ivvF3N0jkhKQ,kP4k-GO4ETgstvNug3q31g
134,The Jewel Facing Rockefeller,Hotels,4.0,$$,11 W 51st St,40.75978,-73.97764,https://www.yelp.com/biz/the-jewel-facing-rockefeller-manhattan?adjust_creative=-uBzzloii2ivvF3N0jkhKQ&utm_campaign=yelp_api_v3&utm_medium=api_v3_business_search&utm_source=-uBzzloii2ivvF3N0jkhKQ,vxUwBzAqzP0KfawdpwOFwA
135,BKLYN House,Hotels,3.0,$$,9 Beaver St,40.700797,-73.939263,https://www.yelp.com/biz/bklyn-house-brooklyn?adjust_creative=-uBzzloii2ivvF3N0jkhKQ&utm_campaign=yelp_api_v3&utm_medium=api_v3_business_search&utm_source=-uBzzloii2ivvF3N0jkhKQ,nLJtZ2X50v58SM4eicjerg
136,Condor Hotel,Hotels,3.5,$$,56 Franklin Ave,40.6975225,-73.9587573,https://www.yelp.com/biz/condor-hotel-brooklyn?adjust_creative=-uBzzloii2ivvF3N0jkhKQ&utm_campaign=yelp_api_v3&utm_medium=api_v3_business_search&utm_source=-uBzzloii2ivvF3N0jkhKQ,C88DklKzQjYTRic2FqBBBA
137,Chelsea Pines Inn,Hotels,4.0,$$,317 W 14th St,40.740295,-74.003415,https://www.yelp.com/biz/chelsea-pines-inn-new-york?adjust_creative=-uBzzloii2ivvF3N0jkhKQ&utm_campaign=yelp_api_v3&utm_medium=api_v3_business_search&utm_source=-uBzzloii2ivvF3N0jkhKQ,XRt4mVzNQbXkC6mxFl7-Sg
138,Akwaaba Mansion Bed & Breakfast,Hotels,4.5,$$,347 MacDonough St,40.6825,-73.93267,https://www.yelp.com/biz/akwaaba-mansion-bed-and-breakfast-brooklyn?adjust_creative=-uBzzloii2ivvF3N0jkhKQ&utm_campaign=yelp_api_v3&utm_medium=api_v3_business_search&utm_source=-uBzzloii2ivvF3N0jkhKQ,jLW5W45YbQ8nmnymJnUQaA
139,Hampton Inn Brooklyn/Downtown,Hotels,4.0,$$,125 Flatbush Ave Ext,40.6957059,-73.9840267,https://www.yelp.com/biz/hampton-inn-brooklyn-downtown-brooklyn-2?adjust_creative=-uBzzloii2ivvF3N0jkhKQ&utm_campaign=yelp_api_v3&utm_medium=api_v3_business_search&utm_source=-uBzzloii2ivvF3N0jkhKQ,dQFgUq-bSGmfiSYtMo7mnQ
140,The Harlem Flop House,Hotels,5.0,$,242 West 123rd,40.80815,-73.9509999,https://www.yelp.com/biz/the-harlem-flop-house-new-york?adjust_creative=-uBzzloii2ivvF3N0jkhKQ&utm_campaign=yelp_api_v3&utm_medium=api_v3_business_search&utm_source=-uBzzloii2ivvF3N0jkhKQ,BnqsLvT7IaPZIibgj35t_Q
141,Walker Hotel Greenwich Village,Hotels,4.0,$$,52 W 13th St,40.73618,-73.9966,https://www.yelp.com/biz/walker-hotel-greenwich-village-new-york-2?adjust_creative=-uBzzloii2ivvF3N0jkhKQ&utm_campaign=yelp_api_v3&utm_medium=api_v3_business_search&utm_source=-uBzzloii2ivvF3N0jkhKQ,4J0EXzWaF-N5B-kltP0pMg
142,The Marlton Hotel,Hotels,3.5,$$$,5 W 8th St,40.7324317842722,-73.9966548979282,https://www.yelp.com/biz/the-marlton-hotel-new-york?adjust_creative=-uBzzloii2ivvF3N0jkhKQ&utm_campaign=yelp_api_v3&utm_medium=api_v3_business_search&utm_source=-uBzzloii2ivvF3N0jkhKQ,9LqjNHKYyDAE8wwe5sBJWw
143,Hotel Le Jolie,Hotels,4.0,$$,235 Meeker Ave,40.71653,-73.9508,https://www.yelp.com/biz/hotel-le-jolie-brooklyn?adjust_creative=-uBzzloii2ivvF3N0jkhKQ&utm_campaign=yelp_api_v3&utm_medium=api_v3_business_search&utm_source=-uBzzloii2ivvF3N0jkhKQ,byrfRqI_R_ZWTgVDBkB57g
144,Best Western Plus Arena Hotel,Hotels,3.5,$$,1324 Atlantic Ave,40.6781455701592,-73.9487569035191,https://www.yelp.com/biz/best-western-plus-arena-hotel-brooklyn?adjust_creative=-uBzzloii2ivvF3N0jkhKQ&utm_campaign=yelp_api_v3&utm_medium=api_v3_business_search&utm_source=-uBzzloii2ivvF3N0jkhKQ,RAWmfB25zselolSlwSBqPA
145,NU Hotel - Brooklyn,Hotels,3.5,$$,85 Smith St,40.68879,-73.98885,https://www.yelp.com/biz/nu-hotel-brooklyn-brooklyn-3?adjust_creative=-uBzzloii2ivvF3N0jkhKQ&utm_campaign=yelp_api_v3&utm_medium=api_v3_business_search&utm_source=-uBzzloii2ivvF3N0jkhKQ,VeNu9ATM2HI2NL4Q-ZsTsg
146,The Broome Hotel New York,Hotels,4.5,$$$,431 Broome St,40.721297,-73.9993957,https://www.yelp.com/biz/the-broome-nyc-new-york?adjust_creative=-uBzzloii2ivvF3N0jkhKQ&utm_campaign=yelp_api_v3&utm_medium=api_v3_business_search&utm_source=-uBzzloii2ivvF3N0jkhKQ,LSO3Ql7e_Y9nFJmnWdbTPg
147,Colonial House Inn,Hotels,3.5,$$,318 W 22nd St,40.7449299,-73.99995,https://www.yelp.com/biz/colonial-house-inn-new-york?adjust_creative=-uBzzloii2ivvF3N0jkhKQ&utm_campaign=yelp_api_v3&utm_medium=api_v3_business_search&utm_source=-uBzzloii2ivvF3N0jkhKQ,DE3pxwHpus97-vqq0kUFPw
148,Hotel Bliss,Hotels,3.5,$,2330 Linden Blvd,40.6640522181988,-73.8773133605719,https://www.yelp.com/biz/hotel-bliss-new-york?adjust_creative=-uBzzloii2ivvF3N0jkhKQ&utm_campaign=yelp_api_v3&utm_medium=api_v3_business_search&utm_source=-uBzzloii2ivvF3N0jkhKQ,sY7loHhOtarkEVk_TKb55A
149,Hampton Inn Manhattan-Times Square North,Hotels,4.0,$$,851 Eighth Ave,40.7632795333685,-73.9856643881831,https://www.yelp.com/biz/hampton-inn-manhattan-times-square-north-new-york?adjust_creative=-uBzzloii2ivvF3N0jkhKQ&utm_campaign=yelp_api_v3&utm_medium=api_v3_business_search&utm_source=-uBzzloii2ivvF3N0jkhKQ,kRsNwqOj2Lj0OYxKRsUtsA
150,Hotel Elys√©e,Hotels,4.5,$$$,60 E 54th St,40.75998,-73.97313,https://www.yelp.com/biz/hotel-elys%C3%A9e-new-york-2?adjust_creative=-uBzzloii2ivvF3N0jkhKQ&utm_campaign=yelp_api_v3&utm_medium=api_v3_business_search&utm_source=-uBzzloii2ivvF3N0jkhKQ,DBX3V7fuLQ8lCvK5-mQTpg
151,Fairfield Inn & Suites New York Midtown Manhattan/Penn Station,Hotels,4.0,$$,325 W 33rd St,40.7521723402439,-73.9951658490235,https://www.yelp.com/biz/fairfield-inn-and-suites-new-york-midtown-manhattan-penn-station-new-york-2?adjust_creative=-uBzzloii2ivvF3N0jkhKQ&utm_campaign=yelp_api_v3&utm_medium=api_v3_business_search&utm_source=-uBzzloii2ivvF3N0jkhKQ,JLoLYfqWvcOPIUfxu48qbQ
152,The Iroquois New York,Hotels,4.0,$$,49 W 44th St,40.75583,-73.9821599,https://www.yelp.com/biz/the-iroquois-new-york-new-york-4?adjust_creative=-uBzzloii2ivvF3N0jkhKQ&utm_campaign=yelp_api_v3&utm_medium=api_v3_business_search&utm_source=-uBzzloii2ivvF3N0jkhKQ,4o2SqXHODe7ZEP7aqzdeug
153,The Williamsburg Hotel,Hotels,3.0,$$,96 Wythe Ave,40.7215137888895,-73.9587011987419,https://www.yelp.com/biz/the-williamsburg-hotel-brooklyn-2?adjust_creative=-uBzzloii2ivvF3N0jkhKQ&utm_campaign=yelp_api_v3&utm_medium=api_v3_business_search&utm_source=-uBzzloii2ivvF3N0jkhKQ,xsrzs3lSD2-xG889sLqAXA
154,YOTEL New York,Hotels,3.0,$$$,570 Tenth Ave,40.7591568,-73.9954561,https://www.yelp.com/biz/yotel-new-york-new-york?adjust_creative=-uBzzloii2ivvF3N0jkhKQ&utm_campaign=yelp_api_v3&utm_medium=api_v3_business_search&utm_source=-uBzzloii2ivvF3N0jkhKQ,LtVO-82pFdwjq-hwMITAPg
155,Courtyard by Marriott New York Manhattan/Upper East Side,Hotels,3.0,$$,410 E 92nd St,40.7801528838751,-73.9459897678989,https://www.yelp.com/biz/courtyard-by-marriott-new-york-manhattan-upper-east-side-new-york?adjust_creative=-uBzzloii2ivvF3N0jkhKQ&utm_campaign=yelp_api_v3&utm_medium=api_v3_business_search&utm_source=-uBzzloii2ivvF3N0jkhKQ,ZN4uihx64x0mWSm8HkQ8Ww
156,DoubleTree by Hilton Hotel & Suites Jersey City,Hotels,3.5,$$,455 Washington Blvd,40.723598,-74.0365603,https://www.yelp.com/biz/doubletree-by-hilton-hotel-and-suites-jersey-city-jersey-city?adjust_creative=-uBzzloii2ivvF3N0jkhKQ&utm_campaign=yelp_api_v3&utm_medium=api_v3_business_search&utm_source=-uBzzloii2ivvF3N0jkhKQ,kGX54tkc0zfT5ZquEPtwuQ
157,Stewart Hotel,Hotels,3.0,$$$,371 Seventh Ave,40.7487243,-73.9916396,https://www.yelp.com/biz/stewart-hotel-new-york?adjust_creative=-uBzzloii2ivvF3N0jkhKQ&utm_campaign=yelp_api_v3&utm_medium=api_v3_business_search&utm_source=-uBzzloii2ivvF3N0jkhKQ,EWNeD-svJjByk9v1cg2FzA
158,Blue Moon Hotel,Hotels,2.5,$$,100 Orchard St,40.718581,-73.989837,https://www.yelp.com/biz/blue-moon-hotel-new-york?adjust_creative=-uBzzloii2ivvF3N0jkhKQ&utm_campaign=yelp_api_v3&utm_medium=api_v3_business_search&utm_source=-uBzzloii2ivvF3N0jkhKQ,_RlRHgYsQ-7oSDeCmMVduA
159,Hampton Inn Manhattan-Seaport-Financial District,Hotels,3.5,$$,320 Pearl St,40.7092877829272,-74.0018302202225,https://www.yelp.com/biz/hampton-inn-manhattan-seaport-financial-district-new-york-2?adjust_creative=-uBzzloii2ivvF3N0jkhKQ&utm_campaign=yelp_api_v3&utm_medium=api_v3_business_search&utm_source=-uBzzloii2ivvF3N0jkhKQ,4erImwfLkNUDipUSF4Ocpw
160,"The Standard, High Line",Hotels,3.5,$$$,848 Washington Street,40.740829,-74.008071,https://www.yelp.com/biz/the-standard-high-line-new-york?adjust_creative=-uBzzloii2ivvF3N0jkhKQ&utm_campaign=yelp_api_v3&utm_medium=api_v3_business_search&utm_source=-uBzzloii2ivvF3N0jkhKQ,OmgYgPGvf0a8Gz_jWEpLFQ
161,Holiday Inn Express North Bergen - Lincoln Tunnel,Hotels,2.5,$$,2600 Tonnelle Ave,40.7732,-74.04091,https://www.yelp.com/biz/holiday-inn-express-north-bergen-lincoln-tunnel-north-bergen?adjust_creative=-uBzzloii2ivvF3N0jkhKQ&utm_campaign=yelp_api_v3&utm_medium=api_v3_business_search&utm_source=-uBzzloii2ivvF3N0jkhKQ,GZ2uvIFO-6qSpBDdYwAd5g
162,Extended Stay America - Meadowlands - East Rutherford,Hotels,1.5,$$,300 State Hwy. Rt 3 East,40.8053039480766,-74.0755887611927,https://www.yelp.com/biz/extended-stay-america-meadowlands-east-rutherford-e-rutherford?adjust_creative=-uBzzloii2ivvF3N0jkhKQ&utm_campaign=yelp_api_v3&utm_medium=api_v3_business_search&utm_source=-uBzzloii2ivvF3N0jkhKQ,V2YacyOFdzYjOSt6MPa-ew
163,Fairfield Inn & Suites by Marriott New York Manhattan/Chelsea,Hotels,4.0,$$,116 W 28th St,40.74619,-73.99144,https://www.yelp.com/biz/fairfield-inn-and-suites-by-marriott-new-york-manhattan-chelsea-new-york-2?adjust_creative=-uBzzloii2ivvF3N0jkhKQ&utm_campaign=yelp_api_v3&utm_medium=api_v3_business_search&utm_source=-uBzzloii2ivvF3N0jkhKQ,eEJl0DD5Q4cq-tezqRLSBg
164,Residence Inn Yonkers Westchester County,Hotels,3.0,$$,7 Executive Blvd,40.9731851643577,-73.8785317540169,https://www.yelp.com/biz/residence-inn-yonkers-westchester-county-yonkers?adjust_creative=-uBzzloii2ivvF3N0jkhKQ&utm_campaign=yelp_api_v3&utm_medium=api_v3_business_search&utm_source=-uBzzloii2ivvF3N0jkhKQ,I8Fjm_SeGtxuE59t5ZwXDQ
165,Rodeway Inn,Hotels,2.5,$,1650 Route 1 South,40.6037412537286,-74.265270417053,https://www.yelp.com/biz/rodeway-inn-rahway?adjust_creative=-uBzzloii2ivvF3N0jkhKQ&utm_campaign=yelp_api_v3&utm_medium=api_v3_business_search&utm_source=-uBzzloii2ivvF3N0jkhKQ,61VRfk15KSs4VRu4xNo5_Q
166,Tony's Place Bed & Breakfast,Hotels,1.0,$$,133 W 119th St,40.80478,-73.94962,https://www.yelp.com/biz/tonys-place-bed-and-breakfast-new-york?adjust_creative=-uBzzloii2ivvF3N0jkhKQ&utm_campaign=yelp_api_v3&utm_medium=api_v3_business_search&utm_source=-uBzzloii2ivvF3N0jkhKQ,A_0okz0EXGIdSGX0Wx6QGg
167,Holiday Inn Express & Suites Woodbridge,Hotels,4.0,$$,874 US Hwy 1,40.5748079529174,-74.28914264723889,https://www.yelp.com/biz/holiday-inn-express-and-suites-woodbridge-avenel-2?adjust_creative=-uBzzloii2ivvF3N0jkhKQ&utm_campaign=yelp_api_v3&utm_medium=api_v3_business_search&utm_source=-uBzzloii2ivvF3N0jkhKQ,Qz27_uFFr9zs9QxNTKYPHA
168,Hampton Inn Manhattan/Times Square Central,Hotels,3.5,$$,220 West 41st St,40.7557138,-73.9885198,https://www.yelp.com/biz/hampton-inn-manhattan-times-square-central-new-york?adjust_creative=-uBzzloii2ivvF3N0jkhKQ&utm_campaign=yelp_api_v3&utm_medium=api_v3_business_search&utm_source=-uBzzloii2ivvF3N0jkhKQ,whVaI4qtx4Fseff5owxOaw
169,Kimpton Hotel Eventi,Hotels,4.0,$$$,851 Avenue Of The Americas,40.74703,-73.99003,https://www.yelp.com/biz/kimpton-hotel-eventi-new-york?adjust_creative=-uBzzloii2ivvF3N0jkhKQ&utm_campaign=yelp_api_v3&utm_medium=api_v3_business_search&utm_source=-uBzzloii2ivvF3N0jkhKQ,lot1WtUC2qYsCuL7QMgq0A
170,Bellerose Inn,Hotels,2.5,$,249-05 Jericho Turnpike,40.7266433,-73.7155254,https://www.yelp.com/biz/bellerose-inn-bellerose?adjust_creative=-uBzzloii2ivvF3N0jkhKQ&utm_campaign=yelp_api_v3&utm_medium=api_v3_business_search&utm_source=-uBzzloii2ivvF3N0jkhKQ,fva8KoSDOs3AqeLuGdCvxQ
171,Homewood Suites by Hilton Newark-Cranford,Hotels,3.0,$$,2 Jackson Dr,40.641067,-74.287519,https://www.yelp.com/biz/homewood-suites-by-hilton-newark-cranford-cranford?adjust_creative=-uBzzloii2ivvF3N0jkhKQ&utm_campaign=yelp_api_v3&utm_medium=api_v3_business_search&utm_source=-uBzzloii2ivvF3N0jkhKQ,lZJAw-eJVZ7j8upJwaRIeg
172,Hotel on Rivington,Hotels,3.5,$$$,107 Rivington St,40.7199,-73.98803,https://www.yelp.com/biz/hotel-on-rivington-new-york-2?adjust_creative=-uBzzloii2ivvF3N0jkhKQ&utm_campaign=yelp_api_v3&utm_medium=api_v3_business_search&utm_source=-uBzzloii2ivvF3N0jkhKQ,Z4t_Wsmjgi8I5n1xPSQWTA
173,Andaz Wall Street,Hotels,4.0,$$$,75 Wall St,40.7051574217701,-74.0079346716969,https://www.yelp.com/biz/andaz-wall-street-new-york-6?adjust_creative=-uBzzloii2ivvF3N0jkhKQ&utm_campaign=yelp_api_v3&utm_medium=api_v3_business_search&utm_source=-uBzzloii2ivvF3N0jkhKQ,jDBXpS5bX4f-tiaAz1ZZbA
174,Fairfield Inn & Suites Edison-South Plainfield,Hotels,3.0,$$,875 New Durham Rd,40.5413661735398,-74.3934736009561,https://www.yelp.com/biz/fairfield-inn-and-suites-edison-south-plainfield-edison-2?adjust_creative=-uBzzloii2ivvF3N0jkhKQ&utm_campaign=yelp_api_v3&utm_medium=api_v3_business_search&utm_source=-uBzzloii2ivvF3N0jkhKQ,jVdBM0KstPMmbxvQqrG8gg
175,Wythe Hotel,Hotels,3.0,$$$,80 Wythe Ave N,40.72188667,-73.958105,https://www.yelp.com/biz/wythe-hotel-brooklyn?adjust_creative=-uBzzloii2ivvF3N0jkhKQ&utm_campaign=yelp_api_v3&utm_medium=api_v3_business_search&utm_source=-uBzzloii2ivvF3N0jkhKQ,EeQnc16aQ2-H8WN9reGGZg
176,Nesva Hotel,Hotels,4.0,$$,39-12 29th St,40.7533188,-73.9349976,https://www.yelp.com/biz/nesva-hotel-long-island-city?adjust_creative=-uBzzloii2ivvF3N0jkhKQ&utm_campaign=yelp_api_v3&utm_medium=api_v3_business_search&utm_source=-uBzzloii2ivvF3N0jkhKQ,GGwqr21cRrOGJQo31eNldw
177,Ramada by Wyndham Staten Island,Hotels,2.0,$$,535 N Gannon Ave,40.608582,-74.146591,https://www.yelp.com/biz/ramada-by-wyndham-staten-island-staten-island?adjust_creative=-uBzzloii2ivvF3N0jkhKQ&utm_campaign=yelp_api_v3&utm_medium=api_v3_business_search&utm_source=-uBzzloii2ivvF3N0jkhKQ,u2u81nprcQKhfKtX_ISFHA
178,Baccarat Hotel,Hotels,4.0,$$$$,28 W 53rd St,40.76095613289322,-73.9773752,https://www.yelp.com/biz/baccarat-hotel-new-york-3?adjust_creative=-uBzzloii2ivvF3N0jkhKQ&utm_campaign=yelp_api_v3&utm_medium=api_v3_business_search&utm_source=-uBzzloii2ivvF3N0jkhKQ,nnAkMNV9Zh6G9BZLLOhfog
179,Hotel Vetiver,Hotels,3.0,$$,29-11 39th Ave,40.75348,-73.93389,https://www.yelp.com/biz/hotel-vetiver-long-island-city?adjust_creative=-uBzzloii2ivvF3N0jkhKQ&utm_campaign=yelp_api_v3&utm_medium=api_v3_business_search&utm_source=-uBzzloii2ivvF3N0jkhKQ,PgkXeq0fYLjn5hFGk15ekA
180,Smyth Tribeca,Hotels,3.5,$$$,85 W Broadway,40.71521,-74.00913,https://www.yelp.com/biz/smyth-tribeca-new-york-2?adjust_creative=-uBzzloii2ivvF3N0jkhKQ&utm_campaign=yelp_api_v3&utm_medium=api_v3_business_search&utm_source=-uBzzloii2ivvF3N0jkhKQ,hgxKRLRia2Yh_jDNXli9Tg
181,Staybridge Suites Times Square - New York City,Hotels,4.0,$$,340 W 40th St,40.756542,-73.992797,https://www.yelp.com/biz/staybridge-suites-times-square-new-york-city-new-york-2?adjust_creative=-uBzzloii2ivvF3N0jkhKQ&utm_campaign=yelp_api_v3&utm_medium=api_v3_business_search&utm_source=-uBzzloii2ivvF3N0jkhKQ,j6I5FLQef060W2O5nSyyUQ
182,La Quinta by Wyndham New York City Central Park,Hotels,3.0,$$,31 West 71st Street,40.776202,-73.97763,https://www.yelp.com/biz/la-quinta-by-wyndham-new-york-city-central-park-new-york?adjust_creative=-uBzzloii2ivvF3N0jkhKQ&utm_campaign=yelp_api_v3&utm_medium=api_v3_business_search&utm_source=-uBzzloii2ivvF3N0jkhKQ,6USNEZysU8R1MaK-oBmD8A
183,The Parc Hotel,Hotels,3.0,$$,3916 College Point Blvd,40.7585112099963,-73.8346293748341,https://www.yelp.com/biz/the-parc-hotel-flushing-2?adjust_creative=-uBzzloii2ivvF3N0jkhKQ&utm_campaign=yelp_api_v3&utm_medium=api_v3_business_search&utm_source=-uBzzloii2ivvF3N0jkhKQ,VHvb-73eyHsnSKfKMINwug
184,Roger Smith Hotel,Hotels,3.5,$$,501 Lexington Ave,40.75476,-73.97346,https://www.yelp.com/biz/roger-smith-hotel-new-york?adjust_creative=-uBzzloii2ivvF3N0jkhKQ&utm_campaign=yelp_api_v3&utm_medium=api_v3_business_search&utm_source=-uBzzloii2ivvF3N0jkhKQ,asGuo42LX_hfLBHpvAtJiQ
185,Hyatt Place Flushing Laguardia,Hotels,3.5,$$,133-42 39th Ave,40.759295,-73.832643,https://www.yelp.com/biz/hyatt-place-flushing-laguardia-flushing?adjust_creative=-uBzzloii2ivvF3N0jkhKQ&utm_campaign=yelp_api_v3&utm_medium=api_v3_business_search&utm_source=-uBzzloii2ivvF3N0jkhKQ,Fj8l2e9aCOx6-aWSxBeG3A
186,Westminster Hotel,Hotels,2.5,$$,550 W Mt Pleasant Ave,40.7979927062988,-74.3497009277344,https://www.yelp.com/biz/westminster-hotel-livingston?adjust_creative=-uBzzloii2ivvF3N0jkhKQ&utm_campaign=yelp_api_v3&utm_medium=api_v3_business_search&utm_source=-uBzzloii2ivvF3N0jkhKQ,NrYvGzAMkvVlmyUGjBvyeg
187,The Holland Hotel,Hotels,3.5,$$,175 12th St,40.72962,-74.0402299,https://www.yelp.com/biz/the-holland-hotel-jersey-city?adjust_creative=-uBzzloii2ivvF3N0jkhKQ&utm_campaign=yelp_api_v3&utm_medium=api_v3_business_search&utm_source=-uBzzloii2ivvF3N0jkhKQ,iEA0A7P8VMNlsBJiMhms-A
188,Hampton Inn Manhattan-Chelsea,Hotels,4.0,$$,108 W 24th St,40.7436548,-73.9930707,https://www.yelp.com/biz/hampton-inn-manhattan-chelsea-new-york-2?adjust_creative=-uBzzloii2ivvF3N0jkhKQ&utm_campaign=yelp_api_v3&utm_medium=api_v3_business_search&utm_source=-uBzzloii2ivvF3N0jkhKQ,aCruJ1jAhr6iluwWLqP_vw
189,Residence Inn New York the Bronx At Metro Center Atrium,Hotels,4.5,$$,1776 Eastchester Rd,40.849925,-73.842157,https://www.yelp.com/biz/residence-inn-new-york-the-bronx-at-metro-center-atrium-bronx?adjust_creative=-uBzzloii2ivvF3N0jkhKQ&utm_campaign=yelp_api_v3&utm_medium=api_v3_business_search&utm_source=-uBzzloii2ivvF3N0jkhKQ,KAzMsTerWjZXd6KIEFmF8g
190,Soundview Manor,Hotels,1.0,$,283 Soundview Ave,41.00457,-73.76506,https://www.yelp.com/biz/soundview-manor-white-plains?adjust_creative=-uBzzloii2ivvF3N0jkhKQ&utm_campaign=yelp_api_v3&utm_medium=api_v3_business_search&utm_source=-uBzzloii2ivvF3N0jkhKQ,0iRefXKNeLdUKhCt8nNapQ
191,Eurostars Wall Street,Hotels,2.5,$$,129 Front St,40.705101,-74.006065,https://www.yelp.com/biz/eurostars-wall-street-new-york?adjust_creative=-uBzzloii2ivvF3N0jkhKQ&utm_campaign=yelp_api_v3&utm_medium=api_v3_business_search&utm_source=-uBzzloii2ivvF3N0jkhKQ,_eR_z6bk9P3jLxRG7NU4iw
192,Residence Inn by Marriott Jersey City,Hotels,4.0,$$,80 Christopher Columbus Drive,40.7190784441534,-74.040871,https://www.yelp.com/biz/residence-inn-by-marriott-jersey-city-jersey-city?adjust_creative=-uBzzloii2ivvF3N0jkhKQ&utm_campaign=yelp_api_v3&utm_medium=api_v3_business_search&utm_source=-uBzzloii2ivvF3N0jkhKQ,yatm_4Kco3-tC-1ilwG17w
193,Holiday Inn Express & Suites Jersey City North - Hoboken,Hotels,4.5,$$,707 Tonnelle Ave,40.754606,-74.056629,https://www.yelp.com/biz/holiday-inn-express-and-suites-jersey-city-north-hoboken-jersey-city?adjust_creative=-uBzzloii2ivvF3N0jkhKQ&utm_campaign=yelp_api_v3&utm_medium=api_v3_business_search&utm_source=-uBzzloii2ivvF3N0jkhKQ,tYgDO409Iog-8ev3p5NA6Q
194,Hampton Inn & Suites Fairfield,Hotels,4.0,$$,118 US Hwy 46 E,40.8691176712182,-74.3076313939127,https://www.yelp.com/biz/hampton-inn-and-suites-fairfield-fairfield?adjust_creative=-uBzzloii2ivvF3N0jkhKQ&utm_campaign=yelp_api_v3&utm_medium=api_v3_business_search&utm_source=-uBzzloii2ivvF3N0jkhKQ,9SslakbhAyIw-GuTVjrGvg
195,onefinestay,Vacation Rentals,,,52 Walker St,40.7271179,-74.0075051,,
196,New York Habitat,Vacation Rentals,,,307 7th Ave,40.74687,-73.99342,,
197,The Plaza,Venues & Event Spaces,3.5,$$$$,768 5th Ave,40.7644638970122,-73.97448837025816,https://www.yelp.com/biz/the-plaza-new-york-2?adjust_creative=-uBzzloii2ivvF3N0jkhKQ&utm_campaign=yelp_api_v3&utm_medium=api_v3_business_search&utm_source=-uBzzloii2ivvF3N0jkhKQ,FA5giJYhqdTkjsT695TqVg
198,Adria Hotel & Conference Center,Venues & Event Spaces,3.0,$$,221-17 Northern Blvd,40.762022,-73.759912,https://www.yelp.com/biz/adria-hotel-and-conference-center-bayside-2?adjust_creative=-uBzzloii2ivvF3N0jkhKQ&utm_campaign=yelp_api_v3&utm_medium=api_v3_business_search&utm_source=-uBzzloii2ivvF3N0jkhKQ,1oGQ4x_FsjerKesJxUUWIA
199,Holiday Inn New York City - Times Square,Venues & Event Spaces,3.5,$$,585 8th Ave,40.7552201713802,-73.99166295480103,https://www.yelp.com/biz/holiday-inn-new-york-city-times-square-new-york?adjust_creative=-uBzzloii2ivvF3N0jkhKQ&utm_campaign=yelp_api_v3&utm_medium=api_v3_business_search&utm_source=-uBzzloii2ivvF3N0jkhKQ,2y_P9Wg-BQaWDRNyLS9ckA
