,Hotel,Type,Rating,Price,Address,Lat,Lng,url,ID
0,Seven Dials Hotel,Bed & Breakfast,,,7 Monmouth Street,51.5149,-0.126723,,
1,69TheGrove,Bed & Breakfast,,,69 Vauxhall Grove,51.4848899841309,-0.120852999389172,,
2,The Dining Room at The Goring Hotel,British,4.0,££££,15 Beeston Place,51.497484,-0.145575,https://www.yelp.com/biz/the-dining-room-at-the-goring-hotel-london?adjust_creative=-uBzzloii2ivvF3N0jkhKQ&utm_campaign=yelp_api_v3&utm_medium=api_v3_business_search&utm_source=-uBzzloii2ivvF3N0jkhKQ,fJ1G0mb0EMQ3qBlx9dRv9g
3,Hotel Chocolat,Chocolatiers & Shops,4.5,££,4 Monmouth Street,51.5147637621008,-0.126961926387449,https://www.yelp.com/biz/hotel-chocolat-london-19?adjust_creative=-uBzzloii2ivvF3N0jkhKQ&utm_campaign=yelp_api_v3&utm_medium=api_v3_business_search&utm_source=-uBzzloii2ivvF3N0jkhKQ,n5qSC3ssty-SFuI7CcFbBw
4,Hampstead Village Guest House,Guest Houses,3.5,£££,2 Kemplay Road,51.5558066,-0.172092,https://www.yelp.com/biz/hampstead-village-guest-house-london?adjust_creative=-uBzzloii2ivvF3N0jkhKQ&utm_campaign=yelp_api_v3&utm_medium=api_v3_business_search&utm_source=-uBzzloii2ivvF3N0jkhKQ,0wGix_lvipMqeu9p64r3Dg
5,The Hoxton - Shoreditch,Hotels,4.5,££,81-83 Great Eastern Street,51.5255813407725,-0.0828488618135452,https://www.yelp.com/biz/the-hoxton-shoreditch-london?adjust_creative=-uBzzloii2ivvF3N0jkhKQ&utm_campaign=yelp_api_v3&utm_medium=api_v3_business_search&utm_source=-uBzzloii2ivvF3N0jkhKQ,eCS9km_3I4yQZ4x6dpFdCA
6,Aster House,Hotels,4.5,£££,3 Sumner Place,51.4925736,-0.1754493,https://www.yelp.com/biz/aster-house-london?adjust_creative=-uBzzloii2ivvF3N0jkhKQ&utm_campaign=yelp_api_v3&utm_medium=api_v3_business_search&utm_source=-uBzzloii2ivvF3N0jkhKQ,6nApL63kBo4oEFA-H3PMzw
7,Blair Victoria,Hotels,1.0,£,78-84 Warwick Way,51.4914437,-0.14212,https://www.yelp.com/biz/blair-victoria-london?adjust_creative=-uBzzloii2ivvF3N0jkhKQ&utm_campaign=yelp_api_v3&utm_medium=api_v3_business_search&utm_source=-uBzzloii2ivvF3N0jkhKQ,AaByHFUY2eLbN9T-0JpDrQ
8,The Marylebone Hotel,Hotels,4.0,£££,47 Welbeck Street,51.5180684097082,-0.149774551391602,https://www.yelp.com/biz/the-marylebone-hotel-london?adjust_creative=-uBzzloii2ivvF3N0jkhKQ&utm_campaign=yelp_api_v3&utm_medium=api_v3_business_search&utm_source=-uBzzloii2ivvF3N0jkhKQ,NDkrcHjLSobKPzbwFLF3Vw
9,COMO The Halkin,Hotels,5.0,£££,Halkin Street,51.500831,-0.151952,https://www.yelp.com/biz/como-the-halkin-london?adjust_creative=-uBzzloii2ivvF3N0jkhKQ&utm_campaign=yelp_api_v3&utm_medium=api_v3_business_search&utm_source=-uBzzloii2ivvF3N0jkhKQ,OKMKLgs8iVNQ9lU51UPDSQ
10,Hotel Café Royal,Hotels,4.5,£££,68 Regent Street,51.510171,-0.135962,https://www.yelp.com/biz/hotel-caf%C3%A9-royal-london?adjust_creative=-uBzzloii2ivvF3N0jkhKQ&utm_campaign=yelp_api_v3&utm_medium=api_v3_business_search&utm_source=-uBzzloii2ivvF3N0jkhKQ,t9-_U2-WmaIee3XDB0Tz0w
11,K+K Hotel George,Hotels,4.5,££,1-15 Templeton Place,51.4921,-0.19529,https://www.yelp.com/biz/k-k-hotel-george-london-2?adjust_creative=-uBzzloii2ivvF3N0jkhKQ&utm_campaign=yelp_api_v3&utm_medium=api_v3_business_search&utm_source=-uBzzloii2ivvF3N0jkhKQ,1H9Uqnpqti9rPZ4B2Pw7fQ
12,The Z Hotel ,Hotels,4.0,££,136-144 City Road,51.5268102,-0.0883364,https://www.yelp.com/biz/the-z-hotel-london-2?adjust_creative=-uBzzloii2ivvF3N0jkhKQ&utm_campaign=yelp_api_v3&utm_medium=api_v3_business_search&utm_source=-uBzzloii2ivvF3N0jkhKQ,0rTsnYGt_8u7yxs8Xg6Ufw
13,Holiday Inn ,Hotels,3.5,££,3 Berkeley Street,51.5077090319947,-0.142347367024516,https://www.yelp.com/biz/holiday-inn-london-5?adjust_creative=-uBzzloii2ivvF3N0jkhKQ&utm_campaign=yelp_api_v3&utm_medium=api_v3_business_search&utm_source=-uBzzloii2ivvF3N0jkhKQ,ZAxCJK2r9Okx5nTjGGf-rw
14,DORSETT,Hotels,4.0,££,58 Shepherds Bush Green,51.5040567,-0.2246746,https://www.yelp.com/biz/dorsett-london-2?adjust_creative=-uBzzloii2ivvF3N0jkhKQ&utm_campaign=yelp_api_v3&utm_medium=api_v3_business_search&utm_source=-uBzzloii2ivvF3N0jkhKQ,AW3ZBSBgVBYU3k6nWi7ygg
15,Le Méridien Piccadilly,Hotels,3.0,£££,21 Piccadilly,51.5093994,-0.1361945,https://www.yelp.com/biz/le-m%C3%A9ridien-piccadilly-london?adjust_creative=-uBzzloii2ivvF3N0jkhKQ&utm_campaign=yelp_api_v3&utm_medium=api_v3_business_search&utm_source=-uBzzloii2ivvF3N0jkhKQ,fj2D4LRLkblHynX69HxrZg
16,Camden Lock Hotel,Hotels,2.5,££,89 Chalk Farm Road,51.5437777,-0.152007,https://www.yelp.com/biz/camden-lock-hotel-london?adjust_creative=-uBzzloii2ivvF3N0jkhKQ&utm_campaign=yelp_api_v3&utm_medium=api_v3_business_search&utm_source=-uBzzloii2ivvF3N0jkhKQ,dXSFdmrYx_vgsSV4Z0ZXZQ
17,Citadines St Mark's London,Hotels,4.0,£££,300 City Road,51.5298483055582,-0.098963603561546,https://www.yelp.com/biz/citadines-st-marks-london-london?adjust_creative=-uBzzloii2ivvF3N0jkhKQ&utm_campaign=yelp_api_v3&utm_medium=api_v3_business_search&utm_source=-uBzzloii2ivvF3N0jkhKQ,cDrLSCzqconeKxJHnnBt0A
18,The Grand at Trafalgar Square,Hotels,4.0,££,8 Northumberland Ave,51.5071479913617,-0.126278438630075,https://www.yelp.com/biz/the-grand-at-trafalgar-square-london?adjust_creative=-uBzzloii2ivvF3N0jkhKQ&utm_campaign=yelp_api_v3&utm_medium=api_v3_business_search&utm_source=-uBzzloii2ivvF3N0jkhKQ,Jy9zg1ZTwd3eqMd6DLWH0Q
19,Morgan Hotel,Hotels,5.0,££,24 Bloomsbury Street,51.5180446,-0.1275755,https://www.yelp.com/biz/morgan-hotel-london?adjust_creative=-uBzzloii2ivvF3N0jkhKQ&utm_campaign=yelp_api_v3&utm_medium=api_v3_business_search&utm_source=-uBzzloii2ivvF3N0jkhKQ,N8oLZIUrKK8Ksgsn2xa3aw
20,DoubleTree By Hilton Hotel London - Victoria,Hotels,3.5,£££,2 Bridge Place,51.4939289134206,-0.143322030594069,https://www.yelp.com/biz/doubletree-by-hilton-hotel-london-victoria-london-4?adjust_creative=-uBzzloii2ivvF3N0jkhKQ&utm_campaign=yelp_api_v3&utm_medium=api_v3_business_search&utm_source=-uBzzloii2ivvF3N0jkhKQ,wvO3KoWHOZW4sMebZohsjw
21,Country Inns & Suites,Hotels,1.5,£££,110 Great Russell Street,51.5175138,-0.1294779,https://www.yelp.com/biz/country-inns-and-suites-london?adjust_creative=-uBzzloii2ivvF3N0jkhKQ&utm_campaign=yelp_api_v3&utm_medium=api_v3_business_search&utm_source=-uBzzloii2ivvF3N0jkhKQ,R7jHFXhXNMaDBGBcmMPmUA
22,Residence Inn by Marriott London Kensington,Hotels,3.0,££,181-183 Warwick Rd,51.4936447143555,-0.20218800008297,https://www.yelp.com/biz/residence-inn-by-marriott-london-kensington-london?adjust_creative=-uBzzloii2ivvF3N0jkhKQ&utm_campaign=yelp_api_v3&utm_medium=api_v3_business_search&utm_source=-uBzzloii2ivvF3N0jkhKQ,CPArXY7C2-J9bPMdxImD8Q
23,The Bailey’s Hotel London,Hotels,3.5,££,140 Gloucester Road,51.4940067839874,-0.182480116717755,https://www.yelp.com/biz/the-baileys-hotel-london-london-3?adjust_creative=-uBzzloii2ivvF3N0jkhKQ&utm_campaign=yelp_api_v3&utm_medium=api_v3_business_search&utm_source=-uBzzloii2ivvF3N0jkhKQ,OQtI-q8Im3ix-eBoEOeeJQ
24,Holiday Inn London - Kensington,Hotels,2.5,£££,Wrights Lane,51.4988245259061,-0.191950977925019,https://www.yelp.com/biz/holiday-inn-london-kensington-london-2?adjust_creative=-uBzzloii2ivvF3N0jkhKQ&utm_campaign=yelp_api_v3&utm_medium=api_v3_business_search&utm_source=-uBzzloii2ivvF3N0jkhKQ,Ut5NZhcbl1bElj1JEIPmTg
25,London City Hotel,Hotels,4.0,££,200 Borough High Street,51.5011849,-0.0935363,https://www.yelp.com/biz/london-city-hotel-london?adjust_creative=-uBzzloii2ivvF3N0jkhKQ&utm_campaign=yelp_api_v3&utm_medium=api_v3_business_search&utm_source=-uBzzloii2ivvF3N0jkhKQ,7lcPj3CpX9bnXpHzvan79Q
26,Hilton London Metropole,Hotels,3.0,£££,225 Edgware Road,51.5193983134154,-0.169682935447581,https://www.yelp.com/biz/hilton-london-metropole-london-2?adjust_creative=-uBzzloii2ivvF3N0jkhKQ&utm_campaign=yelp_api_v3&utm_medium=api_v3_business_search&utm_source=-uBzzloii2ivvF3N0jkhKQ,Rgg191-6wVMZImQWmZX5Xg
27,Four Seasons Hotel,Hotels,3.5,££££,10 Trinity Square,51.510102,-0.07798,https://www.yelp.com/biz/four-seasons-hotel-london-7?adjust_creative=-uBzzloii2ivvF3N0jkhKQ&utm_campaign=yelp_api_v3&utm_medium=api_v3_business_search&utm_source=-uBzzloii2ivvF3N0jkhKQ,7IVdX6ZQ5VKosk7aMm9x3w
28,Wyndham Grand London Chelsea Harbour,Hotels,4.5,££££,Chelsea Harbour,51.4773654686125,-0.18584659580074,https://www.yelp.com/biz/wyndham-grand-london-chelsea-harbour-london-2?adjust_creative=-uBzzloii2ivvF3N0jkhKQ&utm_campaign=yelp_api_v3&utm_medium=api_v3_business_search&utm_source=-uBzzloii2ivvF3N0jkhKQ,oQFU_E6Ru1_s5jIJ9VdNNA
29,citizenM Tower of London,Hotels,4.0,££,40 Trinity Square,51.5102499752476,-0.0766607053971314,https://www.yelp.com/biz/citizenm-tower-of-london-london-2?adjust_creative=-uBzzloii2ivvF3N0jkhKQ&utm_campaign=yelp_api_v3&utm_medium=api_v3_business_search&utm_source=-uBzzloii2ivvF3N0jkhKQ,cvcqMWT-1bQZWmnavCrTiQ
30,Hotel Montana,Hotels,4.0,£,16-17 Argyle Square,51.5291364,-0.1217579,https://www.yelp.com/biz/hotel-montana-london?adjust_creative=-uBzzloii2ivvF3N0jkhKQ&utm_campaign=yelp_api_v3&utm_medium=api_v3_business_search&utm_source=-uBzzloii2ivvF3N0jkhKQ,BCnri2b-wmuIzmivwAMhKg
31,"The Waldorf Hilton, London",Hotels,3.5,£££,Aldwych,51.512569,-0.118935,https://www.yelp.com/biz/the-waldorf-hilton-london-london-4?adjust_creative=-uBzzloii2ivvF3N0jkhKQ&utm_campaign=yelp_api_v3&utm_medium=api_v3_business_search&utm_source=-uBzzloii2ivvF3N0jkhKQ,eicqrtoLRue0kvyiBVo9vQ
32,Royal Park Hotel,Hotels,4.5,£££,3 Westbourne Terrace,51.5140501,-0.1765312,https://www.yelp.com/biz/royal-park-hotel-london?adjust_creative=-uBzzloii2ivvF3N0jkhKQ&utm_campaign=yelp_api_v3&utm_medium=api_v3_business_search&utm_source=-uBzzloii2ivvF3N0jkhKQ,3KYZAtAgFqjIESnPGBt2Jw
33,Travelodge,Hotels,3.5,£,Unit 1,51.5225814036872,-0.0869478787353308,https://www.yelp.com/biz/travelodge-london-23?adjust_creative=-uBzzloii2ivvF3N0jkhKQ&utm_campaign=yelp_api_v3&utm_medium=api_v3_business_search&utm_source=-uBzzloii2ivvF3N0jkhKQ,O_oje-iRyBY-SpYlrO3VKg
34,The Goring,Hotels,4.5,££££,15 Beeston Place,51.49762,-0.145632,https://www.yelp.com/biz/the-goring-london?adjust_creative=-uBzzloii2ivvF3N0jkhKQ&utm_campaign=yelp_api_v3&utm_medium=api_v3_business_search&utm_source=-uBzzloii2ivvF3N0jkhKQ,-Uyd8UlBLO6lqPC8VK9INg
35,The May Fair Hotel,Hotels,3.5,£££,May Fair Hotel,51.50814,-0.143972,https://www.yelp.com/biz/the-may-fair-hotel-london-3?adjust_creative=-uBzzloii2ivvF3N0jkhKQ&utm_campaign=yelp_api_v3&utm_medium=api_v3_business_search&utm_source=-uBzzloii2ivvF3N0jkhKQ,1ZVWnxQW5GFxtQnXNzN3ZQ
36,Sheraton Grand London Park Lane,Hotels,3.5,£££,Piccadilly,51.5045999,-0.1469917,https://www.yelp.com/biz/sheraton-grand-london-park-lane-london-2?adjust_creative=-uBzzloii2ivvF3N0jkhKQ&utm_campaign=yelp_api_v3&utm_medium=api_v3_business_search&utm_source=-uBzzloii2ivvF3N0jkhKQ,ugLZ4kaMSHiUjkt36XxqRA
37,Lancaster Hall Hotel,Hotels,4.5,£,35 Craven Terrace,51.5132116234142,-0.179161089618674,https://www.yelp.com/biz/lancaster-hall-hotel-london?adjust_creative=-uBzzloii2ivvF3N0jkhKQ&utm_campaign=yelp_api_v3&utm_medium=api_v3_business_search&utm_source=-uBzzloii2ivvF3N0jkhKQ,OBqwCUsR2nLyThpB4U-log
38,The Draycott,Hotels,5.0,£££,26 Cadogan Gardens,51.4930610656738,-0.159959003329277,https://www.yelp.com/biz/the-draycott-london?adjust_creative=-uBzzloii2ivvF3N0jkhKQ&utm_campaign=yelp_api_v3&utm_medium=api_v3_business_search&utm_source=-uBzzloii2ivvF3N0jkhKQ,jEa-BJscV6RIxatz335sAw
39,Oakley Hotel,Hotels,3.5,££,73 Oakley Street,51.484772,-0.168646,https://www.yelp.com/biz/oakley-hotel-london?adjust_creative=-uBzzloii2ivvF3N0jkhKQ&utm_campaign=yelp_api_v3&utm_medium=api_v3_business_search&utm_source=-uBzzloii2ivvF3N0jkhKQ,iE6JM0o8ALjlB76QvjH20A
40,The Westbourne Hyde Park,Hotels,5.0,££,51 Gloucester Terrace,51.5127872,-0.17727,https://www.yelp.com/biz/the-westbourne-hyde-park-london?adjust_creative=-uBzzloii2ivvF3N0jkhKQ&utm_campaign=yelp_api_v3&utm_medium=api_v3_business_search&utm_source=-uBzzloii2ivvF3N0jkhKQ,5KiFZa-m4bS8KQoYbnBgsQ
41,Charlies Hotel,Hotels,4.0,£,63 Anson Road,51.5553807,-0.1298956,https://www.yelp.com/biz/charlies-hotel-london?adjust_creative=-uBzzloii2ivvF3N0jkhKQ&utm_campaign=yelp_api_v3&utm_medium=api_v3_business_search&utm_source=-uBzzloii2ivvF3N0jkhKQ,Uyat8azSbi1oCNDWrbGvdw
42,11 Cadogan Gardens,Hotels,4.5,££,11 Cadogan Gardens,51.493533704065,-0.159166531174037,https://www.yelp.com/biz/11-cadogan-gardens-london?adjust_creative=-uBzzloii2ivvF3N0jkhKQ&utm_campaign=yelp_api_v3&utm_medium=api_v3_business_search&utm_source=-uBzzloii2ivvF3N0jkhKQ,ufKzcskvO65818nmiU7dHg
43,Brown's Hotel,Hotels,4.0,£££,30 Albemarle Street,51.5091761,-0.1422935,https://www.yelp.com/biz/browns-hotel-london?adjust_creative=-uBzzloii2ivvF3N0jkhKQ&utm_campaign=yelp_api_v3&utm_medium=api_v3_business_search&utm_source=-uBzzloii2ivvF3N0jkhKQ,PpTb-RwM8yqtq6mtOn6Yuw
44,Alhambra Hotel,Hotels,4.0,££,17-19 Argyle Street,51.5293381,-0.1236626,https://www.yelp.com/biz/alhambra-hotel-london?adjust_creative=-uBzzloii2ivvF3N0jkhKQ&utm_campaign=yelp_api_v3&utm_medium=api_v3_business_search&utm_source=-uBzzloii2ivvF3N0jkhKQ,SJZbFo89ONAvHujafLbGdQ
45,Holiday Inn ,Hotels,3.5,££,Carburton Street,51.5225489331923,-0.142724030932378,https://www.yelp.com/biz/holiday-inn-london-27?adjust_creative=-uBzzloii2ivvF3N0jkhKQ&utm_campaign=yelp_api_v3&utm_medium=api_v3_business_search&utm_source=-uBzzloii2ivvF3N0jkhKQ,hLzmh0Lq2cHJDDntlnNeuw
46,"The Standard, London",Hotels,,,10 Argyle Street,51.5294399,-0.1241796,,
47,Premier Travel Inn,Hotels,2.0,£££,215 Haverstock Hill,51.551546,-0.167221,https://www.yelp.com/biz/premier-travel-inn-london-7?adjust_creative=-uBzzloii2ivvF3N0jkhKQ&utm_campaign=yelp_api_v3&utm_medium=api_v3_business_search&utm_source=-uBzzloii2ivvF3N0jkhKQ,-tF5AziiEuDVKS75tkd9mg
48,"The Biltmore Mayfair, LXR Hotels & Resorts",Hotels,,,44 Grosvenor Square,51.51084523852935,-0.1508711552267935,,
49,Cote Marylebone,Hotels,5.0,£££,26-27 Devonshire Street,51.5212173,-0.1515591,https://www.yelp.com/biz/cote-marylebone-london?adjust_creative=-uBzzloii2ivvF3N0jkhKQ&utm_campaign=yelp_api_v3&utm_medium=api_v3_business_search&utm_source=-uBzzloii2ivvF3N0jkhKQ,E4xZ9OAk4HlHmh6iDFLOLA
50,Apex City of London Hotel,Hotels,4.5,££,1 Seething Lane,51.5105825,-0.0793204,https://www.yelp.com/biz/apex-city-of-london-hotel-london-2?adjust_creative=-uBzzloii2ivvF3N0jkhKQ&utm_campaign=yelp_api_v3&utm_medium=api_v3_business_search&utm_source=-uBzzloii2ivvF3N0jkhKQ,IIh4xw679d5LesxgElr-0Q
51,Radisson,Hotels,4.0,£££,20 Mercer Street,51.513951,-0.127117,https://www.yelp.com/biz/radisson-london?adjust_creative=-uBzzloii2ivvF3N0jkhKQ&utm_campaign=yelp_api_v3&utm_medium=api_v3_business_search&utm_source=-uBzzloii2ivvF3N0jkhKQ,87L4PxozU_bncE7SHHkelQ
52,Shaftesbury Hotel - Best Western,Hotels,3.0,£££,65-73 Shaftesbury Avenue,51.512231,-0.131919,https://www.yelp.com/biz/shaftesbury-hotel-best-western-london?adjust_creative=-uBzzloii2ivvF3N0jkhKQ&utm_campaign=yelp_api_v3&utm_medium=api_v3_business_search&utm_source=-uBzzloii2ivvF3N0jkhKQ,zgPuvg8bnOj6pmYsVTcSsQ
53,Hub by Premier Inn,Hotels,,,50 Wharfdale Rd,51.5336638077301,-0.122056831444198,,
54,DoubleTree by Hilton Angel Kings Cross,Hotels,3.5,££,60 Pentonville Road,51.532128967364,-0.10958376945557,https://www.yelp.com/biz/doubletree-by-hilton-angel-kings-cross-london?adjust_creative=-uBzzloii2ivvF3N0jkhKQ&utm_campaign=yelp_api_v3&utm_medium=api_v3_business_search&utm_source=-uBzzloii2ivvF3N0jkhKQ,gq5QtaEPoMa9IY2sBKFZzg
55,The Curtain,Hotels,4.5,££,45 Curtain Rd,51.5236988173443,-0.0806030631065369,https://www.yelp.com/biz/the-curtain-london?adjust_creative=-uBzzloii2ivvF3N0jkhKQ&utm_campaign=yelp_api_v3&utm_medium=api_v3_business_search&utm_source=-uBzzloii2ivvF3N0jkhKQ,VO3LfCg4ueYzKKx-PwG-Wg
56,Thanet Hotel,Hotels,4.0,££,8 Bedford Place,51.5201551,-0.12396,https://www.yelp.com/biz/thanet-hotel-london?adjust_creative=-uBzzloii2ivvF3N0jkhKQ&utm_campaign=yelp_api_v3&utm_medium=api_v3_business_search&utm_source=-uBzzloii2ivvF3N0jkhKQ,rsKWux6LkLSIrXMYoNmgdg
57,Lincoln House Hotel,Hotels,4.0,££,33 Gloucester Place,51.51759,-0.158048,https://www.yelp.com/biz/lincoln-house-hotel-london?adjust_creative=-uBzzloii2ivvF3N0jkhKQ&utm_campaign=yelp_api_v3&utm_medium=api_v3_business_search&utm_source=-uBzzloii2ivvF3N0jkhKQ,vCnwGIj73ixitVM5lA_cFQ
58,Sea Containers London,Hotels,,,20 Upper Ground,51.508145,-0.106668,,
59,40 Winks,Hotels,4.5,£££,109 Mile End Rd,51.5214767456055,-0.0512520000338554,https://www.yelp.com/biz/40-winks-london?adjust_creative=-uBzzloii2ivvF3N0jkhKQ&utm_campaign=yelp_api_v3&utm_medium=api_v3_business_search&utm_source=-uBzzloii2ivvF3N0jkhKQ,K6OT5WL5icTezcNhy_qimw
60,Travelodge,Hotels,4.0,£,Willings House 356-364,51.5301395893589,-0.120352728472182,https://www.yelp.com/biz/travelodge-london-15?adjust_creative=-uBzzloii2ivvF3N0jkhKQ&utm_campaign=yelp_api_v3&utm_medium=api_v3_business_search&utm_source=-uBzzloii2ivvF3N0jkhKQ,EujiHYtcngGm7UFif9tNEg
61,Blue Orchid Rochester Hotel,Hotels,3.5,££,69 Vincent Square,51.4942672,-0.1366295,https://www.yelp.com/biz/blue-orchid-rochester-hotel-london?adjust_creative=-uBzzloii2ivvF3N0jkhKQ&utm_campaign=yelp_api_v3&utm_medium=api_v3_business_search&utm_source=-uBzzloii2ivvF3N0jkhKQ,BjEqTF-lcPSvanwl20U1sg
62,Club Quarters,Hotels,4.0,££,8 Northumberland Avenue,51.5069599284465,-0.126023153127242,https://www.yelp.com/biz/club-quarters-london-4?adjust_creative=-uBzzloii2ivvF3N0jkhKQ&utm_campaign=yelp_api_v3&utm_medium=api_v3_business_search&utm_source=-uBzzloii2ivvF3N0jkhKQ,Vp8V6u9VooYcnEJBv4WvAA
63,Batty Langley's,Hotels,5.0,££££,12 Folgate Street,51.5210115062075,-0.0783524139418201,https://www.yelp.com/biz/batty-langleys-spitalfields?adjust_creative=-uBzzloii2ivvF3N0jkhKQ&utm_campaign=yelp_api_v3&utm_medium=api_v3_business_search&utm_source=-uBzzloii2ivvF3N0jkhKQ,hyL2TF3aKk7MoPpJ2HUWTg
64,The Belgrave,Hotels,4.0,£££,80-86 Belgrave Road,51.4901569,-0.1380582,https://www.yelp.com/biz/the-belgrave-london?adjust_creative=-uBzzloii2ivvF3N0jkhKQ&utm_campaign=yelp_api_v3&utm_medium=api_v3_business_search&utm_source=-uBzzloii2ivvF3N0jkhKQ,OVKglwMXLS6R11voWK8zZw
65,Avo Hotel,Hotels,5.0,££,82 Dalston Lane,51.546015418581,-0.070138334191739,https://www.yelp.com/biz/avo-hotel-london?adjust_creative=-uBzzloii2ivvF3N0jkhKQ&utm_campaign=yelp_api_v3&utm_medium=api_v3_business_search&utm_source=-uBzzloii2ivvF3N0jkhKQ,wTBMqoXdAzSt6XBAZukEYg
66,Afternoon Tea,Hotels,5.0,£££,17-19 Egerton Terrace,51.4969179,-0.1676494,https://www.yelp.com/biz/afternoon-tea-london-20?adjust_creative=-uBzzloii2ivvF3N0jkhKQ&utm_campaign=yelp_api_v3&utm_medium=api_v3_business_search&utm_source=-uBzzloii2ivvF3N0jkhKQ,LFa3sOKHuXuGpuMM8TDapQ
67,Travelodge,Hotels,,,High Street,51.5727,-0.149778,,
68,The Georgian House,Hotels,3.0,£££,37 St Georges Drive,51.4904958,-0.1438013,https://www.yelp.com/biz/the-georgian-house-london?adjust_creative=-uBzzloii2ivvF3N0jkhKQ&utm_campaign=yelp_api_v3&utm_medium=api_v3_business_search&utm_source=-uBzzloii2ivvF3N0jkhKQ,n_HgrUGU9WT91mSlBEYEHg
69,Sir Alfred Hitchcock Hotel,Hotels,4.0,£,147 Whipps Cross Road,51.5767298,0.0116831,https://www.yelp.com/biz/sir-alfred-hitchcock-hotel-london?adjust_creative=-uBzzloii2ivvF3N0jkhKQ&utm_campaign=yelp_api_v3&utm_medium=api_v3_business_search&utm_source=-uBzzloii2ivvF3N0jkhKQ,-xh3JmyLCMXkvfZH0L7P6Q
70,Byron Hotel,Hotels,3.5,££,36-38 Queensborough Terrace,51.5119742,-0.1851357,https://www.yelp.com/biz/byron-hotel-london?adjust_creative=-uBzzloii2ivvF3N0jkhKQ&utm_campaign=yelp_api_v3&utm_medium=api_v3_business_search&utm_source=-uBzzloii2ivvF3N0jkhKQ,x_dRbLQcslBL3eFJ1YEj0g
71,Apex Temple Court Hotel,Hotels,4.5,£££,1-2 Serjeants' Inn,51.5137832,-0.1088746,https://www.yelp.com/biz/apex-temple-court-hotel-london?adjust_creative=-uBzzloii2ivvF3N0jkhKQ&utm_campaign=yelp_api_v3&utm_medium=api_v3_business_search&utm_source=-uBzzloii2ivvF3N0jkhKQ,4aR691JVCwVCsDfLgnQvsw
72,Crowne Plaza London - Kings Cross,Hotels,,,1 King's Cross Road,51.5263854,-0.1136042,,
73,Piccadilly Hotel,Hotels,2.5,£,12 Sherwood Street,51.511192,-0.135579,https://www.yelp.com/biz/piccadilly-hotel-london?adjust_creative=-uBzzloii2ivvF3N0jkhKQ&utm_campaign=yelp_api_v3&utm_medium=api_v3_business_search&utm_source=-uBzzloii2ivvF3N0jkhKQ,EoUO9kzjHt_HBmBTxHZRfQ
74,The Rookery,Hotels,4.0,£££,12 Peter's Lane,51.52033,-0.1022499,https://www.yelp.com/biz/the-rookery-london?adjust_creative=-uBzzloii2ivvF3N0jkhKQ&utm_campaign=yelp_api_v3&utm_medium=api_v3_business_search&utm_source=-uBzzloii2ivvF3N0jkhKQ,9h8s3Zq1sKzpRwPd4bXFow
75,Hotel La Gaffe,Hotels,5.0,££,107-111 Heath Street,51.5593645,-0.1785256,https://www.yelp.com/biz/hotel-la-gaffe-london?adjust_creative=-uBzzloii2ivvF3N0jkhKQ&utm_campaign=yelp_api_v3&utm_medium=api_v3_business_search&utm_source=-uBzzloii2ivvF3N0jkhKQ,7nWuz48vCnuMrSwe_bD2Yw
76,Holiday Inn London - Oxford Circus,Hotels,,,57-59 Welbeck St,51.5148920933946,-0.147197170135479,,
77,The Rubens at the Palace,Hotels,4.5,£££,39 Buckingham Palace Road,51.49826525,-0.14349978,https://www.yelp.com/biz/the-rubens-at-the-palace-london?adjust_creative=-uBzzloii2ivvF3N0jkhKQ&utm_campaign=yelp_api_v3&utm_medium=api_v3_business_search&utm_source=-uBzzloii2ivvF3N0jkhKQ,Kfd_kXdY_dyyx2FJBXVXTw
78,Nobu Hotel Shoreditch,Hotels,4.0,££££,10-50 Willow Street,51.5250722,-0.0826811,https://www.yelp.com/biz/nobu-hotel-shoreditch-london?adjust_creative=-uBzzloii2ivvF3N0jkhKQ&utm_campaign=yelp_api_v3&utm_medium=api_v3_business_search&utm_source=-uBzzloii2ivvF3N0jkhKQ,OPtqyoClLHUMo5Tr3Os4kQ
79,.Kip,Hotels,5.0,££,7-19 Amhurst Road,51.5472762163796,-0.0562167540192604,https://www.yelp.com/biz/kip-london?adjust_creative=-uBzzloii2ivvF3N0jkhKQ&utm_campaign=yelp_api_v3&utm_medium=api_v3_business_search&utm_source=-uBzzloii2ivvF3N0jkhKQ,JW_eJ4yzxjL46uUQbaZ7-w
80,Pullman Hotel,Hotels,4.5,£££,100 - 110 Euston Road,51.5287433066088,-0.127791479939421,https://www.yelp.com/biz/pullman-hotel-london-2?adjust_creative=-uBzzloii2ivvF3N0jkhKQ&utm_campaign=yelp_api_v3&utm_medium=api_v3_business_search&utm_source=-uBzzloii2ivvF3N0jkhKQ,dG-JrtF8aNFU5fFHvQzdMw
81,No Ten Manchester Street Hotel,Hotels,4.0,£££,10 Manchester Street,51.5187995,-0.1538386,https://www.yelp.com/biz/no-ten-manchester-street-hotel-london?adjust_creative=-uBzzloii2ivvF3N0jkhKQ&utm_campaign=yelp_api_v3&utm_medium=api_v3_business_search&utm_source=-uBzzloii2ivvF3N0jkhKQ,-BcaEVNIiQgi6rXb57Rjrg
82,Plaza On the River Hotel,Hotels,3.5,£££,,51.5002,-0.126236,https://www.yelp.com/biz/plaza-on-the-river-hotel-london?adjust_creative=-uBzzloii2ivvF3N0jkhKQ&utm_campaign=yelp_api_v3&utm_medium=api_v3_business_search&utm_source=-uBzzloii2ivvF3N0jkhKQ,jRduIw5aVQ8fO00Ta3wU8g
83,The Holmes Hotel,Hotels,3.5,££,83 Chiltern Street,51.5210546187993,-0.156072708598344,https://www.yelp.com/biz/the-holmes-hotel-london?adjust_creative=-uBzzloii2ivvF3N0jkhKQ&utm_campaign=yelp_api_v3&utm_medium=api_v3_business_search&utm_source=-uBzzloii2ivvF3N0jkhKQ,eRsagtXFoJIBiszGWG8mQQ
84,Hilton Garden Inn London Heathrow Terminals 2 and 3,Hotels,,,Heathrow T2,51.4697872006383,-0.453528299079608,,
85,Regency House Hotel,Hotels,3.5,££,71 Gower Street Bloomsbury,51.5216848,-0.1321776,https://www.yelp.com/biz/regency-house-hotel-london-2?adjust_creative=-uBzzloii2ivvF3N0jkhKQ&utm_campaign=yelp_api_v3&utm_medium=api_v3_business_search&utm_source=-uBzzloii2ivvF3N0jkhKQ,Ttvhy6KPXVtGQh8yopHstQ
86,The Beaumont,Hotels,4.5,£££,8 Balderton Street,51.51306,-0.152256,https://www.yelp.com/biz/the-beaumont-london-2?adjust_creative=-uBzzloii2ivvF3N0jkhKQ&utm_campaign=yelp_api_v3&utm_medium=api_v3_business_search&utm_source=-uBzzloii2ivvF3N0jkhKQ,O_d-P1JDlElAdcIvMsqwcQ
87,Knightsbridge Hotel,Hotels,4.5,£££,10 Beaufort Gardens,51.4981661,-0.1642037,https://www.yelp.com/biz/knightsbridge-hotel-london?adjust_creative=-uBzzloii2ivvF3N0jkhKQ&utm_campaign=yelp_api_v3&utm_medium=api_v3_business_search&utm_source=-uBzzloii2ivvF3N0jkhKQ,b6nFTqY896qVuKjGmRt2iw
88,Hilton London Hyde Park,Hotels,3.0,££,129 Bayswater Road,51.5104863798633,-0.187543331119741,https://www.yelp.com/biz/hilton-london-hyde-park-london-2?adjust_creative=-uBzzloii2ivvF3N0jkhKQ&utm_campaign=yelp_api_v3&utm_medium=api_v3_business_search&utm_source=-uBzzloii2ivvF3N0jkhKQ,JipTk5aigtfNIoJ8vmIK-Q
89,Dean Street Townhouse,Hotels,4.0,£££,69-71 Dean st,51.51350193,-0.13258903,https://www.yelp.com/biz/dean-street-townhouse-london?adjust_creative=-uBzzloii2ivvF3N0jkhKQ&utm_campaign=yelp_api_v3&utm_medium=api_v3_business_search&utm_source=-uBzzloii2ivvF3N0jkhKQ,Lh2PswtgZdaZhbxg_YSUcw
90,Hampton By Hilton London Waterloo,Hotels,3.5,££,157 Waterloo Road,51.5008745782199,-0.10801792094101,https://www.yelp.com/biz/hampton-by-hilton-london-waterloo-london?adjust_creative=-uBzzloii2ivvF3N0jkhKQ&utm_campaign=yelp_api_v3&utm_medium=api_v3_business_search&utm_source=-uBzzloii2ivvF3N0jkhKQ,HOucp57m1eh-4JnwYC0lPQ
91,Cherry Court Hotel,Hotels,4.0,££,23 Hugh Street,51.4925203,-0.1450402,https://www.yelp.com/biz/cherry-court-hotel-london?adjust_creative=-uBzzloii2ivvF3N0jkhKQ&utm_campaign=yelp_api_v3&utm_medium=api_v3_business_search&utm_source=-uBzzloii2ivvF3N0jkhKQ,2QQbF5bre2duA2a_s7ekzQ
92,myhotel,Hotels,4.0,££,35 Ixworth Place,51.491938,-0.168589,https://www.yelp.com/biz/myhotel-london-2?adjust_creative=-uBzzloii2ivvF3N0jkhKQ&utm_campaign=yelp_api_v3&utm_medium=api_v3_business_search&utm_source=-uBzzloii2ivvF3N0jkhKQ,igsHBUp7ZQPOQ7EbgFkKRA
93,Grange Blooms Hotel,Hotels,,,7 Montague Street,51.5198687,-0.1259157,,
94,The Zetter Hotel,Hotels,4.0,£££,86-88 Clerkenwell Road,51.522758,-0.103696,https://www.yelp.com/biz/the-zetter-hotel-london?adjust_creative=-uBzzloii2ivvF3N0jkhKQ&utm_campaign=yelp_api_v3&utm_medium=api_v3_business_search&utm_source=-uBzzloii2ivvF3N0jkhKQ,cFPi4GEibfqa8bYkLcMOKw
95,The W14 Kensington,Hotels,4.0,£,16-22 Gunterstone Road,51.49159793,-0.21048263,https://www.yelp.com/biz/the-w14-kensington-west-kensington?adjust_creative=-uBzzloii2ivvF3N0jkhKQ&utm_campaign=yelp_api_v3&utm_medium=api_v3_business_search&utm_source=-uBzzloii2ivvF3N0jkhKQ,Q1ov9y1qyfBQ4QR26HMuGw
96,"The Capital Hotel, Apartments and Townhouse",Hotels,4.5,£££,22-24 Basil Street,51.49996,-0.16146,https://www.yelp.com/biz/the-capital-hotel-apartments-and-townhouse-london?adjust_creative=-uBzzloii2ivvF3N0jkhKQ&utm_campaign=yelp_api_v3&utm_medium=api_v3_business_search&utm_source=-uBzzloii2ivvF3N0jkhKQ,50xBkYgaecoki59YnBH7Yg
97,Millennium Hotel London Knightsbridge,Hotels,3.5,£££,17 Sloane Street,51.499921,-0.160193,https://www.yelp.com/biz/millennium-hotel-london-knightsbridge-london-3?adjust_creative=-uBzzloii2ivvF3N0jkhKQ&utm_campaign=yelp_api_v3&utm_medium=api_v3_business_search&utm_source=-uBzzloii2ivvF3N0jkhKQ,Lt8miEqCko0fZYsKA2IQkQ
98,Dolphin Square Hotel,Hotels,4.0,£££,Dolphin Square,51.4863,-0.136429,https://www.yelp.com/biz/dolphin-square-hotel-london?adjust_creative=-uBzzloii2ivvF3N0jkhKQ&utm_campaign=yelp_api_v3&utm_medium=api_v3_business_search&utm_source=-uBzzloii2ivvF3N0jkhKQ,sJ7eEgT45PExqhTSk8Ujqg
99,Jurys Clifton Ford Hotel,Hotels,,,47 Welbeck Street,51.5179939,-0.1497692,,
100,The Penn Club,Hotels,4.5,££,21-23 Bedford Place,51.5206450127812,-0.12505496414401,https://www.yelp.com/biz/the-penn-club-london?adjust_creative=-uBzzloii2ivvF3N0jkhKQ&utm_campaign=yelp_api_v3&utm_medium=api_v3_business_search&utm_source=-uBzzloii2ivvF3N0jkhKQ,B2g7OKPDNR8eiky0REueNQ
101,Sanctum Soho,Hotels,3.5,£££,20 Warwick Street,51.5116683,-0.1383868,https://www.yelp.com/biz/sanctum-soho-london?adjust_creative=-uBzzloii2ivvF3N0jkhKQ&utm_campaign=yelp_api_v3&utm_medium=api_v3_business_search&utm_source=-uBzzloii2ivvF3N0jkhKQ,R6v-A-TETGftAgOHTWOUhg
102,Conrad London St. James,Hotels,4.5,£££,22 - 28 Broadway,51.499352,-0.132922,https://www.yelp.com/biz/conrad-london-st-james-london-2?adjust_creative=-uBzzloii2ivvF3N0jkhKQ&utm_campaign=yelp_api_v3&utm_medium=api_v3_business_search&utm_source=-uBzzloii2ivvF3N0jkhKQ,TKh-jjknmqz8DeoFXtZZBw
103,The Soho Hotel,Hotels,4.0,£££,4 Richmond Mews,51.513944,-0.133896,https://www.yelp.com/biz/the-soho-hotel-london?adjust_creative=-uBzzloii2ivvF3N0jkhKQ&utm_campaign=yelp_api_v3&utm_medium=api_v3_business_search&utm_source=-uBzzloii2ivvF3N0jkhKQ,DBkxwMryWb2zvhRSu7wmBg
104,Corinthia Hotel London,Hotels,4.5,££££,Whitehall Place,51.5065361584961,-0.124341458197023,https://www.yelp.com/biz/corinthia-hotel-london-london-2?adjust_creative=-uBzzloii2ivvF3N0jkhKQ&utm_campaign=yelp_api_v3&utm_medium=api_v3_business_search&utm_source=-uBzzloii2ivvF3N0jkhKQ,62JNxqo1Rs9Q8UMT29v0vQ
105,Mandarin Oriental,Hotels,4.5,££££,66 Knightsbridge,51.502252452438,-0.160007139695516,https://www.yelp.com/biz/mandarin-oriental-london-2?adjust_creative=-uBzzloii2ivvF3N0jkhKQ&utm_campaign=yelp_api_v3&utm_medium=api_v3_business_search&utm_source=-uBzzloii2ivvF3N0jkhKQ,vRTIg2OnEFhWcSc0TXNMVg
106,Haymarket Hotel,Hotels,4.5,£££,1 Suffolk Place,51.5080197,-0.1311541,https://www.yelp.com/biz/haymarket-hotel-london?adjust_creative=-uBzzloii2ivvF3N0jkhKQ&utm_campaign=yelp_api_v3&utm_medium=api_v3_business_search&utm_source=-uBzzloii2ivvF3N0jkhKQ,wDe0JaxHJSKoQPwj1pyjxg
107,Andaz London Liverpool Street,Hotels,4.5,£££,40 Liverpool Street,51.5172135,-0.0813499,https://www.yelp.com/biz/andaz-london-liverpool-street-london-2?adjust_creative=-uBzzloii2ivvF3N0jkhKQ&utm_campaign=yelp_api_v3&utm_medium=api_v3_business_search&utm_source=-uBzzloii2ivvF3N0jkhKQ,KFTpdt_xnhv6dojj6bk2yg
108,LSE High Holborn Residence,Hotels,4.0,£,178 High Holborn,51.515647,-0.124927,https://www.yelp.com/biz/lse-high-holborn-residence-london?adjust_creative=-uBzzloii2ivvF3N0jkhKQ&utm_campaign=yelp_api_v3&utm_medium=api_v3_business_search&utm_source=-uBzzloii2ivvF3N0jkhKQ,mdw5yHXAGhvFtdxAj2EfcQ
109,Shangri La Hotel,Hotels,4.5,££££,At The Shard,51.5052532,-0.0869875,https://www.yelp.com/biz/shangri-la-hotel-london?adjust_creative=-uBzzloii2ivvF3N0jkhKQ&utm_campaign=yelp_api_v3&utm_medium=api_v3_business_search&utm_source=-uBzzloii2ivvF3N0jkhKQ,cPPCVTT_v0p5AcT4B3A82w
110,The Ampersand Hotel,Hotels,4.5,£££,10 Harrington Road,51.4943093699229,-0.1755579,https://www.yelp.com/biz/the-ampersand-hotel-london?adjust_creative=-uBzzloii2ivvF3N0jkhKQ&utm_campaign=yelp_api_v3&utm_medium=api_v3_business_search&utm_source=-uBzzloii2ivvF3N0jkhKQ,zRWecrLR6rjSkEkxoCvyCA
111,Limetree Hotel,Hotels,4.0,££,135-137 Ebury Street,51.4932719,-0.1500756,https://www.yelp.com/biz/limetree-hotel-london?adjust_creative=-uBzzloii2ivvF3N0jkhKQ&utm_campaign=yelp_api_v3&utm_medium=api_v3_business_search&utm_source=-uBzzloii2ivvF3N0jkhKQ,bq4MyM1GISMEE2JJA8LP1g
112,The Connaught,Hotels,4.5,££££,Carlos Place,51.5101556,-0.1496314,https://www.yelp.com/biz/the-connaught-london-2?adjust_creative=-uBzzloii2ivvF3N0jkhKQ&utm_campaign=yelp_api_v3&utm_medium=api_v3_business_search&utm_source=-uBzzloii2ivvF3N0jkhKQ,ol-qloaIQ1D8L75sx88G2A
113,Mile End Hotel,Hotels,,,51 Grove Road,51.5266128,-0.036171,,
114,Radisson Blu Edwardian Hampshire,Hotels,4.0,£££,31-36 Liecester Square,51.5098477563198,-0.129852334579805,https://www.yelp.com/biz/radisson-blu-edwardian-hampshire-london-2?adjust_creative=-uBzzloii2ivvF3N0jkhKQ&utm_campaign=yelp_api_v3&utm_medium=api_v3_business_search&utm_source=-uBzzloii2ivvF3N0jkhKQ,bqqtUZG_6913SWAMd597Ug
115,Hub Premier Inn,Hotels,4.5,£,15 Dacre Street,51.4989475320884,-0.132892395235955,https://www.yelp.com/biz/hub-premier-inn-london?adjust_creative=-uBzzloii2ivvF3N0jkhKQ&utm_campaign=yelp_api_v3&utm_medium=api_v3_business_search&utm_source=-uBzzloii2ivvF3N0jkhKQ,HBlUZe6f1y6BGTbA07wb2A
116,Henrietta,Hotels,,,14-15 Henrietta St,51.5110531,-0.1234376,,
117,Great Scotland Yard Hotel,Hotels,,,3-5 Great Scotland Yard,51.5062952700701,-0.12628510594368,,
118,The Ned,Hotels,4.0,£££,27 Poultry,51.5138261953983,-0.0899183012754747,https://www.yelp.com/biz/the-ned-london?adjust_creative=-uBzzloii2ivvF3N0jkhKQ&utm_campaign=yelp_api_v3&utm_medium=api_v3_business_search&utm_source=-uBzzloii2ivvF3N0jkhKQ,dds7MeCuHTxa5ikuuqoYQg
119,St Martins Lane Hotel,Hotels,4.0,£££,45 St Martin's Lane,51.510378,-0.1268051,https://www.yelp.com/biz/st-martins-lane-hotel-london-2?adjust_creative=-uBzzloii2ivvF3N0jkhKQ&utm_campaign=yelp_api_v3&utm_medium=api_v3_business_search&utm_source=-uBzzloii2ivvF3N0jkhKQ,SjGYpd_bzEYDW9PkMzvE_g
120,Sofitel ,Hotels,4.5,£££,6 Waterloo Place,51.507572834636,-0.13251408519246,https://www.yelp.com/biz/sofitel-london-3?adjust_creative=-uBzzloii2ivvF3N0jkhKQ&utm_campaign=yelp_api_v3&utm_medium=api_v3_business_search&utm_source=-uBzzloii2ivvF3N0jkhKQ,Fzl_brSsiw5IBnFU2o75lQ
121,Rosewood London,Hotels,4.5,££££,252 High Holborn,51.5174224898076,-0.117810666561127,https://www.yelp.com/biz/rosewood-london-london?adjust_creative=-uBzzloii2ivvF3N0jkhKQ&utm_campaign=yelp_api_v3&utm_medium=api_v3_business_search&utm_source=-uBzzloii2ivvF3N0jkhKQ,UDSI_z1-edmeNtg3YOy-SQ
122,"St. Ermin's Hotel, Autograph Collection",Hotels,4.0,£££,2 Caxton Street,51.4989304968664,-0.133800663215879,https://www.yelp.com/biz/st-ermins-hotel-autograph-collection-london?adjust_creative=-uBzzloii2ivvF3N0jkhKQ&utm_campaign=yelp_api_v3&utm_medium=api_v3_business_search&utm_source=-uBzzloii2ivvF3N0jkhKQ,LNDsn8gxFFiLMHTLo82pQA
123,The Fielding,Hotels,4.5,££,4 Broad Court,51.5139067879982,-0.121998639525867,https://www.yelp.com/biz/the-fielding-london?adjust_creative=-uBzzloii2ivvF3N0jkhKQ&utm_campaign=yelp_api_v3&utm_medium=api_v3_business_search&utm_source=-uBzzloii2ivvF3N0jkhKQ,79wQG7mK0fDppG6s59eIcQ
124,"The Hoxton, Holborn",Hotels,4.0,££,199 - 206 High Holborn,51.5172396196256,-0.122062552720325,https://www.yelp.com/biz/the-hoxton-holborn-london?adjust_creative=-uBzzloii2ivvF3N0jkhKQ&utm_campaign=yelp_api_v3&utm_medium=api_v3_business_search&utm_source=-uBzzloii2ivvF3N0jkhKQ,jtbgfUOhppBTZCLIpgK0bA
125,Mercure London Hyde Park Hotel,Hotels,,,8 - 14 Talbot Square,51.5150334,-0.1742911,,
126,Ham Yard Hotel,Hotels,4.5,£££,One Ham Yard,51.5111504,-0.1344988,https://www.yelp.com/biz/ham-yard-hotel-london?adjust_creative=-uBzzloii2ivvF3N0jkhKQ&utm_campaign=yelp_api_v3&utm_medium=api_v3_business_search&utm_source=-uBzzloii2ivvF3N0jkhKQ,9gfxX1sAq2j83cSiGQAVlA
127,London Marriott Hotel Park Lane,Hotels,4.5,£££,140 Park Lane,51.5130472305961,-0.157890279762221,https://www.yelp.com/biz/london-marriott-hotel-park-lane-london?adjust_creative=-uBzzloii2ivvF3N0jkhKQ&utm_campaign=yelp_api_v3&utm_medium=api_v3_business_search&utm_source=-uBzzloii2ivvF3N0jkhKQ,ordoxmuOAuK0dRySXjvZ8Q
128,Savoy Hotel,Hotels,4.5,££££,Strand,51.509711,-0.120045,https://www.yelp.com/biz/savoy-hotel-london?adjust_creative=-uBzzloii2ivvF3N0jkhKQ&utm_campaign=yelp_api_v3&utm_medium=api_v3_business_search&utm_source=-uBzzloii2ivvF3N0jkhKQ,iYn-qYHwQfjUABOr0E-K4g
129,Hotel 41,Hotels,5.0,££££,41 Buckingham Palace Road,51.49822327,-0.14352472,https://www.yelp.com/biz/hotel-41-london?adjust_creative=-uBzzloii2ivvF3N0jkhKQ&utm_campaign=yelp_api_v3&utm_medium=api_v3_business_search&utm_source=-uBzzloii2ivvF3N0jkhKQ,4bvjoUHcp5GEc61ZSDulEQ
130,The Ritz London,Hotels,4.0,££££,150 Piccadilly,51.5069729900444,-0.141605891449217,https://www.yelp.com/biz/the-ritz-london-london-2?adjust_creative=-uBzzloii2ivvF3N0jkhKQ&utm_campaign=yelp_api_v3&utm_medium=api_v3_business_search&utm_source=-uBzzloii2ivvF3N0jkhKQ,ppPfg4JyTThWDpk0dIOaoQ
131,The Z Hotel Piccadilly,Hotels,4.5,££,2 Orange Street,51.5089718,-0.1314339,https://www.yelp.com/biz/the-z-hotel-piccadilly-london?adjust_creative=-uBzzloii2ivvF3N0jkhKQ&utm_campaign=yelp_api_v3&utm_medium=api_v3_business_search&utm_source=-uBzzloii2ivvF3N0jkhKQ,w6xEsZey7lgaxR3uoKtyjw
132,The Kensington Hotel,Hotels,4.5,£££,109 - 113 Queen's Gate,51.492559,-0.1780645,https://www.yelp.com/biz/the-kensington-hotel-london?adjust_creative=-uBzzloii2ivvF3N0jkhKQ&utm_campaign=yelp_api_v3&utm_medium=api_v3_business_search&utm_source=-uBzzloii2ivvF3N0jkhKQ,hGJkHYD10mPIh-R_xrUQNg
133,DoubleTree by Hilton Hotel London - Hyde Park,Hotels,4.0,££,150 Bayswater Road,51.51009,-0.1903424,https://www.yelp.com/biz/doubletree-by-hilton-hotel-london-hyde-park-london-3?adjust_creative=-uBzzloii2ivvF3N0jkhKQ&utm_campaign=yelp_api_v3&utm_medium=api_v3_business_search&utm_source=-uBzzloii2ivvF3N0jkhKQ,SDKz9bB7hBmNbo2ibepQXw
134,The Dorchester,Hotels,4.5,££££,53 Park Lane,51.507302,-0.152594,https://www.yelp.com/biz/the-dorchester-london?adjust_creative=-uBzzloii2ivvF3N0jkhKQ&utm_campaign=yelp_api_v3&utm_medium=api_v3_business_search&utm_source=-uBzzloii2ivvF3N0jkhKQ,W_ZiOfiMZMMRONZD_LqpYA
135,Kimpton Fitzroy London,Hotels,4.5,£££,1-8 Russell Square,51.5226349,-0.1249981,https://www.yelp.com/biz/kimpton-fitzroy-london-london?adjust_creative=-uBzzloii2ivvF3N0jkhKQ&utm_campaign=yelp_api_v3&utm_medium=api_v3_business_search&utm_source=-uBzzloii2ivvF3N0jkhKQ,_VoSkSIb26RiAOW-bOxDHg
136,The Langham London,Hotels,4.5,££££,1C Portland Place,51.5177971001259,-0.143983186883702,https://www.yelp.com/biz/the-langham-london-london?adjust_creative=-uBzzloii2ivvF3N0jkhKQ&utm_campaign=yelp_api_v3&utm_medium=api_v3_business_search&utm_source=-uBzzloii2ivvF3N0jkhKQ,tRMfDgUMJBC5vAjF1AvsWQ
137,CitizenM Hotel,Hotels,4.5,££,20 Lavington Street,51.5051155599748,-0.098283347856649,https://www.yelp.com/biz/citizenm-hotel-london-4?adjust_creative=-uBzzloii2ivvF3N0jkhKQ&utm_campaign=yelp_api_v3&utm_medium=api_v3_business_search&utm_source=-uBzzloii2ivvF3N0jkhKQ,1tyiyRStaEuq_0hBc6ypCg
138,Claridge's,Hotels,4.5,££££,Brook Street,51.512611807224,-0.14789937950015,https://www.yelp.com/biz/claridges-london-2?adjust_creative=-uBzzloii2ivvF3N0jkhKQ&utm_campaign=yelp_api_v3&utm_medium=api_v3_business_search&utm_source=-uBzzloii2ivvF3N0jkhKQ,ZN2ugzPdTH-6CJ2eVozYSw
139,Hotel Indigo,Hotels,4.5,££,16 London Street,51.5151159,-0.17403,https://www.yelp.com/biz/hotel-indigo-london-3?adjust_creative=-uBzzloii2ivvF3N0jkhKQ&utm_campaign=yelp_api_v3&utm_medium=api_v3_business_search&utm_source=-uBzzloii2ivvF3N0jkhKQ,0-uw5Y2_2UXyQR2Z2Lk1pA
140,The Landmark London,Hotels,4.5,££££,222 Marylebone Road,51.521462340704,-0.16263050427116,https://www.yelp.com/biz/the-landmark-london-london-2?adjust_creative=-uBzzloii2ivvF3N0jkhKQ&utm_campaign=yelp_api_v3&utm_medium=api_v3_business_search&utm_source=-uBzzloii2ivvF3N0jkhKQ,gdKuHxKLv4mUjVYECsGypA
141,London Marriott Hotel County Hall,Hotels,4.0,£££,London County Hall Westminster Bridge Road,51.5009824925665,-0.119301246332043,https://www.yelp.com/biz/london-marriott-hotel-county-hall-london?adjust_creative=-uBzzloii2ivvF3N0jkhKQ&utm_campaign=yelp_api_v3&utm_medium=api_v3_business_search&utm_source=-uBzzloii2ivvF3N0jkhKQ,5auFvoTZbS8TDxGdL7DPEg
142,Crescent Hotel,Hotels,4.5,£,49-50 Cartwright Gardens,51.5262838,-0.1270723,https://www.yelp.com/biz/crescent-hotel-london?adjust_creative=-uBzzloii2ivvF3N0jkhKQ&utm_campaign=yelp_api_v3&utm_medium=api_v3_business_search&utm_source=-uBzzloii2ivvF3N0jkhKQ,4IUl4e0IdHm7C-tZzzPLhw
143,Four Seasons Hotel,Hotels,4.5,££££,Hamilton Place,51.5044391859339,-0.149880248341834,https://www.yelp.com/biz/four-seasons-hotel-london-4?adjust_creative=-uBzzloii2ivvF3N0jkhKQ&utm_campaign=yelp_api_v3&utm_medium=api_v3_business_search&utm_source=-uBzzloii2ivvF3N0jkhKQ,9LyJ5oa_dOFwbc0iG-i76A
144,St. Pancras Renaissance Hotel London,Hotels,4.5,£££,Euston Road,51.529852,-0.12581,https://www.yelp.com/biz/st-pancras-renaissance-hotel-london-london-2?adjust_creative=-uBzzloii2ivvF3N0jkhKQ&utm_campaign=yelp_api_v3&utm_medium=api_v3_business_search&utm_source=-uBzzloii2ivvF3N0jkhKQ,MXXkkGldpE0afT_moqaUnQ
145,Afternoon Tea at The Montague on The Gardens,Hotels,4.5,£££,15 Montague st,51.52014261,-0.12558305,https://www.yelp.com/biz/afternoon-tea-at-the-montague-on-the-gardens-london-9?adjust_creative=-uBzzloii2ivvF3N0jkhKQ&utm_campaign=yelp_api_v3&utm_medium=api_v3_business_search&utm_source=-uBzzloii2ivvF3N0jkhKQ,tGEMzAQwVsKkBOBavvaskA
146,JW Marriott Grosvenor House London,Hotels,4.0,£££,86-90 Park Lane,51.509738,-0.154891,https://www.yelp.com/biz/jw-marriott-grosvenor-house-london-london?adjust_creative=-uBzzloii2ivvF3N0jkhKQ&utm_campaign=yelp_api_v3&utm_medium=api_v3_business_search&utm_source=-uBzzloii2ivvF3N0jkhKQ,mcKkDc_xxFVGizFRgPPpxg
147,The London EDITION,Hotels,4.5,£££,10 Berners Street,51.5165663165253,-0.136568941983944,https://www.yelp.com/biz/the-london-edition-london?adjust_creative=-uBzzloii2ivvF3N0jkhKQ&utm_campaign=yelp_api_v3&utm_medium=api_v3_business_search&utm_source=-uBzzloii2ivvF3N0jkhKQ,JgPmZ5n2bU71Xsg1Vq2Yzg
148,The Lanesborough,Hotels,4.5,££££,The Lanesborough,51.502441,-0.152723,https://www.yelp.com/biz/the-lanesborough-london-2?adjust_creative=-uBzzloii2ivvF3N0jkhKQ&utm_campaign=yelp_api_v3&utm_medium=api_v3_business_search&utm_source=-uBzzloii2ivvF3N0jkhKQ,IAMW4pZ_djhszqIGsSZhIw
149,The May Fair Hotel,Hotels,4.0,£££,Stratton Street,51.50825,-0.143961,https://www.yelp.com/biz/the-may-fair-hotel-london-2?adjust_creative=-uBzzloii2ivvF3N0jkhKQ&utm_campaign=yelp_api_v3&utm_medium=api_v3_business_search&utm_source=-uBzzloii2ivvF3N0jkhKQ,TOP9h9oc5_KV9VM_uyWCkg
150,W London- Leicester Square,Hotels,3.0,£££,10 Wardour Street,51.510782643006,-0.13138019123122,https://www.yelp.com/biz/w-london-leicester-square-london?adjust_creative=-uBzzloii2ivvF3N0jkhKQ&utm_campaign=yelp_api_v3&utm_medium=api_v3_business_search&utm_source=-uBzzloii2ivvF3N0jkhKQ,PG68a_fQyWH5JlyfLLs09g
151,Hazlitts Hotels,Hotels,4.5,£££,6 Frith Street,51.5143751616248,-0.131922345785483,https://www.yelp.com/biz/hazlitts-hotels-london?adjust_creative=-uBzzloii2ivvF3N0jkhKQ&utm_campaign=yelp_api_v3&utm_medium=api_v3_business_search&utm_source=-uBzzloii2ivvF3N0jkhKQ,kY5bMnQ16IxEp7oWQJDg3Q
152,London Marriott Hotel Grosvenor Square,Hotels,4.0,£££,Grosvenor Square,51.5125949421553,-0.150771225131166,https://www.yelp.com/biz/london-marriott-hotel-grosvenor-square-london?adjust_creative=-uBzzloii2ivvF3N0jkhKQ&utm_campaign=yelp_api_v3&utm_medium=api_v3_business_search&utm_source=-uBzzloii2ivvF3N0jkhKQ,mHtH47UEuSZGg2RJ1nYBIQ
153,DoubleTree by Hilton Hotel London - Docklands Riverside,Hotels,3.0,£££,265A Rotherhithe Street,51.5042384890007,-0.0340705423278678,https://www.yelp.com/biz/doubletree-by-hilton-hotel-london-docklands-riverside-london?adjust_creative=-uBzzloii2ivvF3N0jkhKQ&utm_campaign=yelp_api_v3&utm_medium=api_v3_business_search&utm_source=-uBzzloii2ivvF3N0jkhKQ,Z8ZDXGXlAaPbD8OLPFJHkw
154,Miller's Hotel,Hotels,5.0,£££,111a Westbourne Grove,51.5150554,-0.1936962,https://www.yelp.com/biz/millers-hotel-london?adjust_creative=-uBzzloii2ivvF3N0jkhKQ&utm_campaign=yelp_api_v3&utm_medium=api_v3_business_search&utm_source=-uBzzloii2ivvF3N0jkhKQ,6r3jpZ377oysG0CLsCXcZw
155,Dawson House Hotel,Hotels,,,72 Canfield Gardens,51.544256,-0.186507,,
156,The Kensington Gardens Hotel,Hotels,4.5,£,9 Kensington Gardens Square,51.5133583,-0.1900571,https://www.yelp.com/biz/the-kensington-gardens-hotel-london?adjust_creative=-uBzzloii2ivvF3N0jkhKQ&utm_campaign=yelp_api_v3&utm_medium=api_v3_business_search&utm_source=-uBzzloii2ivvF3N0jkhKQ,_EaXEfvYjQWpt5BtqXbV9g
157,The Dixon,Hotels,,,211 Tooley Street,51.501578,-0.075917,,
158,DoubleTree by Hilton Hotel London - Tower of London,Hotels,4.0,£££,7 Pepys Street,51.5109056055575,-0.0782793035577134,https://www.yelp.com/biz/doubletree-by-hilton-hotel-london-tower-of-london-london-3?adjust_creative=-uBzzloii2ivvF3N0jkhKQ&utm_campaign=yelp_api_v3&utm_medium=api_v3_business_search&utm_source=-uBzzloii2ivvF3N0jkhKQ,qT3_PDPveYLjDJUuc94iUw
159,St David's Hotels,Hotels,3.5,££,14-20 Norfolk Square,51.516004,-0.173908,https://www.yelp.com/biz/st-davids-hotels-london?adjust_creative=-uBzzloii2ivvF3N0jkhKQ&utm_campaign=yelp_api_v3&utm_medium=api_v3_business_search&utm_source=-uBzzloii2ivvF3N0jkhKQ,_jFVWny91oy62o5uNIvSSw
160,Premier Inn,Hotels,,,27-29 Red Lion Street,51.5194945,-0.116961,,
161,London Marriott Hotel Regents Park,Hotels,3.5,££,128 King Henry's Road,51.5420479728882,-0.17014765889553,https://www.yelp.com/biz/london-marriott-hotel-regents-park-london?adjust_creative=-uBzzloii2ivvF3N0jkhKQ&utm_campaign=yelp_api_v3&utm_medium=api_v3_business_search&utm_source=-uBzzloii2ivvF3N0jkhKQ,ANEIyj70aOKVsEd6DU40Sg
162,Haverstock Hotel,Hotels,,,154 Haverstock Hill,51.5490438,-0.1619664,,
163,Number Sixteen,Hotels,4.0,££££,16 Sumner Place,51.493083293133,-0.175445396683422,https://www.yelp.com/biz/number-sixteen-london?adjust_creative=-uBzzloii2ivvF3N0jkhKQ&utm_campaign=yelp_api_v3&utm_medium=api_v3_business_search&utm_source=-uBzzloii2ivvF3N0jkhKQ,I0u3rVZNykXLsrjwk_h_gw
164,DoubleTree by Hilton Hotel London - West End,Hotels,3.0,££,92 Southampton Row,51.5202715055578,-0.121863203559605,https://www.yelp.com/biz/doubletree-by-hilton-hotel-london-west-end-london-3?adjust_creative=-uBzzloii2ivvF3N0jkhKQ&utm_campaign=yelp_api_v3&utm_medium=api_v3_business_search&utm_source=-uBzzloii2ivvF3N0jkhKQ,rCAmc_cKX5KAUHrZ9MUepg
165,Hilton London Tower Bridge,Hotels,4.0,£££,5 More London Place,51.5046388785402,-0.0824432680348952,https://www.yelp.com/biz/hilton-london-tower-bridge-london?adjust_creative=-uBzzloii2ivvF3N0jkhKQ&utm_campaign=yelp_api_v3&utm_medium=api_v3_business_search&utm_source=-uBzzloii2ivvF3N0jkhKQ,loeMRdWerolE9W1j5f2rwA
166,Gower House Hotel,Hotels,3.0,£,57 Gower Street,51.5215474,-0.1318161,https://www.yelp.com/biz/gower-house-hotel-london?adjust_creative=-uBzzloii2ivvF3N0jkhKQ&utm_campaign=yelp_api_v3&utm_medium=api_v3_business_search&utm_source=-uBzzloii2ivvF3N0jkhKQ,WkLEiLIM67bBIhf6G3fGbw
167,Me,Hotels,4.0,£££,Strand,51.5118462758476,-0.118709250331904,https://www.yelp.com/biz/me-london-3?adjust_creative=-uBzzloii2ivvF3N0jkhKQ&utm_campaign=yelp_api_v3&utm_medium=api_v3_business_search&utm_source=-uBzzloii2ivvF3N0jkhKQ,M2zf3hZItPnI75hmNyCY0w
168,"The Westbury Mayfair, a Luxury Collection Hotel, London",Hotels,3.5,£££,37 Conduit Street,51.511301,-0.142627,https://www.yelp.com/biz/the-westbury-mayfair-a-luxury-collection-hotel-london-london?adjust_creative=-uBzzloii2ivvF3N0jkhKQ&utm_campaign=yelp_api_v3&utm_medium=api_v3_business_search&utm_source=-uBzzloii2ivvF3N0jkhKQ,Sk2v68NoRpXgS67eRaoENw
169,​M by Montcalm Shoreditch,Hotels,2.5,£££,151-157 City Road,51.5276621,-0.088896,https://www.yelp.com/biz/m-by-montcalm-shoreditch-london?adjust_creative=-uBzzloii2ivvF3N0jkhKQ&utm_campaign=yelp_api_v3&utm_medium=api_v3_business_search&utm_source=-uBzzloii2ivvF3N0jkhKQ,abr3a1-iKYcFR1XinizgBw
170,St. James's,Hotels,4.5,££££,7-8 Park Place,51.506115,-0.140311,https://www.yelp.com/biz/st-jamess-st-jamess?adjust_creative=-uBzzloii2ivvF3N0jkhKQ&utm_campaign=yelp_api_v3&utm_medium=api_v3_business_search&utm_source=-uBzzloii2ivvF3N0jkhKQ,0mAnAZuRvYQEXffLRcLCzg
171,Charlotte Street Hotel,Hotels,4.0,£££,15-17 Charlotte Street,51.51840064125,-0.134992897529986,https://www.yelp.com/biz/charlotte-street-hotel-london?adjust_creative=-uBzzloii2ivvF3N0jkhKQ&utm_campaign=yelp_api_v3&utm_medium=api_v3_business_search&utm_source=-uBzzloii2ivvF3N0jkhKQ,glL93CF9WxJdM9WEeRogeQ
172,The Athenaeum Hotel,Hotels,4.0,£££,Mayfair,51.504635,-0.147403,https://www.yelp.com/biz/the-athenaeum-hotel-london?adjust_creative=-uBzzloii2ivvF3N0jkhKQ&utm_campaign=yelp_api_v3&utm_medium=api_v3_business_search&utm_source=-uBzzloii2ivvF3N0jkhKQ,1ug-7RR10IdBKzBM4UfrVg
173,Harlingford Hotel,Hotels,4.0,££,61-63 Cartwright Gardens,51.5260951,-0.1261868,https://www.yelp.com/biz/harlingford-hotel-london?adjust_creative=-uBzzloii2ivvF3N0jkhKQ&utm_campaign=yelp_api_v3&utm_medium=api_v3_business_search&utm_source=-uBzzloii2ivvF3N0jkhKQ,xqGynJcWIF6-jl9i69phOw
174,The Bloomsbury Hotel,Hotels,4.0,££££,16-22 Great Russell Street,51.5171420898507,-0.1290839910507,https://www.yelp.com/biz/the-bloomsbury-hotel-london?adjust_creative=-uBzzloii2ivvF3N0jkhKQ&utm_campaign=yelp_api_v3&utm_medium=api_v3_business_search&utm_source=-uBzzloii2ivvF3N0jkhKQ,RshDXZKYqY6-ru8dzqpm_g
175,Hub By Premier Inn,Hotels,4.0,££,110 St. Martin's Lane,51.5100618095395,-0.127215376054204,https://www.yelp.com/biz/hub-by-premier-inn-london?adjust_creative=-uBzzloii2ivvF3N0jkhKQ&utm_campaign=yelp_api_v3&utm_medium=api_v3_business_search&utm_source=-uBzzloii2ivvF3N0jkhKQ,JNUURMv-X6KPyadWrAQCsw
176,Holiday Inn London Camden Lock,Hotels,3.5,£££,30 Jamestown Road,51.540294818363,-0.14585854209414,https://www.yelp.com/biz/holiday-inn-london-camden-lock-london?adjust_creative=-uBzzloii2ivvF3N0jkhKQ&utm_campaign=yelp_api_v3&utm_medium=api_v3_business_search&utm_source=-uBzzloii2ivvF3N0jkhKQ,jRaxuGSxXeqO4KSpPyvLBA
177,Park Avenue Baker Street,Hotels,4.0,££,173 Gloucester Place,51.5240975,-0.1609137,https://www.yelp.com/biz/park-avenue-baker-street-london?adjust_creative=-uBzzloii2ivvF3N0jkhKQ&utm_campaign=yelp_api_v3&utm_medium=api_v3_business_search&utm_source=-uBzzloii2ivvF3N0jkhKQ,bK6cNmVJvHkH2KNNpv5YaQ
178,The California,Hotels,3.5,£,4-8 Belgrove Street,51.5295197473846,-0.123414203302367,https://www.yelp.com/biz/the-california-london?adjust_creative=-uBzzloii2ivvF3N0jkhKQ&utm_campaign=yelp_api_v3&utm_medium=api_v3_business_search&utm_source=-uBzzloii2ivvF3N0jkhKQ,z3nQWuGTiVqy4tbU13ab7A
179,"The Trafalgar St. James, Curio Collection by Hilton",Hotels,3.5,£££,2 Spring Gardens,51.5073702861629,-0.129121295037066,https://www.yelp.com/biz/the-trafalgar-st-james-curio-collection-by-hilton-london?adjust_creative=-uBzzloii2ivvF3N0jkhKQ&utm_campaign=yelp_api_v3&utm_medium=api_v3_business_search&utm_source=-uBzzloii2ivvF3N0jkhKQ,RvfgwrRK7qPVTHsTln_-cQ
180,Park Plaza Westminster Bridge London,Hotels,3.5,£££,200 Westminster Bridge Road,51.500945128618,-0.116817394584042,https://www.yelp.com/biz/park-plaza-westminster-bridge-london-london-4?adjust_creative=-uBzzloii2ivvF3N0jkhKQ&utm_campaign=yelp_api_v3&utm_medium=api_v3_business_search&utm_source=-uBzzloii2ivvF3N0jkhKQ,uZ7itHFaLK1tYm8WP0hLqA
181,Hilton London Paddington,Hotels,3.0,£££,146 Praed Street,51.5157526580863,-0.175882600189798,https://www.yelp.com/biz/hilton-london-paddington-london-2?adjust_creative=-uBzzloii2ivvF3N0jkhKQ&utm_campaign=yelp_api_v3&utm_medium=api_v3_business_search&utm_source=-uBzzloii2ivvF3N0jkhKQ,u1SPXOMOPkyCOdcu6F85zQ
182,Hilton London Bankside,Hotels,4.5,£££,2-8 Great Suffolk Street,51.505734121605,-0.101752281188965,https://www.yelp.com/biz/hilton-london-bankside-london?adjust_creative=-uBzzloii2ivvF3N0jkhKQ&utm_campaign=yelp_api_v3&utm_medium=api_v3_business_search&utm_source=-uBzzloii2ivvF3N0jkhKQ,zfBM08Y_1DqFccBfwsdmMw
183,The Berkeley,Hotels,4.5,££££,Wilton Place,51.5019068266959,-0.156179445368934,https://www.yelp.com/biz/the-berkeley-london?adjust_creative=-uBzzloii2ivvF3N0jkhKQ&utm_campaign=yelp_api_v3&utm_medium=api_v3_business_search&utm_source=-uBzzloii2ivvF3N0jkhKQ,ACZzwkEWIKXg0MMjDr8LiQ
184,Amba Hotel Charing Cross,Hotels,4.5,£££,The Strand,51.508459,-0.124932,https://www.yelp.com/biz/amba-hotel-charing-cross-london?adjust_creative=-uBzzloii2ivvF3N0jkhKQ&utm_campaign=yelp_api_v3&utm_medium=api_v3_business_search&utm_source=-uBzzloii2ivvF3N0jkhKQ,vVlTW6ylANoAEmTttU2Y4A
185,The Sumner Hotel,Hotels,4.0,££,54 Upper Berkeley Street,51.5152138,-0.1608312,https://www.yelp.com/biz/the-sumner-hotel-london?adjust_creative=-uBzzloii2ivvF3N0jkhKQ&utm_campaign=yelp_api_v3&utm_medium=api_v3_business_search&utm_source=-uBzzloii2ivvF3N0jkhKQ,8ehiJFYEG49xxDAxuXglwQ
186,THE CHESTERFIELD MAYFAIR,Hotels,4.5,£££,35 Charles st,51.5077092067692,-0.147149585319539,https://www.yelp.com/biz/the-chesterfield-mayfair-london?adjust_creative=-uBzzloii2ivvF3N0jkhKQ&utm_campaign=yelp_api_v3&utm_medium=api_v3_business_search&utm_source=-uBzzloii2ivvF3N0jkhKQ,vtDa4XLc5ovFSM5ak0EPJg
187,The Stafford London,Hotels,5.0,££££,16-18 St James's Place,51.505918,-0.140391,https://www.yelp.com/biz/the-stafford-london-london?adjust_creative=-uBzzloii2ivvF3N0jkhKQ&utm_campaign=yelp_api_v3&utm_medium=api_v3_business_search&utm_source=-uBzzloii2ivvF3N0jkhKQ,SXUptNI-yemUbrImbl66Ow
188,Strand Palace,Hotels,3.0,££,372 Strand,51.511099,-0.12071,https://www.yelp.com/biz/strand-palace-london-2?adjust_creative=-uBzzloii2ivvF3N0jkhKQ&utm_campaign=yelp_api_v3&utm_medium=api_v3_business_search&utm_source=-uBzzloii2ivvF3N0jkhKQ,h65olqVVtg_E3BlkVdh2jg
189,Hotel Indigo,Hotels,4.5,££,142 Minories,51.5130615234375,-0.075995996594429,https://www.yelp.com/biz/hotel-indigo-london?adjust_creative=-uBzzloii2ivvF3N0jkhKQ&utm_campaign=yelp_api_v3&utm_medium=api_v3_business_search&utm_source=-uBzzloii2ivvF3N0jkhKQ,wze_extjAhiGo23wkU078w
190,The Cavendish,Hotels,4.5,£££,81 Jermyn Street,51.507877,-0.137955,https://www.yelp.com/biz/the-cavendish-london-3?adjust_creative=-uBzzloii2ivvF3N0jkhKQ&utm_campaign=yelp_api_v3&utm_medium=api_v3_business_search&utm_source=-uBzzloii2ivvF3N0jkhKQ,vO9_Nb_vj0SXoZ9obl0XFg
191,Hotel Indigo,Hotels,4.5,££,34 - 44 Barkston Gardens,51.4919293664835,-0.191815613709144,https://www.yelp.com/biz/hotel-indigo-london-4?adjust_creative=-uBzzloii2ivvF3N0jkhKQ&utm_campaign=yelp_api_v3&utm_medium=api_v3_business_search&utm_source=-uBzzloii2ivvF3N0jkhKQ,G7uJE057HeMLOZGg6c6lAA
192,The Nadler Soho,Hotels,4.5,£££,10 Carlisle Street,51.5147387,-0.1341108,https://www.yelp.com/biz/the-nadler-soho-london?adjust_creative=-uBzzloii2ivvF3N0jkhKQ&utm_campaign=yelp_api_v3&utm_medium=api_v3_business_search&utm_source=-uBzzloii2ivvF3N0jkhKQ,UC6Rwig5kN_0wpFG0T9mTg
193,Holiday Inn,Hotels,3.0,££,57-59 Welbeck Street,51.5169316,-0.1492864,https://www.yelp.com/biz/holiday-inn-london-29?adjust_creative=-uBzzloii2ivvF3N0jkhKQ&utm_campaign=yelp_api_v3&utm_medium=api_v3_business_search&utm_source=-uBzzloii2ivvF3N0jkhKQ,LhOP8kZzvSnYTAaaopp7Bg
194,H10 Hotel,Hotels,4.5,££,284-302 Waterloo Road,51.498886,-0.106292,https://www.yelp.com/biz/h10-hotel-london?adjust_creative=-uBzzloii2ivvF3N0jkhKQ&utm_campaign=yelp_api_v3&utm_medium=api_v3_business_search&utm_source=-uBzzloii2ivvF3N0jkhKQ,kOBdPzn7tYeaKkhzb0y_vw
195,The Nadler Kensington,Hotels,4.5,££,25 Courtfield Gardens,51.4930313,-0.1901229,https://www.yelp.com/biz/the-nadler-kensington-london-2?adjust_creative=-uBzzloii2ivvF3N0jkhKQ&utm_campaign=yelp_api_v3&utm_medium=api_v3_business_search&utm_source=-uBzzloii2ivvF3N0jkhKQ,wuYwGXyR6RFqpFsE-28Fmg
196,Hyatt Regency London - The Churchill,Hotels,4.5,£££,30 Portman Square,51.5154357,-0.1569583,https://www.yelp.com/biz/hyatt-regency-london-the-churchill-london?adjust_creative=-uBzzloii2ivvF3N0jkhKQ&utm_campaign=yelp_api_v3&utm_medium=api_v3_business_search&utm_source=-uBzzloii2ivvF3N0jkhKQ,5VQzRhyilXNDPL4FuVouxw
197,Pasha Hotel,Hotels,3.5,££,158 Camberwell Road,51.4795931,-0.0944206,https://www.yelp.com/biz/pasha-hotel-london?adjust_creative=-uBzzloii2ivvF3N0jkhKQ&utm_campaign=yelp_api_v3&utm_medium=api_v3_business_search&utm_source=-uBzzloii2ivvF3N0jkhKQ,-vGtr71C6VkwGPrjUsMEeQ
198,The Shaftesbury,Pubs,,,39-45 Shaftesbury Avenue,51.5118239,-0.132904,,
199,De Vere Grand Connaught Rooms,Venues & Event Spaces,,,61-65 Great Queen Street,51.5155551848791,-0.120639991795868,,
