,Restaurant,Type,Rating,Price,Address,Lat,Lng,url,ID,,,,,,,,
0,The Abingdon,American (New),4.5,£££,54 Abingdon Road,51.49762905,-0.196077518,https://www.yelp.com/biz/the-abingdon-london?adjust_creative=-uBzzloii2ivvF3N0jkhKQ&utm_campaign=yelp_api_v3&utm_medium=api_v3_business_search&utm_source=-uBzzloii2ivvF3N0jkhKQ,Gdqq0f4R8pBXIcHvAI3SuQ,,,,Row Labels,Count of Type,,200,x
1,Burger & Lobster,American (Traditional),4.5,££,Fifth Floor Harvey Nichols,51.501441,-0.159432,https://www.yelp.com/biz/burger-and-lobster-london-7?adjust_creative=-uBzzloii2ivvF3N0jkhKQ&utm_campaign=yelp_api_v3&utm_medium=api_v3_business_search&utm_source=-uBzzloii2ivvF3N0jkhKQ,ITcGz_zdMW3EyqNBJx6Fxw,,,,British,30,,American,x
2,The Fat Bear,American (Traditional),4.5,££,61 Carter Lane,51.51318339,-0.101381031,https://www.yelp.com/biz/the-fat-bear-london?adjust_creative=-uBzzloii2ivvF3N0jkhKQ&utm_campaign=yelp_api_v3&utm_medium=api_v3_business_search&utm_source=-uBzzloii2ivvF3N0jkhKQ,Z0r83lDOA1mI8RpNccXtHw,,,,Italian,19,,Asian,x
3,Burger & Lobster,American (Traditional),4.5,£££,29 Clarges Street,51.50699191,-0.145631314,https://www.yelp.com/biz/burger-and-lobster-mayfair?adjust_creative=-uBzzloii2ivvF3N0jkhKQ&utm_campaign=yelp_api_v3&utm_medium=api_v3_business_search&utm_source=-uBzzloii2ivvF3N0jkhKQ,otUz0bAJLkorJkMgEjRErA,,,,Japanese,14,,Austrian,x
4,La Patagonia,Argentine,4,££,31 Camden High Street,51.5352268,-0.139339,https://www.yelp.com/biz/la-patagonia-london?adjust_creative=-uBzzloii2ivvF3N0jkhKQ&utm_campaign=yelp_api_v3&utm_medium=api_v3_business_search&utm_source=-uBzzloii2ivvF3N0jkhKQ,Ywge_9fnX-kedFSZWApAVw,,,,Chinese,8,,Bakeries,x
5,Oka,Asian Fusion,4.5,££,71 Regents Park Road,51.5412318,-0.1573922,https://www.yelp.com/biz/oka-london-3?adjust_creative=-uBzzloii2ivvF3N0jkhKQ&utm_campaign=yelp_api_v3&utm_medium=api_v3_business_search&utm_source=-uBzzloii2ivvF3N0jkhKQ,h1pstufojfFZzWSwck4aWw,,,,Seafood,5,,Barbeque,x
6,Dominique Ansel Treehouse,Bakeries,,,24 Floral Street,51.51190457,-0.125404799,,,,,,Fish & Chips,5,,Belgian,x
7,Texas Joe's,Barbeque,4.5,££,8-9 Snowsfields,51.50218705,-0.08377312,https://www.yelp.com/biz/texas-joes-london-2?adjust_creative=-uBzzloii2ivvF3N0jkhKQ&utm_campaign=yelp_api_v3&utm_medium=api_v3_business_search&utm_source=-uBzzloii2ivvF3N0jkhKQ,pPp2J-a4uAa60cBR4OFGkw,,,,Cafes,5,,Bistro,
8,The Alchemist,Bars,,,63-66 St Martin's Ln,51.51127078,-0.126947911,,,,,,Pubs,5,,British,
9,Duck & Waffle Local,Bars,4.5,££,52 Haymarket,51.50941757,-0.13274982,https://www.yelp.com/biz/duck-and-waffle-local-london?adjust_creative=-uBzzloii2ivvF3N0jkhKQ&utm_campaign=yelp_api_v3&utm_medium=api_v3_business_search&utm_source=-uBzzloii2ivvF3N0jkhKQ,a4FkZ2b7Wn3-AP7q3ptHtQ,,,,Spanish,5,,Coffee,
10,Belgo Centraal,Belgian,4,££,50 Earlham Street,51.51378336,-0.125649969,https://www.yelp.com/biz/belgo-centraal-london?adjust_creative=-uBzzloii2ivvF3N0jkhKQ&utm_campaign=yelp_api_v3&utm_medium=api_v3_business_search&utm_source=-uBzzloii2ivvF3N0jkhKQ,H-l4CDhIZ0uTfyv_lR1p7Q,,,,Modern European,4,,Dutch,
11,Greenberry Café,Brasseries,4,££,101 Regents Park Road,51.542194,-0.156334,https://www.yelp.com/biz/greenberry-caf%C3%A9-london?adjust_creative=-uBzzloii2ivvF3N0jkhKQ&utm_campaign=yelp_api_v3&utm_medium=api_v3_business_search&utm_source=-uBzzloii2ivvF3N0jkhKQ,T-_ewkgY9DiMJ36qHL4UvQ,,,,Korean,4,,Fish&Chips,
12,Soho Joe,Breakfast & Brunch,,,34 D'Arblay St,51.51491624,-0.135393677,,,,,,French,4,,French,
13,Berners Tavern,British,4.5,£££,10 Berners Street,51.51675151,-0.135977268,https://www.yelp.com/biz/berners-tavern-london-5?adjust_creative=-uBzzloii2ivvF3N0jkhKQ&utm_campaign=yelp_api_v3&utm_medium=api_v3_business_search&utm_source=-uBzzloii2ivvF3N0jkhKQ,ZKfiQaOMDu7rfVhmMmQ0bQ,,,,Tapas/Small Plates,4,,German,
14,The Shed,British,4.5,££,122 Palace Gardens Terrace,51.5089417,-0.1937266,https://www.yelp.com/biz/the-shed-london-3?adjust_creative=-uBzzloii2ivvF3N0jkhKQ&utm_campaign=yelp_api_v3&utm_medium=api_v3_business_search&utm_source=-uBzzloii2ivvF3N0jkhKQ,E32UWQyHYlSrBbRbtxPzKQ,,,,Middle Eastern,4,,Indian,
15,Dinner by Heston Blumenthal,British,4.5,££££,66 Knightsbridge,51.502163,-0.159966,https://www.yelp.com/biz/dinner-by-heston-blumenthal-london?adjust_creative=-uBzzloii2ivvF3N0jkhKQ&utm_campaign=yelp_api_v3&utm_medium=api_v3_business_search&utm_source=-uBzzloii2ivvF3N0jkhKQ,meHB5zqhVKuOQ3gacMlzBg,,,,Gastropubs,4,,Italian,
16,The Ivy,British,4,£££,1 - 5 West Street,51.512814,-0.128013,https://www.yelp.com/biz/the-ivy-london?adjust_creative=-uBzzloii2ivvF3N0jkhKQ&utm_campaign=yelp_api_v3&utm_medium=api_v3_business_search&utm_source=-uBzzloii2ivvF3N0jkhKQ,75-HeBBB391Np6T7GdJ5xQ,,,,Thai,4,,Latin American,
17,Granger & Co,British,4,££,175 Westbourne Grove,51.51464615,-0.197799156,https://www.yelp.com/biz/granger-and-co-london?adjust_creative=-uBzzloii2ivvF3N0jkhKQ&utm_campaign=yelp_api_v3&utm_medium=api_v3_business_search&utm_source=-uBzzloii2ivvF3N0jkhKQ,0r2-fwgLvuOLef0epiFkFQ,,,,Steakhouses,3,,Mediterranean,
18,Piebury Corner,British,5,£,209-211 Holloway Road,51.55099,-0.11041,https://www.yelp.com/biz/piebury-corner-london-4?adjust_creative=-uBzzloii2ivvF3N0jkhKQ&utm_campaign=yelp_api_v3&utm_medium=api_v3_business_search&utm_source=-uBzzloii2ivvF3N0jkhKQ,HaYOqwNtC6JK2uuGmr1KGg,,,,Mediterranean,3,,Mexican,
19,Pieminister,British,4,£,Gabriel's Wharf,51.507826,-0.110065,https://www.yelp.com/biz/pieminister-london-3?adjust_creative=-uBzzloii2ivvF3N0jkhKQ&utm_campaign=yelp_api_v3&utm_medium=api_v3_business_search&utm_source=-uBzzloii2ivvF3N0jkhKQ,ij6JgRnQmdXND4uokTFIdQ,,,,American (Traditional),3,,Middle Easter,
20,Restaurant Story,British,4.5,££££,199 Tooley Street,51.50277914,-0.077763952,https://www.yelp.com/biz/restaurant-story-london?adjust_creative=-uBzzloii2ivvF3N0jkhKQ&utm_campaign=yelp_api_v3&utm_medium=api_v3_business_search&utm_source=-uBzzloii2ivvF3N0jkhKQ,cWY8GI2iu_kGIR8ytqPavQ,,,,Coffee & Tea,3,,Modern European,
21,St John Bar and Restaurant,British,4,£££,26 St John Street,51.520481,-0.101486,https://www.yelp.com/biz/st-john-bar-and-restaurant-london?adjust_creative=-uBzzloii2ivvF3N0jkhKQ&utm_campaign=yelp_api_v3&utm_medium=api_v3_business_search&utm_source=-uBzzloii2ivvF3N0jkhKQ,P3YeWO3ODeWmQVi-IilkAQ,,,,Mexican,3,,Pastries,
22,Battersea Pie,British,4,£,Lower Ground Floor,51.51180379,-0.122687678,https://www.yelp.com/biz/battersea-pie-london-2?adjust_creative=-uBzzloii2ivvF3N0jkhKQ&utm_campaign=yelp_api_v3&utm_medium=api_v3_business_search&utm_source=-uBzzloii2ivvF3N0jkhKQ,XYu4Vp_8iT-E04EPFm_TvQ,,,,Noodles,3,,Pubs,
23,Mother Mash,British,4,££,26 Ganton Street,51.512935,-0.139414,https://www.yelp.com/biz/mother-mash-london?adjust_creative=-uBzzloii2ivvF3N0jkhKQ&utm_campaign=yelp_api_v3&utm_medium=api_v3_business_search&utm_source=-uBzzloii2ivvF3N0jkhKQ,IBV7BsXnv2gX68nWUARhjw,,,,Indian,3,,Pudding,
24,Grumbles,British,4,££,35 Churton Street,51.4911292,-0.1388531,https://www.yelp.com/biz/grumbles-london?adjust_creative=-uBzzloii2ivvF3N0jkhKQ&utm_campaign=yelp_api_v3&utm_medium=api_v3_business_search&utm_source=-uBzzloii2ivvF3N0jkhKQ,5sEiM_Xw5jXbMhloNqSgYQ,,,,Pizza,3,,Sandwiches,
25,The Table,British,4,££,83 Southwark Street,51.505604,-0.099671,https://www.yelp.com/biz/the-table-london-8?adjust_creative=-uBzzloii2ivvF3N0jkhKQ&utm_campaign=yelp_api_v3&utm_medium=api_v3_business_search&utm_source=-uBzzloii2ivvF3N0jkhKQ,rKwkCvsSfp8z7w1CmNnMMQ,,,,Latin American,3,,Seafood,
26,The Ivy In the Park,British,,,50 Canada Square Park,51.50489768,-0.017380379,,,,,,Vietnamese,3,,Spanish,
27,Scully,British,,,4 St James's Market,51.508673,-0.133049,,,,,,Ramen,2,,Steakhouse,
28,The Orangery,British,4,£££,Kensington Palace,51.50663606,-0.187725349,https://www.yelp.com/biz/the-orangery-london-7?adjust_creative=-uBzzloii2ivvF3N0jkhKQ&utm_campaign=yelp_api_v3&utm_medium=api_v3_business_search&utm_source=-uBzzloii2ivvF3N0jkhKQ,PBFvhVyBi0lEJyTbyuxf5w,,,,Peruvian,2,,Tea,
29,The Queens Arms,British,4.5,££,11 Warwick Way,51.4925789,-0.1392194,https://www.yelp.com/biz/the-queens-arms-london?adjust_creative=-uBzzloii2ivvF3N0jkhKQ&utm_campaign=yelp_api_v3&utm_medium=api_v3_business_search&utm_source=-uBzzloii2ivvF3N0jkhKQ,Wjgxl0lSp_FRtzecbJ4FZQ,,,,Persian/Iranian,2,,Vegetarian,
30,Ffiona's Restaurant,British,4.5,££,51 Kensington Church Street,51.50405774,-0.192783396,https://www.yelp.com/biz/ffionas-restaurant-london?adjust_creative=-uBzzloii2ivvF3N0jkhKQ&utm_campaign=yelp_api_v3&utm_medium=api_v3_business_search&utm_source=-uBzzloii2ivvF3N0jkhKQ,70Q-Ll18zb4aglXXbUG7lw,,,,Wine Bars,2,,Polish,
31,Plum & Spilt Milk,British,4,£££,King's Cross Street,51.532379,-0.1254596,https://www.yelp.com/biz/plum-and-spilt-milk-london?adjust_creative=-uBzzloii2ivvF3N0jkhKQ&utm_campaign=yelp_api_v3&utm_medium=api_v3_business_search&utm_source=-uBzzloii2ivvF3N0jkhKQ,Y51qImK_hOk-AaT5c5yC2w,,,,Portuguese,2,,Sausages,
32,Cambridge Street,British,4.5,££,Artist Residence,51.4905412,-0.1449144,https://www.yelp.com/biz/cambridge-street-london-2?adjust_creative=-uBzzloii2ivvF3N0jkhKQ&utm_campaign=yelp_api_v3&utm_medium=api_v3_business_search&utm_source=-uBzzloii2ivvF3N0jkhKQ,cgkDnzaQvP9q-JHXd-ECcA,,,,Bars,2,,Brunch,
33,The Anchor and Hope,British,4,££,36 The Cut,51.50347283,-0.106586083,https://www.yelp.com/biz/the-anchor-and-hope-london?adjust_creative=-uBzzloii2ivvF3N0jkhKQ&utm_campaign=yelp_api_v3&utm_medium=api_v3_business_search&utm_source=-uBzzloii2ivvF3N0jkhKQ,9ad4tZB0Mp-tNnXLZwYvUA,,,,Taiwanese,2,,,
34,Rabbit,British,4,£££,172 Kings Road,51.4887085,-0.1661123,https://www.yelp.com/biz/rabbit-london?adjust_creative=-uBzzloii2ivvF3N0jkhKQ&utm_campaign=yelp_api_v3&utm_medium=api_v3_business_search&utm_source=-uBzzloii2ivvF3N0jkhKQ,7U9WZ03Ak-oThntFnw_yPw,,,,Turkish,2,,,
35,Hawksmoor Seven Dials,British,4.5,£££,11 Langley Street,51.51349989,-0.125673963,https://www.yelp.com/biz/hawksmoor-seven-dials-london-4?adjust_creative=-uBzzloii2ivvF3N0jkhKQ&utm_campaign=yelp_api_v3&utm_medium=api_v3_business_search&utm_source=-uBzzloii2ivvF3N0jkhKQ,0B-ag3J18TatG9H9EQohGg,,,,Dim Sum,2,,,
36,Maggie Jones's,British,4.5,£££,6 Old Court Place,51.50285601,-0.190991667,https://www.yelp.com/biz/maggie-joness-london-2?adjust_creative=-uBzzloii2ivvF3N0jkhKQ&utm_campaign=yelp_api_v3&utm_medium=api_v3_business_search&utm_source=-uBzzloii2ivvF3N0jkhKQ,5tAAwu7ZDhulLsyt09bXnw,,,,Filipino,1,,,
37,Kerridges Bar and Grill,British,,,Whitehall Pl,51.50629044,-0.125318006,,,,,,Lounges,1,,,
38,The Stoke House,British,4.5,££,81 Buckingham Palace Rd,51.49725211,-0.144083273,https://www.yelp.com/biz/the-stoke-house-london?adjust_creative=-uBzzloii2ivvF3N0jkhKQ&utm_campaign=yelp_api_v3&utm_medium=api_v3_business_search&utm_source=-uBzzloii2ivvF3N0jkhKQ,cPTTsuaofRzF0LZEopSICg,,,,Sushi Bars,1,,,
39,Blacklock,British,4.5,£££,The Basement,51.511687,-0.134762,https://www.yelp.com/biz/blacklock-london-6?adjust_creative=-uBzzloii2ivvF3N0jkhKQ&utm_campaign=yelp_api_v3&utm_medium=api_v3_business_search&utm_source=-uBzzloii2ivvF3N0jkhKQ,iqzQ-rPbALZWPdhNksIRRw,,,,Malaysian,1,,,
40,Mr Fogg's Tavern,British,4,££,58 St Martin's Lane,51.5110196,-0.1268381,https://www.yelp.com/biz/mr-foggs-tavern-london?adjust_creative=-uBzzloii2ivvF3N0jkhKQ&utm_campaign=yelp_api_v3&utm_medium=api_v3_business_search&utm_source=-uBzzloii2ivvF3N0jkhKQ,mjxQdINZtNcUBNAFUVFVXQ,,,,Barbeque,1,,,
41,Holborn Dining Room,British,4,£££,252 High Holborn,51.51776994,-0.117759815,https://www.yelp.com/biz/holborn-dining-room-london?adjust_creative=-uBzzloii2ivvF3N0jkhKQ&utm_campaign=yelp_api_v3&utm_medium=api_v3_business_search&utm_source=-uBzzloii2ivvF3N0jkhKQ,AOA6008C-ZtN6qZPvNn2Ig,,,,Chicken Shop,1,,,
42,The Pig and Butcher,British,4.5,££,80 Liverpool Road,51.53744254,-0.106827895,https://www.yelp.com/biz/the-pig-and-butcher-london?adjust_creative=-uBzzloii2ivvF3N0jkhKQ&utm_campaign=yelp_api_v3&utm_medium=api_v3_business_search&utm_source=-uBzzloii2ivvF3N0jkhKQ,3R0Klq1B1ESNTwqPfcsY-w,,,,Sri Lankan,1,,,
43,Honest Burgers Meard St - Soho,Burgers,4.5,££,4a Meard St,51.51341841,-0.132883886,https://www.yelp.com/biz/honest-burgers-meard-st-soho-london?adjust_creative=-uBzzloii2ivvF3N0jkhKQ&utm_campaign=yelp_api_v3&utm_medium=api_v3_business_search&utm_source=-uBzzloii2ivvF3N0jkhKQ,zdyKTWY6jDasd6Q8BEJdAw,,,,Greek,1,,,
44,Seoul Bakery,Cafes,4.5,£,14 Great Russell Street,51.517237,-0.129569,https://www.yelp.com/biz/seoul-bakery-london-3?adjust_creative=-uBzzloii2ivvF3N0jkhKQ&utm_campaign=yelp_api_v3&utm_medium=api_v3_business_search&utm_source=-uBzzloii2ivvF3N0jkhKQ,WotOpvaXPZW2Yx-dzoK73w,,,,Caribbean,1,,,
45,The Wolseley,Cafes,4,£££,160 Picadilly,51.507617,-0.141012,https://www.yelp.com/biz/the-wolseley-london?adjust_creative=-uBzzloii2ivvF3N0jkhKQ&utm_campaign=yelp_api_v3&utm_medium=api_v3_business_search&utm_source=-uBzzloii2ivvF3N0jkhKQ,e5jPAqpCcIAsTtasUN5h2g,,,,Cocktail Bars,1,,,
46,Cereal Killer Cafe,Cafes,4,£,192 Brick Lane,51.52374993,-0.071338378,https://www.yelp.com/biz/cereal-killer-cafe-london?adjust_creative=-uBzzloii2ivvF3N0jkhKQ&utm_campaign=yelp_api_v3&utm_medium=api_v3_business_search&utm_source=-uBzzloii2ivvF3N0jkhKQ,pQS5srLHVMsb4EU9uep9Gw,,,,Ethiopian,1,,,
47,Regency Café,Cafes,4.5,£,17-19 Regency Street,51.49401432,-0.13222008,https://www.yelp.com/biz/regency-caf%C3%A9-london-2?adjust_creative=-uBzzloii2ivvF3N0jkhKQ&utm_campaign=yelp_api_v3&utm_medium=api_v3_business_search&utm_source=-uBzzloii2ivvF3N0jkhKQ,YNduANMPzIVE8CzBH7YjEQ,,,,Belgian,1,,,
48,Kennington Lane Cafe,Cafes,5,£,383 Kennington Lane,51.4860611,-0.1208514,https://www.yelp.com/biz/kennington-lane-cafe-london?adjust_creative=-uBzzloii2ivvF3N0jkhKQ&utm_campaign=yelp_api_v3&utm_medium=api_v3_business_search&utm_source=-uBzzloii2ivvF3N0jkhKQ,p77CnjTGOIZA1hEpLfCC6Q,,,,Sandwiches,1,,,
49,The Rum Kitchen,Caribbean,4,££,1st Floor Kingly Court,51.5123393,-0.1387341,https://www.yelp.com/biz/the-rum-kitchen-london-2?adjust_creative=-uBzzloii2ivvF3N0jkhKQ&utm_campaign=yelp_api_v3&utm_medium=api_v3_business_search&utm_source=-uBzzloii2ivvF3N0jkhKQ,GG_lpEApTeNIDNzyQv1I0A,,,,Breakfast & Brunch,1,,,
50,Absurd Bird Soho,Chicken Shop,4,£££,24 Peter Street,,,https://www.yelp.com/biz/absurd-bird-soho-london?adjust_creative=-uBzzloii2ivvF3N0jkhKQ&utm_campaign=yelp_api_v3&utm_medium=api_v3_business_search&utm_source=-uBzzloii2ivvF3N0jkhKQ,p4SRF3oXUvkR8dr-xpTczg,,,,Brasseries,1,,,
51,Lanzhou Noodle Bar,Chinese,4,£,33 Cranbourne Street,51.511502,-0.127805,https://www.yelp.com/biz/lanzhou-noodle-bar-london?adjust_creative=-uBzzloii2ivvF3N0jkhKQ&utm_campaign=yelp_api_v3&utm_medium=api_v3_business_search&utm_source=-uBzzloii2ivvF3N0jkhKQ,pdFiFtol9YI__9ROOXUIYA,,,,Halal,1,,,
52,Bun House,Chinese,4,££,26-27 Lisle Street,51.5116486,-0.1300835,https://www.yelp.com/biz/bun-house-london?adjust_creative=-uBzzloii2ivvF3N0jkhKQ&utm_campaign=yelp_api_v3&utm_medium=api_v3_business_search&utm_source=-uBzzloii2ivvF3N0jkhKQ,4wnP2JAuR92yoS3TybKyRA,,,,Food Court,1,,,
53,Haidilao Hot Pot,Chinese,,,13 Coventry St,51.51024269,-0.133251478,,,,,,Burgers,1,,,
54,Magic Wok,Chinese,,,Chadworth House,51.5270691,-0.0957904,,,,,,Szechuan,1,,,
55,Canton Element,Chinese,4.5,££,48 Red Lion Street,51.519862,-0.117582,https://www.yelp.com/biz/canton-element-london?adjust_creative=-uBzzloii2ivvF3N0jkhKQ&utm_campaign=yelp_api_v3&utm_medium=api_v3_business_search&utm_source=-uBzzloii2ivvF3N0jkhKQ,vtFvSTgUW9KICwDGtnQSug,,,,Vegetarian,1,,,
56,River View Chinese Restaurant,Chinese,4,££,New Crane Wharf,51.50579,-0.05393,https://www.yelp.com/biz/river-view-chinese-restaurant-london?adjust_creative=-uBzzloii2ivvF3N0jkhKQ&utm_campaign=yelp_api_v3&utm_medium=api_v3_business_search&utm_source=-uBzzloii2ivvF3N0jkhKQ,GUyS7KWsvqSNPz1mYMD8Bw,,,,Food Stands,1,,,
57,Oriental Dragon Restaurant,Chinese,4,££,100 Cleveland Street,51.522785,-0.141304,https://www.yelp.com/biz/oriental-dragon-restaurant-london?adjust_creative=-uBzzloii2ivvF3N0jkhKQ&utm_campaign=yelp_api_v3&utm_medium=api_v3_business_search&utm_source=-uBzzloii2ivvF3N0jkhKQ,HjJVnSHvkfs1C8uHvu5Ijw,,,,Diners,1,,,
58,Silk Road,Chinese,4,££,49 Camberwell Church Street,51.4739712,-0.0896081,https://www.yelp.com/biz/silk-road-london-2?adjust_creative=-uBzzloii2ivvF3N0jkhKQ&utm_campaign=yelp_api_v3&utm_medium=api_v3_business_search&utm_source=-uBzzloii2ivvF3N0jkhKQ,6iCxFP7Oc0qG_6ByenO0sw,,,,German,1,,,
59,Dalloway Terrace,Cocktail Bars,4.5,£££,16-22 Great Russell Street,51.51723027,-0.129096713,https://www.yelp.com/biz/dalloway-terrace-london?adjust_creative=-uBzzloii2ivvF3N0jkhKQ&utm_campaign=yelp_api_v3&utm_medium=api_v3_business_search&utm_source=-uBzzloii2ivvF3N0jkhKQ,zZQdJRJ1hqFuNWmCuOictg,,,,Bakeries,1,,,
60,The Breakfast Club,Coffee & Tea,4,££,33 D'Arblay Street,51.514733,-0.135406,https://www.yelp.com/biz/the-breakfast-club-london-2?adjust_creative=-uBzzloii2ivvF3N0jkhKQ&utm_campaign=yelp_api_v3&utm_medium=api_v3_business_search&utm_source=-uBzzloii2ivvF3N0jkhKQ,tYynO1nOy1GKxMV3jkxbmw,,,,Pancakes,1,,,
61,The English Rose Cafe and Tea Shop,Coffee & Tea,4.5,££,4 Lower Grosvenor Place,51.4980558,-0.1444512,https://www.yelp.com/biz/the-english-rose-cafe-and-tea-shop-london?adjust_creative=-uBzzloii2ivvF3N0jkhKQ&utm_campaign=yelp_api_v3&utm_medium=api_v3_business_search&utm_source=-uBzzloii2ivvF3N0jkhKQ,BjPq77aiaKZAVUHIu2S3gA,,,,American (New),1,,,
62,Fuckoffee,Coffee & Tea,4,£,163-167 Bermondsey Street,51.4993814,-0.0812485,https://www.yelp.com/biz/fuckoffee-london-3?adjust_creative=-uBzzloii2ivvF3N0jkhKQ&utm_campaign=yelp_api_v3&utm_medium=api_v3_business_search&utm_source=-uBzzloii2ivvF3N0jkhKQ,-22PaX8rQyh0ZQrdCiDz4A,,,,Asian Fusion,1,,,
63,Royal China,Dim Sum,4,££,13 Queensway,51.51050056,-0.187244316,https://www.yelp.com/biz/royal-china-london-2?adjust_creative=-uBzzloii2ivvF3N0jkhKQ&utm_campaign=yelp_api_v3&utm_medium=api_v3_business_search&utm_source=-uBzzloii2ivvF3N0jkhKQ,2NdnxONuSAsDkQPhU919tQ,,,,Argentine,1,,,
64,Yauatcha,Dim Sum,4,£££,15-17 Broadwick Street,51.51370761,-0.135128832,https://www.yelp.com/biz/yauatcha-london-8?adjust_creative=-uBzzloii2ivvF3N0jkhKQ&utm_campaign=yelp_api_v3&utm_medium=api_v3_business_search&utm_source=-uBzzloii2ivvF3N0jkhKQ,sYwBQ7mJYhB35nn-_SZstQ,,,,Grand Total,200,,,
65,VQ Euston,Diners,,,152-156 North Gower street,51.5259308,-0.1360934,,,,,,,,,,
66,The Queen of Sheba,Ethiopian,4.5,££,12 Fortess Road,51.5522561,-0.1408549,https://www.yelp.com/biz/the-queen-of-sheba-london?adjust_creative=-uBzzloii2ivvF3N0jkhKQ&utm_campaign=yelp_api_v3&utm_medium=api_v3_business_search&utm_source=-uBzzloii2ivvF3N0jkhKQ,W8uZ2XRz0mL1h8geJDD5MQ,,,,,,,,
67,Cirilo Filipino Kainan,Filipino,4.5,££,4 Cable Street,51.51072311,-0.068125002,https://www.yelp.com/biz/cirilo-filipino-kainan-london?adjust_creative=-uBzzloii2ivvF3N0jkhKQ&utm_campaign=yelp_api_v3&utm_medium=api_v3_business_search&utm_source=-uBzzloii2ivvF3N0jkhKQ,kzcpQD0mc1MAHtR6sO06HA,,,,,,,,
68,Laughing Halibut,Fish & Chips,4,££,38 Strutton Ground,51.49665447,-0.133777235,https://www.yelp.com/biz/laughing-halibut-london?adjust_creative=-uBzzloii2ivvF3N0jkhKQ&utm_campaign=yelp_api_v3&utm_medium=api_v3_business_search&utm_source=-uBzzloii2ivvF3N0jkhKQ,JJTlY7F3S9tiiO-eIeCL6g,,,,,,,,
69,Kerbisher & Malt,Fish & Chips,4.5,££,164 Shepherds Bush Road,51.49754799,-0.222881548,https://www.yelp.com/biz/kerbisher-and-malt-london?adjust_creative=-uBzzloii2ivvF3N0jkhKQ&utm_campaign=yelp_api_v3&utm_medium=api_v3_business_search&utm_source=-uBzzloii2ivvF3N0jkhKQ,xkNwEXkE6iMYzdszOLShyw,,,,,,,,
70,The Mayfair Chippy,Fish & Chips,4.5,££,14 North Audley Street,51.5131345,-0.1533961,https://www.yelp.com/biz/the-mayfair-chippy-london-2?adjust_creative=-uBzzloii2ivvF3N0jkhKQ&utm_campaign=yelp_api_v3&utm_medium=api_v3_business_search&utm_source=-uBzzloii2ivvF3N0jkhKQ,Vaq49W0ubGjuIc4h5_qQ0w,,,,,,,,
71,HOOK,Fish & Chips,4.5,££,65 Parkway Road,51.53708623,-0.145390885,https://www.yelp.com/biz/hook-london-5?adjust_creative=-uBzzloii2ivvF3N0jkhKQ&utm_campaign=yelp_api_v3&utm_medium=api_v3_business_search&utm_source=-uBzzloii2ivvF3N0jkhKQ,brpKI4Um8BAgg1Jeu3b_ew,,,,,,,,
72,The Golden Chippy,Fish & Chips,5,££,62 Greenwich High Road,51.475864,-0.018518,https://www.yelp.com/biz/the-golden-chippy-london?adjust_creative=-uBzzloii2ivvF3N0jkhKQ&utm_campaign=yelp_api_v3&utm_medium=api_v3_business_search&utm_source=-uBzzloii2ivvF3N0jkhKQ,lg0ZQJDQeHN_5Ela7ypyiw,,,,,,,,
73,Market Halls Victoria,Food Court,,,191 Victoria St,51.49672472,-0.143696041,,,,,,,,,,
74,Gastronomica,Food Stands,4.5,£,Borough Market,51.505428,-0.090252,https://www.yelp.com/biz/gastronomica-london-4?adjust_creative=-uBzzloii2ivvF3N0jkhKQ&utm_campaign=yelp_api_v3&utm_medium=api_v3_business_search&utm_source=-uBzzloii2ivvF3N0jkhKQ,0BDuohnoATEnz1c_5jxIdg,,,,,,,,
75,Sketch,French,4,£££,9 Conduit Street,51.51276147,-0.141591639,https://www.yelp.com/biz/sketch-london-2?adjust_creative=-uBzzloii2ivvF3N0jkhKQ&utm_campaign=yelp_api_v3&utm_medium=api_v3_business_search&utm_source=-uBzzloii2ivvF3N0jkhKQ,zJNI06Y2zZQFh9OBSFCdgQ,,,,,,,,
76,Savoir Faire,French,4.5,££,42 New Oxford Street,51.5171949,-0.1260125,https://www.yelp.com/biz/savoir-faire-london?adjust_creative=-uBzzloii2ivvF3N0jkhKQ&utm_campaign=yelp_api_v3&utm_medium=api_v3_business_search&utm_source=-uBzzloii2ivvF3N0jkhKQ,4ibHPLYd299_m1LOdcqxXw,,,,,,,,
77,Hide,French,,,85 Piccadilly,51.50615684,-0.144324264,,,,,,,,,,
78,Restaurant Gordon Ramsay,French,4.5,££££,68 Royal Hospital Road,51.485833,-0.161966,https://www.yelp.com/biz/restaurant-gordon-ramsay-london-3?adjust_creative=-uBzzloii2ivvF3N0jkhKQ&utm_campaign=yelp_api_v3&utm_medium=api_v3_business_search&utm_source=-uBzzloii2ivvF3N0jkhKQ,b8u_D0Qlp0-nqSC6O2fMNw,,,,,,,,
79,The Princess Victoria,Gastropubs,4.5,££,217 Uxbridge Road,51.5064884,-0.240907955,https://www.yelp.com/biz/the-princess-victoria-london?adjust_creative=-uBzzloii2ivvF3N0jkhKQ&utm_campaign=yelp_api_v3&utm_medium=api_v3_business_search&utm_source=-uBzzloii2ivvF3N0jkhKQ,jGLj2JsYF8to11i934Aisw,,,,,,,,
80,The Grazing Goat Marylebone,Gastropubs,4,££,6 New Quebec Street,51.51537834,-0.158235864,https://www.yelp.com/biz/the-grazing-goat-marylebone-london?adjust_creative=-uBzzloii2ivvF3N0jkhKQ&utm_campaign=yelp_api_v3&utm_medium=api_v3_business_search&utm_source=-uBzzloii2ivvF3N0jkhKQ,bJiVADMSTEKj0MjqiLrOPA,,,,,,,,
81,The Harwood Arms,Gastropubs,4.5,£££,27 Walham Grove,51.48291131,-0.19647099,https://www.yelp.com/biz/the-harwood-arms-london?adjust_creative=-uBzzloii2ivvF3N0jkhKQ&utm_campaign=yelp_api_v3&utm_medium=api_v3_business_search&utm_source=-uBzzloii2ivvF3N0jkhKQ,nxxCu3Svrmp2cNvfufrdFw,,,,,,,,
82,Drunch Regent's Park,Gastropubs,,,38 St John's Wood Terrace,51.5349618,-0.1688247,,,,,,,,,,
83,Zeitgeist,German,4,££,49 - 51 Black Prince Road,51.491333,-0.1182021,https://www.yelp.com/biz/zeitgeist-london-3?adjust_creative=-uBzzloii2ivvF3N0jkhKQ&utm_campaign=yelp_api_v3&utm_medium=api_v3_business_search&utm_source=-uBzzloii2ivvF3N0jkhKQ,sen5D3KKE0penBC7d5GlUQ,,,,,,,,
84,Lemonia,Greek,4,££,89 Regents Park Road,51.5416545,-0.1570446,https://www.yelp.com/biz/lemonia-london?adjust_creative=-uBzzloii2ivvF3N0jkhKQ&utm_campaign=yelp_api_v3&utm_medium=api_v3_business_search&utm_source=-uBzzloii2ivvF3N0jkhKQ,m1epUmCUUXAcI8Lsniuz0Q,,,,,,,,
85,Korean Bbq and Vegan Restaurant,Halal,,,5 Mile End Road,51.52029058,-0.055877321,,,,,,,,,,
86,Dishoom,Indian,4.5,££,22 Kingly Street,51.513087,-0.139767,https://www.yelp.com/biz/dishoom-london-7?adjust_creative=-uBzzloii2ivvF3N0jkhKQ&utm_campaign=yelp_api_v3&utm_medium=api_v3_business_search&utm_source=-uBzzloii2ivvF3N0jkhKQ,mc1KLbA1Sy4kUTKo0ZEeRQ,,,,,,,,
87,Tayyabs,Indian,4,££,83-89 Fieldgate Street,51.51722337,-0.0633161,https://www.yelp.com/biz/tayyabs-london-3?adjust_creative=-uBzzloii2ivvF3N0jkhKQ&utm_campaign=yelp_api_v3&utm_medium=api_v3_business_search&utm_source=-uBzzloii2ivvF3N0jkhKQ,Que7HUcGPIdWGme3IjEWXg,,,,,,,,
88,Dishoom,Indian,4.5,££,12 Upper Saint Martin's Lane,51.51244703,-0.126957922,https://www.yelp.com/biz/dishoom-london?adjust_creative=-uBzzloii2ivvF3N0jkhKQ&utm_campaign=yelp_api_v3&utm_medium=api_v3_business_search&utm_source=-uBzzloii2ivvF3N0jkhKQ,oK_SLmmAVQg3meguh7LrIA,,,,,,,,
89,Circolo Popolare,Italian,,,40-41 Rathbone Place,51.5173111,-0.133615002,,,,,,,,,,
90,Piccolino,Italian,4,££,21 Heddon Street,51.510953,-0.139739,https://www.yelp.com/biz/piccolino-london-2?adjust_creative=-uBzzloii2ivvF3N0jkhKQ&utm_campaign=yelp_api_v3&utm_medium=api_v3_business_search&utm_source=-uBzzloii2ivvF3N0jkhKQ,RRBZpT_Ljv-Mol53nAjvGg,,,,,,,,
91,Santore,Italian,4.5,££,59-61 Exmouth Market,51.52627837,-0.108517493,https://www.yelp.com/biz/santore-london?adjust_creative=-uBzzloii2ivvF3N0jkhKQ&utm_campaign=yelp_api_v3&utm_medium=api_v3_business_search&utm_source=-uBzzloii2ivvF3N0jkhKQ,KRS7yBZBFT80iA86ahtQ-g,,,,,,,,
92,Bon Gusto,Italian,4.5,££,75-77 Buckingham Gate,51.4992042,-0.1378462,https://www.yelp.com/biz/bon-gusto-london?adjust_creative=-uBzzloii2ivvF3N0jkhKQ&utm_campaign=yelp_api_v3&utm_medium=api_v3_business_search&utm_source=-uBzzloii2ivvF3N0jkhKQ,EKM6VmUANUVy5wqXT7gEXQ,,,,,,,,
93,Conchiglia,Italian,4.5,££,125 Great Titchfield St,51.5207595,-0.1417802,https://www.yelp.com/biz/conchiglia-london?adjust_creative=-uBzzloii2ivvF3N0jkhKQ&utm_campaign=yelp_api_v3&utm_medium=api_v3_business_search&utm_source=-uBzzloii2ivvF3N0jkhKQ,nKdgPrFZgxFciMOPNdmfaA,,,,,,,,
94,Cecconi's Mayfair,Italian,4,£££,5A Burlington Gardens,51.51004817,-0.14055809,https://www.yelp.com/biz/cecconis-mayfair-london-2?adjust_creative=-uBzzloii2ivvF3N0jkhKQ&utm_campaign=yelp_api_v3&utm_medium=api_v3_business_search&utm_source=-uBzzloii2ivvF3N0jkhKQ,Gqs6N5V7PcIF_DbTceEFiQ,,,,,,,,
95,Pesantissimo,Italian,4,££,57 Regents Park Road,51.54084139,-0.157658621,https://www.yelp.com/biz/pesantissimo-london?adjust_creative=-uBzzloii2ivvF3N0jkhKQ&utm_campaign=yelp_api_v3&utm_medium=api_v3_business_search&utm_source=-uBzzloii2ivvF3N0jkhKQ,wK1jADUhsD0102bIlp-PaA,,,,,,,,
96,Domo 94,Italian,4.5,££,94 Camden Road,51.5412931,-0.1385957,https://www.yelp.com/biz/domo-94-london?adjust_creative=-uBzzloii2ivvF3N0jkhKQ&utm_campaign=yelp_api_v3&utm_medium=api_v3_business_search&utm_source=-uBzzloii2ivvF3N0jkhKQ,I0CdzZuM1lNe6YENxl1hLQ,,,,,,,,
97,Cacio & Pepe,Italian,5,£££,46 Churton Street,51.4912538,-0.1392584,https://www.yelp.com/biz/cacio-and-pepe-london?adjust_creative=-uBzzloii2ivvF3N0jkhKQ&utm_campaign=yelp_api_v3&utm_medium=api_v3_business_search&utm_source=-uBzzloii2ivvF3N0jkhKQ,ZUGNQVHJy8FXxF5dsv2JFg,,,,,,,,
98,manteca,Italian,,,58-59 Great Marlborough St,51.5145853,-0.137349,,,,,,,,,,
99,Da Mario Restaurant,Italian,4.5,££,15 Gloucester Road,51.49872282,-0.183567238,https://www.yelp.com/biz/da-mario-restaurant-london?adjust_creative=-uBzzloii2ivvF3N0jkhKQ&utm_campaign=yelp_api_v3&utm_medium=api_v3_business_search&utm_source=-uBzzloii2ivvF3N0jkhKQ,ZfM-yM1OWk41l8RJNRMnvw,,,,,,,,
100,Gloria,Italian,,,54-56 Great Eastern Street,51.5250382,-0.0812426,,,,,,,,,,
101,Manicomio,Italian,4,££,85 Duke of York Square,51.49143259,-0.159535474,https://www.yelp.com/biz/manicomio-london?adjust_creative=-uBzzloii2ivvF3N0jkhKQ&utm_campaign=yelp_api_v3&utm_medium=api_v3_business_search&utm_source=-uBzzloii2ivvF3N0jkhKQ,9kv1M4yxkU30681vKmcgsw,,,,,,,,
102,Bocca Di Lupo,Italian,4,£££,12 Archer Street,51.51168369,-0.133953507,https://www.yelp.com/biz/bocca-di-lupo-london?adjust_creative=-uBzzloii2ivvF3N0jkhKQ&utm_campaign=yelp_api_v3&utm_medium=api_v3_business_search&utm_source=-uBzzloii2ivvF3N0jkhKQ,eRsWcoSBWYkfhfXoHxnIEg,,,,,,,,
103,Brizzi's,Italian,5,£,131 Drummond Street,51.527082,-0.136661,https://www.yelp.com/biz/brizzis-london?adjust_creative=-uBzzloii2ivvF3N0jkhKQ&utm_campaign=yelp_api_v3&utm_medium=api_v3_business_search&utm_source=-uBzzloii2ivvF3N0jkhKQ,hfmhrnn-ZxQlhI7tTMCWAg,,,,,,,,
104,Padella,Italian,4.5,££,6 Southwark Street,51.5051451,-0.0899515,https://www.yelp.com/biz/padella-london-3?adjust_creative=-uBzzloii2ivvF3N0jkhKQ&utm_campaign=yelp_api_v3&utm_medium=api_v3_business_search&utm_source=-uBzzloii2ivvF3N0jkhKQ,KzYd2EaFvmu63wqTIektSA,,,,,,,,
105,Oliveto,Italian,4,££,49 Elizabeth Street,51.493495,-0.150923,https://www.yelp.com/biz/oliveto-london?adjust_creative=-uBzzloii2ivvF3N0jkhKQ&utm_campaign=yelp_api_v3&utm_medium=api_v3_business_search&utm_source=-uBzzloii2ivvF3N0jkhKQ,E7uTFoTXygHYo_KAaHRjpw,,,,,,,,
106,Il Portico,Italian,5,£££,277 Kensington High Street,51.4985799,-0.2000019,https://www.yelp.com/biz/il-portico-london?adjust_creative=-uBzzloii2ivvF3N0jkhKQ&utm_campaign=yelp_api_v3&utm_medium=api_v3_business_search&utm_source=-uBzzloii2ivvF3N0jkhKQ,jcWobjpfGS5AaJuh13UbUw,,,,,,,,
107,Orsini,Italian,4,££,8A Thurloe Place,51.496176,-0.169932,https://www.yelp.com/biz/orsini-london?adjust_creative=-uBzzloii2ivvF3N0jkhKQ&utm_campaign=yelp_api_v3&utm_medium=api_v3_business_search&utm_source=-uBzzloii2ivvF3N0jkhKQ,mnLM9jFngaaL8EdH0qHnWw,,,,,,,,
108,Misato,Japanese,4,£,11 Wardour Street,51.51085731,-0.1318711,https://www.yelp.com/biz/misato-london?adjust_creative=-uBzzloii2ivvF3N0jkhKQ&utm_campaign=yelp_api_v3&utm_medium=api_v3_business_search&utm_source=-uBzzloii2ivvF3N0jkhKQ,iCI1872SCAnbZBEj6pII6g,,,,,,,,
109,Abeno,Japanese,4.5,££,47 Museum Street,51.5175591,-0.125158,https://www.yelp.com/biz/abeno-london?adjust_creative=-uBzzloii2ivvF3N0jkhKQ&utm_campaign=yelp_api_v3&utm_medium=api_v3_business_search&utm_source=-uBzzloii2ivvF3N0jkhKQ,Zc0HW9Q1HAXNkiiyh9G_Lw,,,,,,,,
110,Roka,Japanese,4,£££,37 Charlotte Street,51.51897414,-0.135395836,https://www.yelp.com/biz/roka-london-9?adjust_creative=-uBzzloii2ivvF3N0jkhKQ&utm_campaign=yelp_api_v3&utm_medium=api_v3_business_search&utm_source=-uBzzloii2ivvF3N0jkhKQ,bz-YqeJaLeQCP85S6e0pig,,,,,,,,
111,"Wasabi, Sushi & Bento",Japanese,4.5,£,Kings Cross Station,51.53096001,-0.120162964,https://www.yelp.com/biz/wasabi-sushi-and-bento-london-3?adjust_creative=-uBzzloii2ivvF3N0jkhKQ&utm_campaign=yelp_api_v3&utm_medium=api_v3_business_search&utm_source=-uBzzloii2ivvF3N0jkhKQ,wD0aksrjRzx1FxsCTI_2ug,,,,,,,,
112,Tanakatsu,Japanese,,,10 Wakley St,51.5302867,-0.1020046,,,,,,,,,,
113,Tokyo Sukiyaki-Tei,Japanese,4,£££,85 Sloane Avenue,51.4924797,-0.1666259,https://www.yelp.com/biz/tokyo-sukiyaki-tei-london-2?adjust_creative=-uBzzloii2ivvF3N0jkhKQ&utm_campaign=yelp_api_v3&utm_medium=api_v3_business_search&utm_source=-uBzzloii2ivvF3N0jkhKQ,Q47vrEbD-J3c8dgLvF9pmg,,,,,,,,
114,Wabi London,Japanese,4.5,££££,36-38 Kingsway,51.5159237,-0.1187847,https://www.yelp.com/biz/wabi-london-london?adjust_creative=-uBzzloii2ivvF3N0jkhKQ&utm_campaign=yelp_api_v3&utm_medium=api_v3_business_search&utm_source=-uBzzloii2ivvF3N0jkhKQ,OLLxnK8lOccNvDXX20EL9Q,,,,,,,,
115,Koya Soho,Japanese,4,££,50 Frith Street,51.513632,-0.131762,https://www.yelp.com/biz/koya-soho-london?adjust_creative=-uBzzloii2ivvF3N0jkhKQ&utm_campaign=yelp_api_v3&utm_medium=api_v3_business_search&utm_source=-uBzzloii2ivvF3N0jkhKQ,EkaGxBRXazpwM5-1_krjlw,,,,,,,,
116,Tokyo Diner,Japanese,4,££,2 Newport Place,51.51183454,-0.129325721,https://www.yelp.com/biz/tokyo-diner-london?adjust_creative=-uBzzloii2ivvF3N0jkhKQ&utm_campaign=yelp_api_v3&utm_medium=api_v3_business_search&utm_source=-uBzzloii2ivvF3N0jkhKQ,V3PKWvQlPs2WXLHyfYAudQ,,,,,,,,
117,Shoryu Ramen,Japanese,4,££,9 Regent Street,51.50849486,-0.133814486,https://www.yelp.com/biz/shoryu-ramen-london?adjust_creative=-uBzzloii2ivvF3N0jkhKQ&utm_campaign=yelp_api_v3&utm_medium=api_v3_business_search&utm_source=-uBzzloii2ivvF3N0jkhKQ,SuOm8qiv8MPAqj71PBI9bg,,,,,,,,
118,Kintan Japanese BBQ,Japanese,4,££,34 High Holborn,51.5183782,-0.113517733,https://www.yelp.com/biz/kintan-japanese-bbq-london-2?adjust_creative=-uBzzloii2ivvF3N0jkhKQ&utm_campaign=yelp_api_v3&utm_medium=api_v3_business_search&utm_source=-uBzzloii2ivvF3N0jkhKQ,tnRBfmhN3QfsqOT2ZhG0LA,,,,,,,,
119,Nambu Tei,Japanese,4.5,££,Berkeley Arcade,51.5226969,-0.158014,https://www.yelp.com/biz/nambu-tei-london?adjust_creative=-uBzzloii2ivvF3N0jkhKQ&utm_campaign=yelp_api_v3&utm_medium=api_v3_business_search&utm_source=-uBzzloii2ivvF3N0jkhKQ,OHul9fimgElPU2Jvo5GQPQ,,,,,,,,
120,Kazu,Japanese,,,64 Charlotte Street,51.520395,-0.136428,,,,,,,,,,
121,Wagamama,Japanese,3.5,££,Cardinal Place,51.49677999,-0.141947123,https://www.yelp.com/biz/wagamama-london-7?adjust_creative=-uBzzloii2ivvF3N0jkhKQ&utm_campaign=yelp_api_v3&utm_medium=api_v3_business_search&utm_source=-uBzzloii2ivvF3N0jkhKQ,9PV9JzlECK1e6qW0lBbaMA,,,,,,,,
122,Naru,Korean,4,££,230 Shaftsbury Avenue,51.51677235,-0.125953474,https://www.yelp.com/biz/naru-london?adjust_creative=-uBzzloii2ivvF3N0jkhKQ&utm_campaign=yelp_api_v3&utm_medium=api_v3_business_search&utm_source=-uBzzloii2ivvF3N0jkhKQ,3wimQGFaqwIhW_nyRbC0Xg,,,,,,,,
123,Bibimbap ,Korean,4,£,11 Greek Street,51.51442771,-0.130957402,https://www.yelp.com/biz/bibimbap-london-4?adjust_creative=-uBzzloii2ivvF3N0jkhKQ&utm_campaign=yelp_api_v3&utm_medium=api_v3_business_search&utm_source=-uBzzloii2ivvF3N0jkhKQ,AEnndtDba_Tv3g-Zr-tD-Q,,,,,,,,
124,Jinjuu,Korean,4,£££,15 Kingly Street,51.51239547,-0.138893651,https://www.yelp.com/biz/jinjuu-london?adjust_creative=-uBzzloii2ivvF3N0jkhKQ&utm_campaign=yelp_api_v3&utm_medium=api_v3_business_search&utm_source=-uBzzloii2ivvF3N0jkhKQ,XHCHzTZOxyXFIaI52rU4CQ,,,,,,,,
125,On The Bab,Korean,4,££,305 Old Street,51.52676539,-0.081528143,https://www.yelp.com/biz/on-the-bab-london?adjust_creative=-uBzzloii2ivvF3N0jkhKQ&utm_campaign=yelp_api_v3&utm_medium=api_v3_business_search&utm_source=-uBzzloii2ivvF3N0jkhKQ,tQLHS3esu_vLtkbdPYSY6A,,,,,,,,
126,Tito's,Latin American,,,273A Clapham Road,51.4709636,-0.1234425,,,,,,,,,,
127,Paladar,Latin American,,,4-5 London Rd,51.4981401,-0.104369,,,,,,,,,,
128,El Rincon Quiteño,Latin American,4,£,235 Holloway Road,51.551448,-0.111144,https://www.yelp.com/biz/el-rincon-quite%C3%B1o-london-2?adjust_creative=-uBzzloii2ivvF3N0jkhKQ&utm_campaign=yelp_api_v3&utm_medium=api_v3_business_search&utm_source=-uBzzloii2ivvF3N0jkhKQ,c-cEnOLF6sCJaTLxFaX1SQ,,,,,,,,
129,The Barge House,Lounges,4,££,46 De Beauvoir Crescent,51.5372997,-0.0808728,https://www.yelp.com/biz/the-barge-house-london?adjust_creative=-uBzzloii2ivvF3N0jkhKQ&utm_campaign=yelp_api_v3&utm_medium=api_v3_business_search&utm_source=-uBzzloii2ivvF3N0jkhKQ,n7vXgfapPy4uGLgqsUTDyg,,,,,,,,
130,Laksamania,Malaysian,,,92 Newman Street,51.5162025,-0.1349913,,,,,,,,,,
131,The Ninth London,Mediterranean,4.5,£££,22 Charlotte Street,51.518833,-0.134849,https://www.yelp.com/biz/the-ninth-london-london?adjust_creative=-uBzzloii2ivvF3N0jkhKQ&utm_campaign=yelp_api_v3&utm_medium=api_v3_business_search&utm_source=-uBzzloii2ivvF3N0jkhKQ,hyBMgmRZ5uvwJEg3N4zd3w,,,,,,,,
132,NOPI,Mediterranean,4,£££,21-22 Warwick Street,51.511617,-0.1385226,https://www.yelp.com/biz/nopi-london?adjust_creative=-uBzzloii2ivvF3N0jkhKQ&utm_campaign=yelp_api_v3&utm_medium=api_v3_business_search&utm_source=-uBzzloii2ivvF3N0jkhKQ,AMfqUC9oYC0xc55MaXbvAA,,,,,,,,
133,Otto Restaurant,Mediterranean,5,££,44 High Street,51.57824,0.02585,https://www.yelp.com/biz/otto-restaurant-wanstead?adjust_creative=-uBzzloii2ivvF3N0jkhKQ&utm_campaign=yelp_api_v3&utm_medium=api_v3_business_search&utm_source=-uBzzloii2ivvF3N0jkhKQ,QZKDYFKL8NcXt1UrUjlvGw,,,,,,,,
134,Wahaca,Mexican,4,££,80 Wardour Street,51.51333452,-0.133769912,https://www.yelp.com/biz/wahaca-london-3?adjust_creative=-uBzzloii2ivvF3N0jkhKQ&utm_campaign=yelp_api_v3&utm_medium=api_v3_business_search&utm_source=-uBzzloii2ivvF3N0jkhKQ,9Iv6083qkdRpDdpIrD1uqA,,,,,,,,
135,Maria Sabina,Mexican,,,Belvedere Road,51.5054824,-0.1158305,,,,,,,,,,
136,Mestizo,Mexican,4,££,103 Hampstead Road,51.52752,-0.1387649,https://www.yelp.com/biz/mestizo-london?adjust_creative=-uBzzloii2ivvF3N0jkhKQ&utm_campaign=yelp_api_v3&utm_medium=api_v3_business_search&utm_source=-uBzzloii2ivvF3N0jkhKQ,XeAaUJWcS9RZsE80a1UxjA,,,,,,,,
137,Honey & Co,Middle Eastern,4.5,££,25a Warren Street,51.5238287,-0.1407882,https://www.yelp.com/biz/honey-and-co-london?adjust_creative=-uBzzloii2ivvF3N0jkhKQ&utm_campaign=yelp_api_v3&utm_medium=api_v3_business_search&utm_source=-uBzzloii2ivvF3N0jkhKQ,Rb3xF0gkAwnDHML6okB1FA,,,,,,,,
138,Maroush II,Middle Eastern,4.5,££,38 Beauchamp Place,51.49724,-0.164357,https://www.yelp.com/biz/maroush-ii-london?adjust_creative=-uBzzloii2ivvF3N0jkhKQ&utm_campaign=yelp_api_v3&utm_medium=api_v3_business_search&utm_source=-uBzzloii2ivvF3N0jkhKQ,_hoy9y5s47Bx2tCrXv1OVw,,,,,,,,
139,Meza,Middle Eastern,4.5,££,34 Trinity Rd,51.43633652,-0.160499007,https://www.yelp.com/biz/meza-london-2?adjust_creative=-uBzzloii2ivvF3N0jkhKQ&utm_campaign=yelp_api_v3&utm_medium=api_v3_business_search&utm_source=-uBzzloii2ivvF3N0jkhKQ,JhDzjSxqeSAQN3zXy5p3Mw,,,,,,,,
140,The Palomar Restaurant,Middle Eastern,4.5,£££,34 Rupert Street,51.5111632,-0.1327159,https://www.yelp.com/biz/the-palomar-restaurant-london?adjust_creative=-uBzzloii2ivvF3N0jkhKQ&utm_campaign=yelp_api_v3&utm_medium=api_v3_business_search&utm_source=-uBzzloii2ivvF3N0jkhKQ,D8T1NJ982wZPiItnxp2AKA,,,,,,,,
141,10 Greek Street,Modern European,4.5,£££,10 Greek Street,51.51449817,-0.131063461,https://www.yelp.com/biz/10-greek-street-london?adjust_creative=-uBzzloii2ivvF3N0jkhKQ&utm_campaign=yelp_api_v3&utm_medium=api_v3_business_search&utm_source=-uBzzloii2ivvF3N0jkhKQ,PEgAoJeVtVAbmuNKUWa-wg,,,,,,,,
142,London House by Gordon Ramsay,Modern European,4.5,£££,7-9 Battersea Square,51.47523755,-0.175284296,https://www.yelp.com/biz/london-house-by-gordon-ramsay-london-2?adjust_creative=-uBzzloii2ivvF3N0jkhKQ&utm_campaign=yelp_api_v3&utm_medium=api_v3_business_search&utm_source=-uBzzloii2ivvF3N0jkhKQ,Iv5LUZ-VnS18rxAJZQAqDQ,,,,,,,,
143,The Ledbury,Modern European,4.5,££££,127 Ledbury Road,51.516819,-0.200107,https://www.yelp.com/biz/the-ledbury-london?adjust_creative=-uBzzloii2ivvF3N0jkhKQ&utm_campaign=yelp_api_v3&utm_medium=api_v3_business_search&utm_source=-uBzzloii2ivvF3N0jkhKQ,bEmaFY0A9JwpuxHKJXWx7Q,,,,,,,,
144,Duck & Waffle,Modern European,4,£££,110 Bishopsgate,51.516178,-0.08094,https://www.yelp.com/biz/duck-and-waffle-london?adjust_creative=-uBzzloii2ivvF3N0jkhKQ&utm_campaign=yelp_api_v3&utm_medium=api_v3_business_search&utm_source=-uBzzloii2ivvF3N0jkhKQ,hOLFwKg4-0FsCleJ4yoCXw,,,,,,,,
145,Kiln,Noodles,4.5,££,58 Brewer Street,51.5114108,-0.1360504,https://www.yelp.com/biz/kiln-london?adjust_creative=-uBzzloii2ivvF3N0jkhKQ&utm_campaign=yelp_api_v3&utm_medium=api_v3_business_search&utm_source=-uBzzloii2ivvF3N0jkhKQ,VTOd4cweIR_5uMHh0KLeBg,,,,,,,,
146,Dumpling Shack,Noodles,,,Old Spitalfields Market,51.519658,-0.075339,,,,,,,,,,
147,Xi'An BiangBiang Noodles,Noodles,,,62 Wentworth St,51.51671209,-0.073513071,,,,,,,,,,
148,Where the Pancakes are,Pancakes,4.5,££,Arch 35a,51.504367,-0.0955551,https://www.yelp.com/biz/where-the-pancakes-are-london-2?adjust_creative=-uBzzloii2ivvF3N0jkhKQ&utm_campaign=yelp_api_v3&utm_medium=api_v3_business_search&utm_source=-uBzzloii2ivvF3N0jkhKQ,7_mJPWb6tREPW58f2xRpgA,,,,,,,,
149,Persepolis,Persian/Iranian,4.5,£,28-30 Peckham High Street,51.4733916,-0.0722307,https://www.yelp.com/biz/persepolis-london?adjust_creative=-uBzzloii2ivvF3N0jkhKQ&utm_campaign=yelp_api_v3&utm_medium=api_v3_business_search&utm_source=-uBzzloii2ivvF3N0jkhKQ,sR_XQYWwLiF5Lkj8-Cu-RA,,,,,,,,
150,Persian Nights,Persian/Iranian,,,379 Uxbridge Road,51.508502,-0.282541,,,,,,,,,,
151,Ceviche,Peruvian,4,££,2 Baldwin Street,51.526855,-0.088516,https://www.yelp.com/biz/ceviche-london-4?adjust_creative=-uBzzloii2ivvF3N0jkhKQ&utm_campaign=yelp_api_v3&utm_medium=api_v3_business_search&utm_source=-uBzzloii2ivvF3N0jkhKQ,ayyf0pUSZ_uZa7UKi3qExQ,,,,,,,,
152,Pachamama,Peruvian,4.5,£££,18 Thayer Street,51.5171822,-0.1515276,https://www.yelp.com/biz/pachamama-london?adjust_creative=-uBzzloii2ivvF3N0jkhKQ&utm_campaign=yelp_api_v3&utm_medium=api_v3_business_search&utm_source=-uBzzloii2ivvF3N0jkhKQ,2qk8fjk5VrrxtuefMKl44g,,,,,,,,
153,Albertini Restaurant,Pizza,4.5,£,16-20 Chalton Street,51.52902985,-0.129214004,https://www.yelp.com/biz/albertini-restaurant-london?adjust_creative=-uBzzloii2ivvF3N0jkhKQ&utm_campaign=yelp_api_v3&utm_medium=api_v3_business_search&utm_source=-uBzzloii2ivvF3N0jkhKQ,FXSGVcfBDYytOHHyLsoCCg,,,,,,,,
154,Homeslice Neal's Yard,Pizza,4.5,££,13 Neal's Yard,51.5144381,-0.126426543,https://www.yelp.com/biz/homeslice-neals-yard-london?adjust_creative=-uBzzloii2ivvF3N0jkhKQ&utm_campaign=yelp_api_v3&utm_medium=api_v3_business_search&utm_source=-uBzzloii2ivvF3N0jkhKQ,3AqrHgpIbcMXj0q-p_oPzg,,,,,,,,
155,Gordon Ramsay Street Pizza,Pizza,4.5,££,One New Change,51.5135498,-0.095229998,https://www.yelp.com/biz/gordon-ramsay-street-pizza-london?adjust_creative=-uBzzloii2ivvF3N0jkhKQ&utm_campaign=yelp_api_v3&utm_medium=api_v3_business_search&utm_source=-uBzzloii2ivvF3N0jkhKQ,#NAME?,,,,,,,,
156,Nandos,Portuguese,5,££,Prince Charles Drive,51.576185,-0.224535,https://www.yelp.com/biz/nandos-london-63?adjust_creative=-uBzzloii2ivvF3N0jkhKQ&utm_campaign=yelp_api_v3&utm_medium=api_v3_business_search&utm_source=-uBzzloii2ivvF3N0jkhKQ,tek6oZ3bfQK4IeLTz7Eg1Q,,,,,,,,
157,Oceano Restaurant,Portuguese,4.5,££,381 High Road,51.56115458,-0.01030521,https://www.yelp.com/biz/oceano-restaurant-london?adjust_creative=-uBzzloii2ivvF3N0jkhKQ&utm_campaign=yelp_api_v3&utm_medium=api_v3_business_search&utm_source=-uBzzloii2ivvF3N0jkhKQ,pKVydxEwysoBs-J0491MGQ,,,,,,,,
158,CASK Pub and Kitchen,Pubs,4.5,££,6 Charlwood Street,51.4913504,-0.137536888,https://www.yelp.com/biz/cask-pub-and-kitchen-london-2?adjust_creative=-uBzzloii2ivvF3N0jkhKQ&utm_campaign=yelp_api_v3&utm_medium=api_v3_business_search&utm_source=-uBzzloii2ivvF3N0jkhKQ,5o8lm4tCTGgZfH0N4QAgMg,,,,,,,,
159,Ye Olde Cheshire Cheese,Pubs,4,££,145 Fleet Street,51.5143449,-0.107315,https://www.yelp.com/biz/ye-olde-cheshire-cheese-london?adjust_creative=-uBzzloii2ivvF3N0jkhKQ&utm_campaign=yelp_api_v3&utm_medium=api_v3_business_search&utm_source=-uBzzloii2ivvF3N0jkhKQ,#NAME?,,,,,,,,
160,The Churchill Arms,Pubs,4,££,119 Kensington Church Street,51.5068261,-0.194781,https://www.yelp.com/biz/the-churchill-arms-london?adjust_creative=-uBzzloii2ivvF3N0jkhKQ&utm_campaign=yelp_api_v3&utm_medium=api_v3_business_search&utm_source=-uBzzloii2ivvF3N0jkhKQ,hGiblm0l67sLGTtsMvx51A,,,,,,,,
161,The Victoria,Pubs,4.5,££,10a Strathearn Place,51.51350404,-0.1711996,https://www.yelp.com/biz/the-victoria-paddington?adjust_creative=-uBzzloii2ivvF3N0jkhKQ&utm_campaign=yelp_api_v3&utm_medium=api_v3_business_search&utm_source=-uBzzloii2ivvF3N0jkhKQ,teXPunKtpwj0NuttvPYhyQ,,,,,,,,
162,Shaws Booksellers,Pubs,4,££,31-34 ST Andrews Hill,51.512585,-0.101323,https://www.yelp.com/biz/shaws-booksellers-london?adjust_creative=-uBzzloii2ivvF3N0jkhKQ&utm_campaign=yelp_api_v3&utm_medium=api_v3_business_search&utm_source=-uBzzloii2ivvF3N0jkhKQ,hZpSADTddEKuEQ6RskB2zA,,,,,,,,
163,Kanada-Ya,Ramen,4.5,££,64 St Giles High Street,51.51555,-0.127588,https://www.yelp.com/biz/kanada-ya-london?adjust_creative=-uBzzloii2ivvF3N0jkhKQ&utm_campaign=yelp_api_v3&utm_medium=api_v3_business_search&utm_source=-uBzzloii2ivvF3N0jkhKQ,Odvs0d73SgqDiOQVPNi0dQ,,,,,,,,
164,Monohon Ramen,Ramen,4.5,££,102 Old Street,51.52487975,-0.092659768,https://www.yelp.com/biz/monohon-ramen-london?adjust_creative=-uBzzloii2ivvF3N0jkhKQ&utm_campaign=yelp_api_v3&utm_medium=api_v3_business_search&utm_source=-uBzzloii2ivvF3N0jkhKQ,0KWaFfC4UvmN8nK5Gt8VSA,,,,,,,,
165,Sandwich Shop,Sandwiches,4.5,£,54 Gloucester Road,51.4980207,-0.1839306,https://www.yelp.com/biz/sandwich-shop-london?adjust_creative=-uBzzloii2ivvF3N0jkhKQ&utm_campaign=yelp_api_v3&utm_medium=api_v3_business_search&utm_source=-uBzzloii2ivvF3N0jkhKQ,c897jdNz40fc0AzNhmf4xg,,,,,,,,
166,Wright Brothers,Seafood,4,£££,11 Stoney Street,51.5056294,-0.091536571,https://www.yelp.com/biz/wright-brothers-london-13?adjust_creative=-uBzzloii2ivvF3N0jkhKQ&utm_campaign=yelp_api_v3&utm_medium=api_v3_business_search&utm_source=-uBzzloii2ivvF3N0jkhKQ,34F8sZE1xq-Ki-zSPbHrGg,,,,,,,,
167,Burger & Lobster,Seafood,4,££,36 Dean Street,51.5135487,-0.1322316,https://www.yelp.com/biz/burger-and-lobster-london-2?adjust_creative=-uBzzloii2ivvF3N0jkhKQ&utm_campaign=yelp_api_v3&utm_medium=api_v3_business_search&utm_source=-uBzzloii2ivvF3N0jkhKQ,ECyM2jq83wTVQrf9CEI01A,,,,,,,,
168,Wright Brothers - South Kensington,Seafood,4.5,££,56 Old Brompton Road,51.49316,-0.176494,https://www.yelp.com/biz/wright-brothers-south-kensington-london-2?adjust_creative=-uBzzloii2ivvF3N0jkhKQ&utm_campaign=yelp_api_v3&utm_medium=api_v3_business_search&utm_source=-uBzzloii2ivvF3N0jkhKQ,knbrmUV4xYqieFvNuAQp0g,,,,,,,,
169,Scott's,Seafood,4.5,££££,20 Mount Street,51.5098472,-0.150917,https://www.yelp.com/biz/scotts-london-4?adjust_creative=-uBzzloii2ivvF3N0jkhKQ&utm_campaign=yelp_api_v3&utm_medium=api_v3_business_search&utm_source=-uBzzloii2ivvF3N0jkhKQ,lMhErBByefchffCCf5fUjQ,,,,,,,,
170,The Oystermen Seafood Bar & Kitchen,Seafood,4,££,32 Henrietta Street,51.511273,-0.123678,https://www.yelp.com/biz/the-oystermen-seafood-bar-and-kitchen-london?adjust_creative=-uBzzloii2ivvF3N0jkhKQ&utm_campaign=yelp_api_v3&utm_medium=api_v3_business_search&utm_source=-uBzzloii2ivvF3N0jkhKQ,xGG-eXfTPyOsopFfGG24CQ,,,,,,,,
171,José,Spanish,4.5,££,104 Bermondsey Street,51.5004996,-0.0819549,https://www.yelp.com/biz/jos%C3%A9-london-2?adjust_creative=-uBzzloii2ivvF3N0jkhKQ&utm_campaign=yelp_api_v3&utm_medium=api_v3_business_search&utm_source=-uBzzloii2ivvF3N0jkhKQ,GtjaGgiKiMPxjPcPtxgUiQ,,,,,,,,
172,El Parador,Spanish,4.5,££,245 Eversholt Street,51.5335736,-0.1377578,https://www.yelp.com/biz/el-parador-london?adjust_creative=-uBzzloii2ivvF3N0jkhKQ&utm_campaign=yelp_api_v3&utm_medium=api_v3_business_search&utm_source=-uBzzloii2ivvF3N0jkhKQ,mPco-JtqwgjMxvghVyKlzg,,,,,,,,
173,Carmen Bar De Tapas,Spanish,4,££,6 Clapham Common South Side,51.461562,-0.137833,https://www.yelp.com/biz/carmen-bar-de-tapas-london?adjust_creative=-uBzzloii2ivvF3N0jkhKQ&utm_campaign=yelp_api_v3&utm_medium=api_v3_business_search&utm_source=-uBzzloii2ivvF3N0jkhKQ,oHChMAEdji2RzwQXHdMvoA,,,,,,,,
174,Barrafina,Spanish,4.5,£££,10 Adelaide Street,51.5093806,-0.1258185,https://www.yelp.com/biz/barrafina-london-4?adjust_creative=-uBzzloii2ivvF3N0jkhKQ&utm_campaign=yelp_api_v3&utm_medium=api_v3_business_search&utm_source=-uBzzloii2ivvF3N0jkhKQ,xvr5aSeoJg5ZAJM4FG99xg,,,,,,,,
175,Barrafina,Spanish,4.5,££,43 Drury Lane,51.5143394,-0.1219044,https://www.yelp.com/biz/barrafina-london-5?adjust_creative=-uBzzloii2ivvF3N0jkhKQ&utm_campaign=yelp_api_v3&utm_medium=api_v3_business_search&utm_source=-uBzzloii2ivvF3N0jkhKQ,LVtracBONt-BsZ4Vr8_z_g,,,,,,,,
176,Hoppers,Sri Lankan,4.5,££,49 Frith Street,51.51357651,-0.131750003,https://www.yelp.com/biz/hoppers-soho?adjust_creative=-uBzzloii2ivvF3N0jkhKQ&utm_campaign=yelp_api_v3&utm_medium=api_v3_business_search&utm_source=-uBzzloii2ivvF3N0jkhKQ,2U4muki2mQXmkefOtL1VYQ,,,,,,,,
177,Flat Iron,Steakhouses,4.5,££,17-18 Henrietta Street,51.51083266,-0.124100585,https://www.yelp.com/biz/flat-iron-covent-garden?adjust_creative=-uBzzloii2ivvF3N0jkhKQ&utm_campaign=yelp_api_v3&utm_medium=api_v3_business_search&utm_source=-uBzzloii2ivvF3N0jkhKQ,vzJaHABdXQ154saZvQHzPg,,,,,,,,
178,Goodman,Steakhouses,4.5,£££,26 Maddox Street,51.5131345,-0.1422486,https://www.yelp.com/biz/goodman-london-2?adjust_creative=-uBzzloii2ivvF3N0jkhKQ&utm_campaign=yelp_api_v3&utm_medium=api_v3_business_search&utm_source=-uBzzloii2ivvF3N0jkhKQ,ep7Q8nZSqQJztyq_JgUGhg,,,,,,,,
179,Flat Iron,Steakhouses,4.5,££,17 Beak Street,51.51212,-0.1384008,https://www.yelp.com/biz/flat-iron-london-2?adjust_creative=-uBzzloii2ivvF3N0jkhKQ&utm_campaign=yelp_api_v3&utm_medium=api_v3_business_search&utm_source=-uBzzloii2ivvF3N0jkhKQ,qhbCUUn1CM27dvTPUwvAUA,,,,,,,,
180,Sushi Tetsu,Sushi Bars,5,££££,12 Jerusalem Passage,51.5232788,-0.103991949,https://www.yelp.com/biz/sushi-tetsu-london?adjust_creative=-uBzzloii2ivvF3N0jkhKQ&utm_campaign=yelp_api_v3&utm_medium=api_v3_business_search&utm_source=-uBzzloii2ivvF3N0jkhKQ,cmwx_XwnncPLX0hyRomD8A,,,,,,,,
181,Ma Po,Szechuan,4.5,££,176 Lower Road,51.492227,-0.045745,https://www.yelp.com/biz/ma-po-london-2?adjust_creative=-uBzzloii2ivvF3N0jkhKQ&utm_campaign=yelp_api_v3&utm_medium=api_v3_business_search&utm_source=-uBzzloii2ivvF3N0jkhKQ,Hom8NwhI64h2BCul36hjmA,,,,,,,,
182,BAO - Soho,Taiwanese,4,££,53 Lexington Street,51.51322219,-0.136528485,https://www.yelp.com/biz/bao-soho-london?adjust_creative=-uBzzloii2ivvF3N0jkhKQ&utm_campaign=yelp_api_v3&utm_medium=api_v3_business_search&utm_source=-uBzzloii2ivvF3N0jkhKQ,xYYh1dd95idvwCoGZWq58g,,,,,,,,
183,BAO,Taiwanese,4,££,31 Windmill Street,51.5190773,-0.133671999,https://www.yelp.com/biz/bao-london-8?adjust_creative=-uBzzloii2ivvF3N0jkhKQ&utm_campaign=yelp_api_v3&utm_medium=api_v3_business_search&utm_source=-uBzzloii2ivvF3N0jkhKQ,soNqj6Jbw4RzEUMGDOtw9g,,,,,,,,
184,Donostia,Tapas/Small Plates,4.5,£££,10 Seymour Place,51.514732,-0.160959,https://www.yelp.com/biz/donostia-london?adjust_creative=-uBzzloii2ivvF3N0jkhKQ&utm_campaign=yelp_api_v3&utm_medium=api_v3_business_search&utm_source=-uBzzloii2ivvF3N0jkhKQ,oERtgNeSaDE0XRPmGEP4uQ,,,,,,,,
185,Barrafina,Tapas/Small Plates,4,£££,26 Dean Street,51.514227,-0.132764,https://www.yelp.com/biz/barrafina-london-6?adjust_creative=-uBzzloii2ivvF3N0jkhKQ&utm_campaign=yelp_api_v3&utm_medium=api_v3_business_search&utm_source=-uBzzloii2ivvF3N0jkhKQ,qvO0hYRegZI5bCEk1cNoOQ,,,,,,,,
186,The Port House,Tapas/Small Plates,4.5,££,417 Strand,51.509936,-0.123138,https://www.yelp.com/biz/the-port-house-london?adjust_creative=-uBzzloii2ivvF3N0jkhKQ&utm_campaign=yelp_api_v3&utm_medium=api_v3_business_search&utm_source=-uBzzloii2ivvF3N0jkhKQ,YdnTx95kgD9WLygV3FTxSA,,,,,,,,
187,Lobos Meat and Tapas,Tapas/Small Plates,4.5,£££,14 Borough High Street,51.5056258,-0.0891513,https://www.yelp.com/biz/lobos-meat-and-tapas-london?adjust_creative=-uBzzloii2ivvF3N0jkhKQ&utm_campaign=yelp_api_v3&utm_medium=api_v3_business_search&utm_source=-uBzzloii2ivvF3N0jkhKQ,nBZxw8KselF6esBLUH24Ww,,,,,,,,
188,Busaba Soho,Thai,4,££,106-110 Wardour Street,51.5137892,-0.134057825,https://www.yelp.com/biz/busaba-soho-soho?adjust_creative=-uBzzloii2ivvF3N0jkhKQ&utm_campaign=yelp_api_v3&utm_medium=api_v3_business_search&utm_source=-uBzzloii2ivvF3N0jkhKQ,meL2itEXPTDVyscFrsc7Uw,,,,,,,,
189,Wok to Walk - Oxford St,Thai,4.5,£,15 Argyll Street,51.51513199,-0.141034647,https://www.yelp.com/biz/wok-to-walk-oxford-st-london?adjust_creative=-uBzzloii2ivvF3N0jkhKQ&utm_campaign=yelp_api_v3&utm_medium=api_v3_business_search&utm_source=-uBzzloii2ivvF3N0jkhKQ,ccQoTNlwneWz7mC4uy7lhg,,,,,,,,
190,Sri Suwoon,Thai,4.5,££,44 Hugh Street,51.4916568,-0.1464784,https://www.yelp.com/biz/sri-suwoon-london?adjust_creative=-uBzzloii2ivvF3N0jkhKQ&utm_campaign=yelp_api_v3&utm_medium=api_v3_business_search&utm_source=-uBzzloii2ivvF3N0jkhKQ,T6UcxA31EvNbbwfx1YIC1A,,,,,,,,
191,Ekachai King's Cross,Thai,,,Unit 2,51.53425313,-0.122200213,,,,,,,,,,
192,Kibele,Turkish,5,££,175-177 Great Portland Street,51.521907,-0.1436757,https://www.yelp.com/biz/kibele-fitzrovia-3?adjust_creative=-uBzzloii2ivvF3N0jkhKQ&utm_campaign=yelp_api_v3&utm_medium=api_v3_business_search&utm_source=-uBzzloii2ivvF3N0jkhKQ,Pd7DY7EQL7GmmE2CQKFcTQ,,,,,,,,
193,Kazan,Turkish,4.5,££,93-94 Wilton Road,51.4927,-0.14072,https://www.yelp.com/biz/kazan-london?adjust_creative=-uBzzloii2ivvF3N0jkhKQ&utm_campaign=yelp_api_v3&utm_medium=api_v3_business_search&utm_source=-uBzzloii2ivvF3N0jkhKQ,vmi7fEu1vy2Tj2yuYlgR0g,,,,,,,,
194,The Gate,Vegetarian,,,87 Allitsen Road,51.5337,-0.16934,,,,,,,,,,
195,Ngon Ngon,Vietnamese,4.5,££,144 Clerkenwell Road,51.5221634,-0.1097323,https://www.yelp.com/biz/ngon-ngon-london?adjust_creative=-uBzzloii2ivvF3N0jkhKQ&utm_campaign=yelp_api_v3&utm_medium=api_v3_business_search&utm_source=-uBzzloii2ivvF3N0jkhKQ,E2GbtvuTVKo23qJeyqc82w,,,,,,,,
196,Union Viet,Vietnamese,4.5,££,120 Union Street,51.50387318,-0.098368713,https://www.yelp.com/biz/union-viet-london?adjust_creative=-uBzzloii2ivvF3N0jkhKQ&utm_campaign=yelp_api_v3&utm_medium=api_v3_business_search&utm_source=-uBzzloii2ivvF3N0jkhKQ,9gBNZ6ooQa3BtzXN_auhaA,,,,,,,,
197,Banh Mi Town,Vietnamese,,,29 Hanson Street,51.5203166,-0.1407776,,,,,,,,,,
198,The Other Naughty Piglet,Wine Bars,,,12 Palace Street,51.49879707,-0.142227463,,,,,,,,,,
199,Iberica,Wine Bars,4,£££,195 Great Portland Street,51.522476,-0.143939,https://www.yelp.com/biz/iberica-marylebone-2?adjust_creative=-uBzzloii2ivvF3N0jkhKQ&utm_campaign=yelp_api_v3&utm_medium=api_v3_business_search&utm_source=-uBzzloii2ivvF3N0jkhKQ,iJPlkSdTPp1I3vHf00rk5Q,,,,,,,,
