Lodging,Type,Rating,Price,Address,Lat,Lng,url,ID
Ravna Gora Hotel,Bed & Breakfast,2.5,Â£Â£,29 Holland Park Avenue,51.507490000000004,-0.203127,https://www.yelp.com/biz/ravna-gora-hotel-london?adjust_creative=-uBzzloii2ivvF3N0jkhKQ&utm_campaign=yelp_api_v3&utm_medium=api_v3_business_search&utm_source=-uBzzloii2ivvF3N0jkhKQ,f0UXHmJADcihKNSFjtAODA
The Windmill on the Common,Bed & Breakfast,3.5,Â£Â£,Clapham Common South Side,51.4567564,-0.145756,https://www.yelp.com/biz/the-windmill-on-the-common-london?adjust_creative=-uBzzloii2ivvF3N0jkhKQ&utm_campaign=yelp_api_v3&utm_medium=api_v3_business_search&utm_source=-uBzzloii2ivvF3N0jkhKQ,a_RqpatASwFTkvlEsMG_wQ
The New Inn,Bed & Breakfast,3.5,Â£Â£,2 Allitsen Road,51.53544850543899,-0.16606656010020002,https://www.yelp.com/biz/the-new-inn-london?adjust_creative=-uBzzloii2ivvF3N0jkhKQ&utm_campaign=yelp_api_v3&utm_medium=api_v3_business_search&utm_source=-uBzzloii2ivvF3N0jkhKQ,DeUqSKVv0kv6VNlsq3MF-g
Victoria Inn,Bed & Breakfast,3.5,Â£,78 Hill Rise,51.457403,-0.30404000000000003,https://www.yelp.com/biz/victoria-inn-richmond?adjust_creative=-uBzzloii2ivvF3N0jkhKQ&utm_campaign=yelp_api_v3&utm_medium=api_v3_business_search&utm_source=-uBzzloii2ivvF3N0jkhKQ,Fml84EmlhhXgyF-07ueaBQ
The Harrison,Bed & Breakfast,4.0,Â£Â£,28 Harrison Street,51.527533751588,-0.12060154351230001,https://www.yelp.com/biz/the-harrison-london?adjust_creative=-uBzzloii2ivvF3N0jkhKQ&utm_campaign=yelp_api_v3&utm_medium=api_v3_business_search&utm_source=-uBzzloii2ivvF3N0jkhKQ,lJ5q7EkXvKtku0aUgsTrAw
The Windmill Guest House,Guest Houses,3.0,Â£Â£,57 Cricklewood Broadway,51.5535221,-0.21192429999999998,https://www.yelp.com/biz/the-windmill-guest-house-london?adjust_creative=-uBzzloii2ivvF3N0jkhKQ&utm_campaign=yelp_api_v3&utm_medium=api_v3_business_search&utm_source=-uBzzloii2ivvF3N0jkhKQ,KDfl9NmXb4Er_bdXQyqRLg
Hampstead Village Guest House,Guest Houses,3.5,Â£Â£Â£,2 Kemplay Road,51.5558066,-0.172092,https://www.yelp.com/biz/hampstead-village-guest-house-london?adjust_creative=-uBzzloii2ivvF3N0jkhKQ&utm_campaign=yelp_api_v3&utm_medium=api_v3_business_search&utm_source=-uBzzloii2ivvF3N0jkhKQ,0wGix_lvipMqeu9p64r3Dg
Heatherbank Guest House,Guest Houses,5.0,Â£Â£,25 Woodside Park Road,51.617226,-0.17879,https://www.yelp.com/biz/heatherbank-guest-house-london?adjust_creative=-uBzzloii2ivvF3N0jkhKQ&utm_campaign=yelp_api_v3&utm_medium=api_v3_business_search&utm_source=-uBzzloii2ivvF3N0jkhKQ,fARhh7Qi0gbG5RByf0JiXQ
Generator London,Hostels,3.0,Â£,37 Tavistock Place,51.525956,-0.12476300000000001,https://www.yelp.com/biz/generator-london-london-2?adjust_creative=-uBzzloii2ivvF3N0jkhKQ&utm_campaign=yelp_api_v3&utm_medium=api_v3_business_search&utm_source=-uBzzloii2ivvF3N0jkhKQ,WQOHo3UBjQclotskwEz0_A
THE CHESTERFIELD MAYFAIR,Hotels,4.5,Â£Â£Â£,35 Charles st,51.5077092067692,-0.147149585319539,https://www.yelp.com/biz/the-chesterfield-mayfair-london?adjust_creative=-uBzzloii2ivvF3N0jkhKQ&utm_campaign=yelp_api_v3&utm_medium=api_v3_business_search&utm_source=-uBzzloii2ivvF3N0jkhKQ,vtDa4XLc5ovFSM5ak0EPJg
The Zetter Townhouse Marylebone,Hotels,4.5,Â£Â£Â£,28-30 Seymour Street,51.5148506164551,-0.158677995204926,https://www.yelp.com/biz/the-zetter-townhouse-marylebone-london?adjust_creative=-uBzzloii2ivvF3N0jkhKQ&utm_campaign=yelp_api_v3&utm_medium=api_v3_business_search&utm_source=-uBzzloii2ivvF3N0jkhKQ,O39jKovoeE6jZBvX4yt1vA
Wyndham Grand London Chelsea Harbour,Hotels,4.5,Â£Â£Â£Â£,Chelsea Harbour,51.4773654686125,-0.18584659580073998,https://www.yelp.com/biz/wyndham-grand-london-chelsea-harbour-london-2?adjust_creative=-uBzzloii2ivvF3N0jkhKQ&utm_campaign=yelp_api_v3&utm_medium=api_v3_business_search&utm_source=-uBzzloii2ivvF3N0jkhKQ,oQFU_E6Ru1_s5jIJ9VdNNA
No Ten Manchester Street Hotel,Hotels,4.0,Â£Â£Â£,10 Manchester Street,51.5187995,-0.1538386,https://www.yelp.com/biz/no-ten-manchester-street-hotel-london?adjust_creative=-uBzzloii2ivvF3N0jkhKQ&utm_campaign=yelp_api_v3&utm_medium=api_v3_business_search&utm_source=-uBzzloii2ivvF3N0jkhKQ,-BcaEVNIiQgi6rXb57Rjrg
The Beaumont,Hotels,4.5,Â£Â£Â£,8 Balderton Street,51.513059999999996,-0.152256,https://www.yelp.com/biz/the-beaumont-london-2?adjust_creative=-uBzzloii2ivvF3N0jkhKQ&utm_campaign=yelp_api_v3&utm_medium=api_v3_business_search&utm_source=-uBzzloii2ivvF3N0jkhKQ,O_d-P1JDlElAdcIvMsqwcQ
The May Fair Hotel,Hotels,3.5,Â£Â£Â£,May Fair Hotel,51.508140000000004,-0.143972,https://www.yelp.com/biz/the-may-fair-hotel-london-3?adjust_creative=-uBzzloii2ivvF3N0jkhKQ&utm_campaign=yelp_api_v3&utm_medium=api_v3_business_search&utm_source=-uBzzloii2ivvF3N0jkhKQ,1ZVWnxQW5GFxtQnXNzN3ZQ
COMO The Halkin,Hotels,5.0,Â£Â£Â£,Halkin Street,51.500831,-0.151952,https://www.yelp.com/biz/como-the-halkin-london?adjust_creative=-uBzzloii2ivvF3N0jkhKQ&utm_campaign=yelp_api_v3&utm_medium=api_v3_business_search&utm_source=-uBzzloii2ivvF3N0jkhKQ,OKMKLgs8iVNQ9lU51UPDSQ
Regency House Hotel,Hotels,3.5,Â£Â£,71 Gower Street Bloomsbury,51.5216848,-0.1321776,https://www.yelp.com/biz/regency-house-hotel-london-2?adjust_creative=-uBzzloii2ivvF3N0jkhKQ&utm_campaign=yelp_api_v3&utm_medium=api_v3_business_search&utm_source=-uBzzloii2ivvF3N0jkhKQ,Ttvhy6KPXVtGQh8yopHstQ
The Goring,Hotels,4.5,Â£Â£Â£Â£,15 Beeston Place,51.49762,-0.14563199999999998,https://www.yelp.com/biz/the-goring-london?adjust_creative=-uBzzloii2ivvF3N0jkhKQ&utm_campaign=yelp_api_v3&utm_medium=api_v3_business_search&utm_source=-uBzzloii2ivvF3N0jkhKQ,-Uyd8UlBLO6lqPC8VK9INg
London Marriott Hotel Grosvenor Square,Hotels,4.0,Â£Â£Â£,Grosvenor Square,51.512594942155296,-0.15077122513116598,https://www.yelp.com/biz/london-marriott-hotel-grosvenor-square-london?adjust_creative=-uBzzloii2ivvF3N0jkhKQ&utm_campaign=yelp_api_v3&utm_medium=api_v3_business_search&utm_source=-uBzzloii2ivvF3N0jkhKQ,mHtH47UEuSZGg2RJ1nYBIQ
London City Hotel,Hotels,4.0,Â£Â£,200 Borough High Street,51.5011849,-0.0935363,https://www.yelp.com/biz/london-city-hotel-london?adjust_creative=-uBzzloii2ivvF3N0jkhKQ&utm_campaign=yelp_api_v3&utm_medium=api_v3_business_search&utm_source=-uBzzloii2ivvF3N0jkhKQ,7lcPj3CpX9bnXpHzvan79Q
Holiday Inn,Hotels,3.0,Â£Â£,57-59 Welbeck Street,51.5169316,-0.1492864,https://www.yelp.com/biz/holiday-inn-london-29?adjust_creative=-uBzzloii2ivvF3N0jkhKQ&utm_campaign=yelp_api_v3&utm_medium=api_v3_business_search&utm_source=-uBzzloii2ivvF3N0jkhKQ,LhOP8kZzvSnYTAaaopp7Bg
Blair Victoria,Hotels,1.0,Â£,78-84 Warwick Way,51.491443700000005,-0.14212,https://www.yelp.com/biz/blair-victoria-london?adjust_creative=-uBzzloii2ivvF3N0jkhKQ&utm_campaign=yelp_api_v3&utm_medium=api_v3_business_search&utm_source=-uBzzloii2ivvF3N0jkhKQ,AaByHFUY2eLbN9T-0JpDrQ
11 Cadogan Gardens,Hotels,4.5,Â£Â£,11 Cadogan Gardens,51.493533704065,-0.15916653117403698,https://www.yelp.com/biz/11-cadogan-gardens-london?adjust_creative=-uBzzloii2ivvF3N0jkhKQ&utm_campaign=yelp_api_v3&utm_medium=api_v3_business_search&utm_source=-uBzzloii2ivvF3N0jkhKQ,ufKzcskvO65818nmiU7dHg
"The Waldorf Hilton, London",Hotels,3.5,Â£Â£Â£,Aldwych,51.512569,-0.11893499999999999,https://www.yelp.com/biz/the-waldorf-hilton-london-london-4?adjust_creative=-uBzzloii2ivvF3N0jkhKQ&utm_campaign=yelp_api_v3&utm_medium=api_v3_business_search&utm_source=-uBzzloii2ivvF3N0jkhKQ,eicqrtoLRue0kvyiBVo9vQ
Premier Travel Inn,Hotels,2.0,Â£Â£Â£,215 Haverstock Hill,51.551546,-0.167221,https://www.yelp.com/biz/premier-travel-inn-london-7?adjust_creative=-uBzzloii2ivvF3N0jkhKQ&utm_campaign=yelp_api_v3&utm_medium=api_v3_business_search&utm_source=-uBzzloii2ivvF3N0jkhKQ,-tF5AziiEuDVKS75tkd9mg
Mad Hatter Hotel,Hotels,3.5,Â£Â£,3-7 Stamford Street,51.507024,-0.10491800000000001,https://www.yelp.com/biz/mad-hatter-hotel-london?adjust_creative=-uBzzloii2ivvF3N0jkhKQ&utm_campaign=yelp_api_v3&utm_medium=api_v3_business_search&utm_source=-uBzzloii2ivvF3N0jkhKQ,ICCD8Ur7Eo_FtqIbPcHlSw
Apex Temple Court Hotel,Hotels,4.5,Â£Â£Â£,1-2 Serjeants' Inn,51.513783200000006,-0.10887460000000002,https://www.yelp.com/biz/apex-temple-court-hotel-london?adjust_creative=-uBzzloii2ivvF3N0jkhKQ&utm_campaign=yelp_api_v3&utm_medium=api_v3_business_search&utm_source=-uBzzloii2ivvF3N0jkhKQ,4aR691JVCwVCsDfLgnQvsw
Cote Marylebone,Hotels,5.0,Â£Â£Â£,26-27 Devonshire Street,51.521217299999996,-0.1515591,https://www.yelp.com/biz/cote-marylebone-london?adjust_creative=-uBzzloii2ivvF3N0jkhKQ&utm_campaign=yelp_api_v3&utm_medium=api_v3_business_search&utm_source=-uBzzloii2ivvF3N0jkhKQ,E4xZ9OAk4HlHmh6iDFLOLA
Yotel,Hotels,4.0,Â£Â£,Heathrow Airport,51.459606,-0.44649099999999997,https://www.yelp.com/biz/yotel-hounslow?adjust_creative=-uBzzloii2ivvF3N0jkhKQ&utm_campaign=yelp_api_v3&utm_medium=api_v3_business_search&utm_source=-uBzzloii2ivvF3N0jkhKQ,XgafaGoHLw2yxJXlaJJTSA
Batty Langley's,Hotels,5.0,Â£Â£Â£Â£,12 Folgate Street,51.52101150620751,-0.0783524139418201,https://www.yelp.com/biz/batty-langleys-spitalfields?adjust_creative=-uBzzloii2ivvF3N0jkhKQ&utm_campaign=yelp_api_v3&utm_medium=api_v3_business_search&utm_source=-uBzzloii2ivvF3N0jkhKQ,hyL2TF3aKk7MoPpJ2HUWTg
Knightsbridge Hotel,Hotels,4.5,Â£Â£Â£,10 Beaufort Gardens,51.4981661,-0.1642037,https://www.yelp.com/biz/knightsbridge-hotel-london?adjust_creative=-uBzzloii2ivvF3N0jkhKQ&utm_campaign=yelp_api_v3&utm_medium=api_v3_business_search&utm_source=-uBzzloii2ivvF3N0jkhKQ,b6nFTqY896qVuKjGmRt2iw
Apex City of London Hotel,Hotels,4.5,Â£Â£,1 Seething Lane,51.5105825,-0.0793204,https://www.yelp.com/biz/apex-city-of-london-hotel-london-2?adjust_creative=-uBzzloii2ivvF3N0jkhKQ&utm_campaign=yelp_api_v3&utm_medium=api_v3_business_search&utm_source=-uBzzloii2ivvF3N0jkhKQ,IIh4xw679d5LesxgElr-0Q
Pasha Hotel,Hotels,3.5,Â£Â£,158 Camberwell Road,51.4795931,-0.09442060000000001,https://www.yelp.com/biz/pasha-hotel-london?adjust_creative=-uBzzloii2ivvF3N0jkhKQ&utm_campaign=yelp_api_v3&utm_medium=api_v3_business_search&utm_source=-uBzzloii2ivvF3N0jkhKQ,-vGtr71C6VkwGPrjUsMEeQ
DoubleTree By Hilton Hotel London - Victoria,Hotels,3.5,Â£Â£Â£,2 Bridge Place,51.4939289134206,-0.143322030594069,https://www.yelp.com/biz/doubletree-by-hilton-hotel-london-victoria-london-4?adjust_creative=-uBzzloii2ivvF3N0jkhKQ&utm_campaign=yelp_api_v3&utm_medium=api_v3_business_search&utm_source=-uBzzloii2ivvF3N0jkhKQ,wvO3KoWHOZW4sMebZohsjw
Dolphin Square Hotel,Hotels,4.0,Â£Â£Â£,Dolphin Square,51.4863,-0.136429,https://www.yelp.com/biz/dolphin-square-hotel-london?adjust_creative=-uBzzloii2ivvF3N0jkhKQ&utm_campaign=yelp_api_v3&utm_medium=api_v3_business_search&utm_source=-uBzzloii2ivvF3N0jkhKQ,sJ7eEgT45PExqhTSk8Ujqg
Hilton London Hyde Park,Hotels,3.0,Â£Â£,129 Bayswater Road,51.5104863798633,-0.187543331119741,https://www.yelp.com/biz/hilton-london-hyde-park-london-2?adjust_creative=-uBzzloii2ivvF3N0jkhKQ&utm_campaign=yelp_api_v3&utm_medium=api_v3_business_search&utm_source=-uBzzloii2ivvF3N0jkhKQ,JipTk5aigtfNIoJ8vmIK-Q
Lancaster Hall Hotel,Hotels,4.5,Â£,35 Craven Terrace,51.5132116234142,-0.179161089618674,https://www.yelp.com/biz/lancaster-hall-hotel-london?adjust_creative=-uBzzloii2ivvF3N0jkhKQ&utm_campaign=yelp_api_v3&utm_medium=api_v3_business_search&utm_source=-uBzzloii2ivvF3N0jkhKQ,OBqwCUsR2nLyThpB4U-log
The Hoxton - Shoreditch,Hotels,4.5,Â£Â£,81-83 Great Eastern Street,51.5255813407725,-0.0828488618135452,https://www.yelp.com/biz/the-hoxton-shoreditch-london?adjust_creative=-uBzzloii2ivvF3N0jkhKQ&utm_campaign=yelp_api_v3&utm_medium=api_v3_business_search&utm_source=-uBzzloii2ivvF3N0jkhKQ,eCS9km_3I4yQZ4x6dpFdCA
The Belgrave,Hotels,4.0,Â£Â£Â£,80-86 Belgrave Road,51.490156899999995,-0.13805820000000002,https://www.yelp.com/biz/the-belgrave-london?adjust_creative=-uBzzloii2ivvF3N0jkhKQ&utm_campaign=yelp_api_v3&utm_medium=api_v3_business_search&utm_source=-uBzzloii2ivvF3N0jkhKQ,OVKglwMXLS6R11voWK8zZw
Piccadilly Hotel,Hotels,2.5,Â£,12 Sherwood Street,51.511192,-0.135579,https://www.yelp.com/biz/piccadilly-hotel-london?adjust_creative=-uBzzloii2ivvF3N0jkhKQ&utm_campaign=yelp_api_v3&utm_medium=api_v3_business_search&utm_source=-uBzzloii2ivvF3N0jkhKQ,EoUO9kzjHt_HBmBTxHZRfQ
Park Avenue Baker Street,Hotels,4.0,Â£Â£,173 Gloucester Place,51.524097499999996,-0.16091370000000002,https://www.yelp.com/biz/park-avenue-baker-street-london?adjust_creative=-uBzzloii2ivvF3N0jkhKQ&utm_campaign=yelp_api_v3&utm_medium=api_v3_business_search&utm_source=-uBzzloii2ivvF3N0jkhKQ,bK6cNmVJvHkH2KNNpv5YaQ
Camden Lock Hotel,Hotels,2.5,Â£Â£,89 Chalk Farm Road,51.5437777,-0.152007,https://www.yelp.com/biz/camden-lock-hotel-london?adjust_creative=-uBzzloii2ivvF3N0jkhKQ&utm_campaign=yelp_api_v3&utm_medium=api_v3_business_search&utm_source=-uBzzloii2ivvF3N0jkhKQ,dXSFdmrYx_vgsSV4Z0ZXZQ
Pullman Hotel,Hotels,4.5,Â£Â£Â£,100 - 110 Euston Road,51.5287433066088,-0.127791479939421,https://www.yelp.com/biz/pullman-hotel-london-2?adjust_creative=-uBzzloii2ivvF3N0jkhKQ&utm_campaign=yelp_api_v3&utm_medium=api_v3_business_search&utm_source=-uBzzloii2ivvF3N0jkhKQ,dG-JrtF8aNFU5fFHvQzdMw
Charlotte Street Hotel,Hotels,4.0,Â£Â£Â£,15-17 Charlotte Street,51.51840064125,-0.134992897529986,https://www.yelp.com/biz/charlotte-street-hotel-london?adjust_creative=-uBzzloii2ivvF3N0jkhKQ&utm_campaign=yelp_api_v3&utm_medium=api_v3_business_search&utm_source=-uBzzloii2ivvF3N0jkhKQ,glL93CF9WxJdM9WEeRogeQ
Country Inns & Suites,Hotels,1.5,Â£Â£Â£,110 Great Russell Street,51.517513799999996,-0.1294779,https://www.yelp.com/biz/country-inns-and-suites-london?adjust_creative=-uBzzloii2ivvF3N0jkhKQ&utm_campaign=yelp_api_v3&utm_medium=api_v3_business_search&utm_source=-uBzzloii2ivvF3N0jkhKQ,R7jHFXhXNMaDBGBcmMPmUA
The Curtain,Hotels,4.5,Â£Â£,45 Curtain Rd,51.5236988173443,-0.0806030631065369,https://www.yelp.com/biz/the-curtain-london?adjust_creative=-uBzzloii2ivvF3N0jkhKQ&utm_campaign=yelp_api_v3&utm_medium=api_v3_business_search&utm_source=-uBzzloii2ivvF3N0jkhKQ,VO3LfCg4ueYzKKx-PwG-Wg
Grand Residences by Marriott - Mayfair-London,Hotels,4.5,Â£Â£Â£Â£,47 Park Street,51.5111287,-0.15497049999999998,https://www.yelp.com/biz/grand-residences-by-marriott-mayfair-london-london?adjust_creative=-uBzzloii2ivvF3N0jkhKQ&utm_campaign=yelp_api_v3&utm_medium=api_v3_business_search&utm_source=-uBzzloii2ivvF3N0jkhKQ,tjx9QUBMw3kCGzepS10u2Q
The Rubens at the Palace,Hotels,4.5,Â£Â£Â£,39 Buckingham Palace Road,51.49826525,-0.14349978,https://www.yelp.com/biz/the-rubens-at-the-palace-london?adjust_creative=-uBzzloii2ivvF3N0jkhKQ&utm_campaign=yelp_api_v3&utm_medium=api_v3_business_search&utm_source=-uBzzloii2ivvF3N0jkhKQ,Kfd_kXdY_dyyx2FJBXVXTw
.Kip,Hotels,5.0,Â£Â£,7-19 Amhurst Road,51.54727621637961,-0.0562167540192604,https://www.yelp.com/biz/kip-london?adjust_creative=-uBzzloii2ivvF3N0jkhKQ&utm_campaign=yelp_api_v3&utm_medium=api_v3_business_search&utm_source=-uBzzloii2ivvF3N0jkhKQ,JW_eJ4yzxjL46uUQbaZ7-w
London Marriott Hotel Marble Arch,Hotels,3.0,Â£Â£Â£,134 George Street,51.5164128020252,-0.16349222934195498,https://www.yelp.com/biz/london-marriott-hotel-marble-arch-london-2?adjust_creative=-uBzzloii2ivvF3N0jkhKQ&utm_campaign=yelp_api_v3&utm_medium=api_v3_business_search&utm_source=-uBzzloii2ivvF3N0jkhKQ,-A-AKE17XHntNugiK7KPzg
The Caesar Hotel 4,Hotels,4.0,Â£Â£,26-33 Queens Gardens,51.5135917,-0.1827586,https://www.yelp.com/biz/the-caesar-hotel-4-london?adjust_creative=-uBzzloii2ivvF3N0jkhKQ&utm_campaign=yelp_api_v3&utm_medium=api_v3_business_search&utm_source=-uBzzloii2ivvF3N0jkhKQ,HRRX5k8fDPT85sgtqmzR9Q
Hampton By Hilton London Waterloo,Hotels,3.5,Â£Â£,157 Waterloo Road,51.5008745782199,-0.10801792094100998,https://www.yelp.com/biz/hampton-by-hilton-london-waterloo-london?adjust_creative=-uBzzloii2ivvF3N0jkhKQ&utm_campaign=yelp_api_v3&utm_medium=api_v3_business_search&utm_source=-uBzzloii2ivvF3N0jkhKQ,HOucp57m1eh-4JnwYC0lPQ
Holiday Inn Hotel London Kensington Forum,Hotels,3.0,Â£Â£,97 Cromwell Road,51.4942881090697,-0.185131809694077,https://www.yelp.com/biz/holiday-inn-hotel-london-kensington-forum-london?adjust_creative=-uBzzloii2ivvF3N0jkhKQ&utm_campaign=yelp_api_v3&utm_medium=api_v3_business_search&utm_source=-uBzzloii2ivvF3N0jkhKQ,PV0o6dOcmEnaSJMkuZuo7Q
"St. Ermin's Hotel, Autograph Collection",Hotels,4.0,Â£Â£Â£,2 Caxton Street,51.4989304968664,-0.133800663215879,https://www.yelp.com/biz/st-ermins-hotel-autograph-collection-london?adjust_creative=-uBzzloii2ivvF3N0jkhKQ&utm_campaign=yelp_api_v3&utm_medium=api_v3_business_search&utm_source=-uBzzloii2ivvF3N0jkhKQ,LNDsn8gxFFiLMHTLo82pQA
Bulgari Hotel - London,Hotels,4.5,Â£Â£Â£Â£,171 Knightsbridge,51.501536,-0.16278900000000002,https://www.yelp.com/biz/bulgari-hotel-london-london-2?adjust_creative=-uBzzloii2ivvF3N0jkhKQ&utm_campaign=yelp_api_v3&utm_medium=api_v3_business_search&utm_source=-uBzzloii2ivvF3N0jkhKQ,KN0BfGqqX0gJ0wWovgtKNw
The Connaught,Hotels,4.5,Â£Â£Â£Â£,Carlos Place,51.510155600000004,-0.1496314,https://www.yelp.com/biz/the-connaught-london-2?adjust_creative=-uBzzloii2ivvF3N0jkhKQ&utm_campaign=yelp_api_v3&utm_medium=api_v3_business_search&utm_source=-uBzzloii2ivvF3N0jkhKQ,ol-qloaIQ1D8L75sx88G2A
Sofitel ,Hotels,4.5,Â£Â£Â£,6 Waterloo Place,51.507572834636,-0.13251408519246,https://www.yelp.com/biz/sofitel-london-3?adjust_creative=-uBzzloii2ivvF3N0jkhKQ&utm_campaign=yelp_api_v3&utm_medium=api_v3_business_search&utm_source=-uBzzloii2ivvF3N0jkhKQ,Fzl_brSsiw5IBnFU2o75lQ
Moxy London Heathrow Airport,Hotels,3.0,Â£Â£,804 Bath Road,51.480226,-0.41479499999999997,https://www.yelp.com/biz/moxy-london-heathrow-airport-hounslow-3?adjust_creative=-uBzzloii2ivvF3N0jkhKQ&utm_campaign=yelp_api_v3&utm_medium=api_v3_business_search&utm_source=-uBzzloii2ivvF3N0jkhKQ,hShwCJPf-A0RjFam_I_V-A
Four Seasons Hotel,Hotels,3.5,Â£Â£Â£Â£,10 Trinity Square,51.510102,-0.07798,https://www.yelp.com/biz/four-seasons-hotel-london-7?adjust_creative=-uBzzloii2ivvF3N0jkhKQ&utm_campaign=yelp_api_v3&utm_medium=api_v3_business_search&utm_source=-uBzzloii2ivvF3N0jkhKQ,7IVdX6ZQ5VKosk7aMm9x3w
LSE High Holborn Residence,Hotels,4.0,Â£,178 High Holborn,51.515646999999994,-0.124927,https://www.yelp.com/biz/lse-high-holborn-residence-london?adjust_creative=-uBzzloii2ivvF3N0jkhKQ&utm_campaign=yelp_api_v3&utm_medium=api_v3_business_search&utm_source=-uBzzloii2ivvF3N0jkhKQ,mdw5yHXAGhvFtdxAj2EfcQ
W London- Leicester Square,Hotels,3.0,Â£Â£Â£,10 Wardour Street,51.510782643006,-0.13138019123122,https://www.yelp.com/biz/w-london-leicester-square-london?adjust_creative=-uBzzloii2ivvF3N0jkhKQ&utm_campaign=yelp_api_v3&utm_medium=api_v3_business_search&utm_source=-uBzzloii2ivvF3N0jkhKQ,PG68a_fQyWH5JlyfLLs09g
Mandarin Oriental,Hotels,4.5,Â£Â£Â£Â£,66 Knightsbridge,51.502252452438,-0.160007139695516,https://www.yelp.com/biz/mandarin-oriental-london-2?adjust_creative=-uBzzloii2ivvF3N0jkhKQ&utm_campaign=yelp_api_v3&utm_medium=api_v3_business_search&utm_source=-uBzzloii2ivvF3N0jkhKQ,vRTIg2OnEFhWcSc0TXNMVg
Haymarket Hotel,Hotels,4.5,Â£Â£Â£,1 Suffolk Place,51.508019700000006,-0.13115410000000002,https://www.yelp.com/biz/haymarket-hotel-london?adjust_creative=-uBzzloii2ivvF3N0jkhKQ&utm_campaign=yelp_api_v3&utm_medium=api_v3_business_search&utm_source=-uBzzloii2ivvF3N0jkhKQ,wDe0JaxHJSKoQPwj1pyjxg
Andaz London Liverpool Street,Hotels,4.5,Â£Â£Â£,40 Liverpool Street,51.517213500000004,-0.08134989999999999,https://www.yelp.com/biz/andaz-london-liverpool-street-london-2?adjust_creative=-uBzzloii2ivvF3N0jkhKQ&utm_campaign=yelp_api_v3&utm_medium=api_v3_business_search&utm_source=-uBzzloii2ivvF3N0jkhKQ,KFTpdt_xnhv6dojj6bk2yg
Four Seasons Hotel,Hotels,4.5,Â£Â£Â£Â£,Hamilton Place,51.5044391859339,-0.14988024834183403,https://www.yelp.com/biz/four-seasons-hotel-london-4?adjust_creative=-uBzzloii2ivvF3N0jkhKQ&utm_campaign=yelp_api_v3&utm_medium=api_v3_business_search&utm_source=-uBzzloii2ivvF3N0jkhKQ,9LyJ5oa_dOFwbc0iG-i76A
Shangri La Hotel,Hotels,4.5,Â£Â£Â£Â£,At The Shard,51.5052532,-0.0869875,https://www.yelp.com/biz/shangri-la-hotel-london?adjust_creative=-uBzzloii2ivvF3N0jkhKQ&utm_campaign=yelp_api_v3&utm_medium=api_v3_business_search&utm_source=-uBzzloii2ivvF3N0jkhKQ,cPPCVTT_v0p5AcT4B3A82w
The Lanesborough,Hotels,4.5,Â£Â£Â£Â£,The Lanesborough,51.502441,-0.152723,https://www.yelp.com/biz/the-lanesborough-london-2?adjust_creative=-uBzzloii2ivvF3N0jkhKQ&utm_campaign=yelp_api_v3&utm_medium=api_v3_business_search&utm_source=-uBzzloii2ivvF3N0jkhKQ,IAMW4pZ_djhszqIGsSZhIw
The Penn Club,Hotels,4.5,Â£Â£,21-23 Bedford Place,51.5206450127812,-0.12505496414401002,https://www.yelp.com/biz/the-penn-club-london?adjust_creative=-uBzzloii2ivvF3N0jkhKQ&utm_campaign=yelp_api_v3&utm_medium=api_v3_business_search&utm_source=-uBzzloii2ivvF3N0jkhKQ,B2g7OKPDNR8eiky0REueNQ
The W14 Kensington,Hotels,4.0,Â£,16-22 Gunterstone Road,51.49159793,-0.21048263,https://www.yelp.com/biz/the-w14-kensington-west-kensington?adjust_creative=-uBzzloii2ivvF3N0jkhKQ&utm_campaign=yelp_api_v3&utm_medium=api_v3_business_search&utm_source=-uBzzloii2ivvF3N0jkhKQ,Q1ov9y1qyfBQ4QR26HMuGw
"Hotel Xenia, Autograph Collection",Hotels,4.5,Â£Â£,160 Cromwell Road,51.4950079536724,-0.18984138965606698,https://www.yelp.com/biz/hotel-xenia-autograph-collection-london-6?adjust_creative=-uBzzloii2ivvF3N0jkhKQ&utm_campaign=yelp_api_v3&utm_medium=api_v3_business_search&utm_source=-uBzzloii2ivvF3N0jkhKQ,8FL5yNgR-dY83HY__6pwGg
No 5,Hotels,3.5,Â£Â£Â£,5 Cavendish Sq,51.51664,-0.14399,https://www.yelp.com/biz/no-5-london?adjust_creative=-uBzzloii2ivvF3N0jkhKQ&utm_campaign=yelp_api_v3&utm_medium=api_v3_business_search&utm_source=-uBzzloii2ivvF3N0jkhKQ,85nwHxYWNfqGcvxRyI4HyQ
Citadines St Mark's London,Hotels,4.0,Â£Â£Â£,300 City Road,51.529848305558204,-0.09896360356154599,https://www.yelp.com/biz/citadines-st-marks-london-london?adjust_creative=-uBzzloii2ivvF3N0jkhKQ&utm_campaign=yelp_api_v3&utm_medium=api_v3_business_search&utm_source=-uBzzloii2ivvF3N0jkhKQ,cDrLSCzqconeKxJHnnBt0A
"The Westbury Mayfair, a Luxury Collection Hotel, London",Hotels,3.0,Â£Â£Â£,37 Conduit Street,51.511301,-0.142627,https://www.yelp.com/biz/the-westbury-mayfair-a-luxury-collection-hotel-london-london?adjust_creative=-uBzzloii2ivvF3N0jkhKQ&utm_campaign=yelp_api_v3&utm_medium=api_v3_business_search&utm_source=-uBzzloii2ivvF3N0jkhKQ,Sk2v68NoRpXgS67eRaoENw
40 Winks,Hotels,4.5,Â£Â£Â£,109 Mile End Rd,51.5214767456055,-0.0512520000338554,https://www.yelp.com/biz/40-winks-london?adjust_creative=-uBzzloii2ivvF3N0jkhKQ&utm_campaign=yelp_api_v3&utm_medium=api_v3_business_search&utm_source=-uBzzloii2ivvF3N0jkhKQ,K6OT5WL5icTezcNhy_qimw
JW Marriott Grosvenor House London,Hotels,4.0,Â£Â£Â£,86-90 Park Lane,51.509738,-0.154891,https://www.yelp.com/biz/jw-marriott-grosvenor-house-london-london?adjust_creative=-uBzzloii2ivvF3N0jkhKQ&utm_campaign=yelp_api_v3&utm_medium=api_v3_business_search&utm_source=-uBzzloii2ivvF3N0jkhKQ,mcKkDc_xxFVGizFRgPPpxg
The Grand at Trafalgar Square,Hotels,4.0,Â£Â£,8 Northumberland Ave,51.507147991361705,-0.12627843863007499,https://www.yelp.com/biz/the-grand-at-trafalgar-square-london?adjust_creative=-uBzzloii2ivvF3N0jkhKQ&utm_campaign=yelp_api_v3&utm_medium=api_v3_business_search&utm_source=-uBzzloii2ivvF3N0jkhKQ,Jy9zg1ZTwd3eqMd6DLWH0Q
Club Quarters,Hotels,4.0,Â£Â£,8 Northumberland Avenue,51.506959928446506,-0.126023153127242,https://www.yelp.com/biz/club-quarters-london-4?adjust_creative=-uBzzloii2ivvF3N0jkhKQ&utm_campaign=yelp_api_v3&utm_medium=api_v3_business_search&utm_source=-uBzzloii2ivvF3N0jkhKQ,Vp8V6u9VooYcnEJBv4WvAA
Hub Premier Inn,Hotels,4.5,Â£,15 Dacre Street,51.498947532088394,-0.132892395235955,https://www.yelp.com/biz/hub-premier-inn-london?adjust_creative=-uBzzloii2ivvF3N0jkhKQ&utm_campaign=yelp_api_v3&utm_medium=api_v3_business_search&utm_source=-uBzzloii2ivvF3N0jkhKQ,HBlUZe6f1y6BGTbA07wb2A
The Fielding,Hotels,4.5,Â£Â£,4 Broad Court,51.5139067879982,-0.121998639525867,https://www.yelp.com/biz/the-fielding-london?adjust_creative=-uBzzloii2ivvF3N0jkhKQ&utm_campaign=yelp_api_v3&utm_medium=api_v3_business_search&utm_source=-uBzzloii2ivvF3N0jkhKQ,79wQG7mK0fDppG6s59eIcQ
The London EDITION,Hotels,4.5,Â£Â£Â£,10 Berners Street,51.5165663165253,-0.13656894198394398,https://www.yelp.com/biz/the-london-edition-london?adjust_creative=-uBzzloii2ivvF3N0jkhKQ&utm_campaign=yelp_api_v3&utm_medium=api_v3_business_search&utm_source=-uBzzloii2ivvF3N0jkhKQ,JgPmZ5n2bU71Xsg1Vq2Yzg
The Landmark London,Hotels,4.5,Â£Â£Â£Â£,222 Marylebone Road,51.521462340704005,-0.16263050427116002,https://www.yelp.com/biz/the-landmark-london-london-2?adjust_creative=-uBzzloii2ivvF3N0jkhKQ&utm_campaign=yelp_api_v3&utm_medium=api_v3_business_search&utm_source=-uBzzloii2ivvF3N0jkhKQ,gdKuHxKLv4mUjVYECsGypA
Claridge's,Hotels,4.5,Â£Â£Â£Â£,Brook Street,51.512611807224,-0.14789937950015,https://www.yelp.com/biz/claridges-london-2?adjust_creative=-uBzzloii2ivvF3N0jkhKQ&utm_campaign=yelp_api_v3&utm_medium=api_v3_business_search&utm_source=-uBzzloii2ivvF3N0jkhKQ,ZN2ugzPdTH-6CJ2eVozYSw
DoubleTree by Hilton Hotel London - Hyde Park,Hotels,4.0,Â£Â£,150 Bayswater Road,51.510090000000005,-0.1903424,https://www.yelp.com/biz/doubletree-by-hilton-hotel-london-hyde-park-london-3?adjust_creative=-uBzzloii2ivvF3N0jkhKQ&utm_campaign=yelp_api_v3&utm_medium=api_v3_business_search&utm_source=-uBzzloii2ivvF3N0jkhKQ,SDKz9bB7hBmNbo2ibepQXw
The Langham London,Hotels,4.5,Â£Â£Â£Â£,1C Portland Place,51.5177971001259,-0.14398318688370199,https://www.yelp.com/biz/the-langham-london-london?adjust_creative=-uBzzloii2ivvF3N0jkhKQ&utm_campaign=yelp_api_v3&utm_medium=api_v3_business_search&utm_source=-uBzzloii2ivvF3N0jkhKQ,tRMfDgUMJBC5vAjF1AvsWQ
The Dorchester,Hotels,4.5,Â£Â£Â£Â£,53 Park Lane,51.507302,-0.152594,https://www.yelp.com/biz/the-dorchester-london?adjust_creative=-uBzzloii2ivvF3N0jkhKQ&utm_campaign=yelp_api_v3&utm_medium=api_v3_business_search&utm_source=-uBzzloii2ivvF3N0jkhKQ,W_ZiOfiMZMMRONZD_LqpYA
Kimpton Fitzroy London,Hotels,4.5,Â£Â£Â£,1-8 Russell Square,51.5226349,-0.1249981,https://www.yelp.com/biz/kimpton-fitzroy-london-london?adjust_creative=-uBzzloii2ivvF3N0jkhKQ&utm_campaign=yelp_api_v3&utm_medium=api_v3_business_search&utm_source=-uBzzloii2ivvF3N0jkhKQ,_VoSkSIb26RiAOW-bOxDHg
The Z Hotel Piccadilly,Hotels,4.5,Â£Â£,2 Orange Street,51.5089718,-0.1314339,https://www.yelp.com/biz/the-z-hotel-piccadilly-london?adjust_creative=-uBzzloii2ivvF3N0jkhKQ&utm_campaign=yelp_api_v3&utm_medium=api_v3_business_search&utm_source=-uBzzloii2ivvF3N0jkhKQ,w6xEsZey7lgaxR3uoKtyjw
The Ritz London,Hotels,4.0,Â£Â£Â£Â£,150 Piccadilly,51.5069729900444,-0.14160589144921698,https://www.yelp.com/biz/the-ritz-london-london-2?adjust_creative=-uBzzloii2ivvF3N0jkhKQ&utm_campaign=yelp_api_v3&utm_medium=api_v3_business_search&utm_source=-uBzzloii2ivvF3N0jkhKQ,ppPfg4JyTThWDpk0dIOaoQ
Savoy Hotel,Hotels,4.5,Â£Â£Â£Â£,Strand,51.509710999999996,-0.120045,https://www.yelp.com/biz/savoy-hotel-london?adjust_creative=-uBzzloii2ivvF3N0jkhKQ&utm_campaign=yelp_api_v3&utm_medium=api_v3_business_search&utm_source=-uBzzloii2ivvF3N0jkhKQ,iYn-qYHwQfjUABOr0E-K4g
Hotel 41,Hotels,5.0,Â£Â£Â£Â£,41 Buckingham Palace Road,51.49822327,-0.14352472,https://www.yelp.com/biz/hotel-41-london?adjust_creative=-uBzzloii2ivvF3N0jkhKQ&utm_campaign=yelp_api_v3&utm_medium=api_v3_business_search&utm_source=-uBzzloii2ivvF3N0jkhKQ,4bvjoUHcp5GEc61ZSDulEQ
London Marriott Hotel Park Lane,Hotels,4.5,Â£Â£Â£,140 Park Lane,51.5130472305961,-0.157890279762221,https://www.yelp.com/biz/london-marriott-hotel-park-lane-london?adjust_creative=-uBzzloii2ivvF3N0jkhKQ&utm_campaign=yelp_api_v3&utm_medium=api_v3_business_search&utm_source=-uBzzloii2ivvF3N0jkhKQ,ordoxmuOAuK0dRySXjvZ8Q
Ham Yard Hotel,Hotels,4.5,Â£Â£Â£,One Ham Yard,51.5111504,-0.13449879999999997,https://www.yelp.com/biz/ham-yard-hotel-london?adjust_creative=-uBzzloii2ivvF3N0jkhKQ&utm_campaign=yelp_api_v3&utm_medium=api_v3_business_search&utm_source=-uBzzloii2ivvF3N0jkhKQ,9gfxX1sAq2j83cSiGQAVlA
Afternoon Tea at The Montague on The Gardens,Hotels,4.5,Â£Â£Â£,15 Montague st,51.52014261,-0.12558305,https://www.yelp.com/biz/afternoon-tea-at-the-montague-on-the-gardens-london-9?adjust_creative=-uBzzloii2ivvF3N0jkhKQ&utm_campaign=yelp_api_v3&utm_medium=api_v3_business_search&utm_source=-uBzzloii2ivvF3N0jkhKQ,tGEMzAQwVsKkBOBavvaskA
Hazlitts Hotels,Hotels,4.5,Â£Â£Â£,6 Frith Street,51.51437516162479,-0.131922345785483,https://www.yelp.com/biz/hazlitts-hotels-london?adjust_creative=-uBzzloii2ivvF3N0jkhKQ&utm_campaign=yelp_api_v3&utm_medium=api_v3_business_search&utm_source=-uBzzloii2ivvF3N0jkhKQ,kY5bMnQ16IxEp7oWQJDg3Q
London Marriott Hotel County Hall,Hotels,4.0,Â£Â£Â£,London County Hall Westminster Bridge Road,51.5009824925665,-0.11930124633204302,https://www.yelp.com/biz/london-marriott-hotel-county-hall-london?adjust_creative=-uBzzloii2ivvF3N0jkhKQ&utm_campaign=yelp_api_v3&utm_medium=api_v3_business_search&utm_source=-uBzzloii2ivvF3N0jkhKQ,5auFvoTZbS8TDxGdL7DPEg
Hotel Indigo,Hotels,4.5,Â£Â£,142 Minories,51.5130615234375,-0.075995996594429,https://www.yelp.com/biz/hotel-indigo-london?adjust_creative=-uBzzloii2ivvF3N0jkhKQ&utm_campaign=yelp_api_v3&utm_medium=api_v3_business_search&utm_source=-uBzzloii2ivvF3N0jkhKQ,wze_extjAhiGo23wkU078w
Hub By Premier Inn,Hotels,4.0,Â£Â£,110 St. Martin's Lane,51.5100618095395,-0.12721537605420402,https://www.yelp.com/biz/hub-by-premier-inn-london?adjust_creative=-uBzzloii2ivvF3N0jkhKQ&utm_campaign=yelp_api_v3&utm_medium=api_v3_business_search&utm_source=-uBzzloii2ivvF3N0jkhKQ,JNUURMv-X6KPyadWrAQCsw
Hilton London Paddington,Hotels,3.0,Â£Â£Â£,146 Praed Street,51.5157526580863,-0.17588260018979798,https://www.yelp.com/biz/hilton-london-paddington-london-2?adjust_creative=-uBzzloii2ivvF3N0jkhKQ&utm_campaign=yelp_api_v3&utm_medium=api_v3_business_search&utm_source=-uBzzloii2ivvF3N0jkhKQ,u1SPXOMOPkyCOdcu6F85zQ
Hotel Indigo,Hotels,4.5,Â£Â£,34 - 44 Barkston Gardens,51.4919293664835,-0.191815613709144,https://www.yelp.com/biz/hotel-indigo-london-4?adjust_creative=-uBzzloii2ivvF3N0jkhKQ&utm_campaign=yelp_api_v3&utm_medium=api_v3_business_search&utm_source=-uBzzloii2ivvF3N0jkhKQ,G7uJE057HeMLOZGg6c6lAA
The Athenaeum Hotel,Hotels,4.0,Â£Â£Â£,Mayfair,51.504635,-0.147403,https://www.yelp.com/biz/the-athenaeum-hotel-london?adjust_creative=-uBzzloii2ivvF3N0jkhKQ&utm_campaign=yelp_api_v3&utm_medium=api_v3_business_search&utm_source=-uBzzloii2ivvF3N0jkhKQ,1ug-7RR10IdBKzBM4UfrVg
Tune Hotel,Hotels,3.0,Â£,13/15 Folgate Street,51.5209666,-0.0776169,https://www.yelp.com/biz/tune-hotel-london-2?adjust_creative=-uBzzloii2ivvF3N0jkhKQ&utm_campaign=yelp_api_v3&utm_medium=api_v3_business_search&utm_source=-uBzzloii2ivvF3N0jkhKQ,xT0EWDmBEe52C8rxXBsoBQ
St Martins Lane Hotel,Hotels,4.0,Â£Â£Â£,45 St Martin's Lane,51.510378,-0.1268051,https://www.yelp.com/biz/st-martins-lane-hotel-london-2?adjust_creative=-uBzzloii2ivvF3N0jkhKQ&utm_campaign=yelp_api_v3&utm_medium=api_v3_business_search&utm_source=-uBzzloii2ivvF3N0jkhKQ,SjGYpd_bzEYDW9PkMzvE_g
H10 Hotel,Hotels,4.5,Â£Â£,284-302 Waterloo Road,51.498886,-0.10629200000000001,https://www.yelp.com/biz/h10-hotel-london?adjust_creative=-uBzzloii2ivvF3N0jkhKQ&utm_campaign=yelp_api_v3&utm_medium=api_v3_business_search&utm_source=-uBzzloii2ivvF3N0jkhKQ,kOBdPzn7tYeaKkhzb0y_vw
The Westbourne Hyde Park,Hotels,5.0,Â£Â£,51 Gloucester Terrace,51.512787200000005,-0.17727,https://www.yelp.com/biz/the-westbourne-hyde-park-london?adjust_creative=-uBzzloii2ivvF3N0jkhKQ&utm_campaign=yelp_api_v3&utm_medium=api_v3_business_search&utm_source=-uBzzloii2ivvF3N0jkhKQ,5KiFZa-m4bS8KQoYbnBgsQ
The Cavendish,Hotels,4.5,Â£Â£Â£,81 Jermyn Street,51.507877,-0.137955,https://www.yelp.com/biz/the-cavendish-london-3?adjust_creative=-uBzzloii2ivvF3N0jkhKQ&utm_campaign=yelp_api_v3&utm_medium=api_v3_business_search&utm_source=-uBzzloii2ivvF3N0jkhKQ,vO9_Nb_vj0SXoZ9obl0XFg
DoubleTree by Hilton Hotel London - Docklands Riverside,Hotels,3.0,Â£Â£Â£,265A Rotherhithe Street,51.5042384890007,-0.0340705423278678,https://www.yelp.com/biz/doubletree-by-hilton-hotel-london-docklands-riverside-london?adjust_creative=-uBzzloii2ivvF3N0jkhKQ&utm_campaign=yelp_api_v3&utm_medium=api_v3_business_search&utm_source=-uBzzloii2ivvF3N0jkhKQ,Z8ZDXGXlAaPbD8OLPFJHkw
âM by Montcalm Shoreditch,Hotels,2.5,Â£Â£Â£,151-157 City Road,51.52766210000001,-0.088896,https://www.yelp.com/biz/m-by-montcalm-shoreditch-london?adjust_creative=-uBzzloii2ivvF3N0jkhKQ&utm_campaign=yelp_api_v3&utm_medium=api_v3_business_search&utm_source=-uBzzloii2ivvF3N0jkhKQ,abr3a1-iKYcFR1XinizgBw
Travelodge,Hotels,3.5,Â£,Unit 1,51.5225814036872,-0.0869478787353308,https://www.yelp.com/biz/travelodge-london-23?adjust_creative=-uBzzloii2ivvF3N0jkhKQ&utm_campaign=yelp_api_v3&utm_medium=api_v3_business_search&utm_source=-uBzzloii2ivvF3N0jkhKQ,O_oje-iRyBY-SpYlrO3VKg
The Ned,Hotels,4.0,Â£Â£Â£,27 Poultry,51.513826195398295,-0.0899183012754747,https://www.yelp.com/biz/the-ned-london?adjust_creative=-uBzzloii2ivvF3N0jkhKQ&utm_campaign=yelp_api_v3&utm_medium=api_v3_business_search&utm_source=-uBzzloii2ivvF3N0jkhKQ,dds7MeCuHTxa5ikuuqoYQg
citizenM Tower of London,Hotels,4.0,Â£Â£,40 Trinity Square,51.5102499752476,-0.0766607053971314,https://www.yelp.com/biz/citizenm-tower-of-london-london-2?adjust_creative=-uBzzloii2ivvF3N0jkhKQ&utm_campaign=yelp_api_v3&utm_medium=api_v3_business_search&utm_source=-uBzzloii2ivvF3N0jkhKQ,cvcqMWT-1bQZWmnavCrTiQ
The Baileyâs Hotel London,Hotels,3.5,Â£Â£,140 Gloucester Road,51.494006783987395,-0.18248011671775502,https://www.yelp.com/biz/the-baileys-hotel-london-london-3?adjust_creative=-uBzzloii2ivvF3N0jkhKQ&utm_campaign=yelp_api_v3&utm_medium=api_v3_business_search&utm_source=-uBzzloii2ivvF3N0jkhKQ,OQtI-q8Im3ix-eBoEOeeJQ
Columbia Hotel,Hotels,3.5,Â£Â£,95-99 Lancaster Gate,51.5114958,-0.1795872,https://www.yelp.com/biz/columbia-hotel-london?adjust_creative=-uBzzloii2ivvF3N0jkhKQ&utm_campaign=yelp_api_v3&utm_medium=api_v3_business_search&utm_source=-uBzzloii2ivvF3N0jkhKQ,Kgop6RGkXKoBP7dHSDXCCg
Holiday Inn ,Hotels,3.5,Â£Â£,3 Berkeley Street,51.50770903199471,-0.142347367024516,https://www.yelp.com/biz/holiday-inn-london-5?adjust_creative=-uBzzloii2ivvF3N0jkhKQ&utm_campaign=yelp_api_v3&utm_medium=api_v3_business_search&utm_source=-uBzzloii2ivvF3N0jkhKQ,ZAxCJK2r9Okx5nTjGGf-rw
The Holmes Hotel,Hotels,3.5,Â£Â£,83 Chiltern Street,51.5210546187993,-0.156072708598344,https://www.yelp.com/biz/the-holmes-hotel-london?adjust_creative=-uBzzloii2ivvF3N0jkhKQ&utm_campaign=yelp_api_v3&utm_medium=api_v3_business_search&utm_source=-uBzzloii2ivvF3N0jkhKQ,eRsagtXFoJIBiszGWG8mQQ
The Zetter Hotel,Hotels,4.0,Â£Â£Â£,86-88 Clerkenwell Road,51.522758,-0.10369600000000001,https://www.yelp.com/biz/the-zetter-hotel-london?adjust_creative=-uBzzloii2ivvF3N0jkhKQ&utm_campaign=yelp_api_v3&utm_medium=api_v3_business_search&utm_source=-uBzzloii2ivvF3N0jkhKQ,cFPi4GEibfqa8bYkLcMOKw
Hyatt Regency London - The Churchill,Hotels,4.5,Â£Â£Â£,30 Portman Square,51.515435700000005,-0.1569583,https://www.yelp.com/biz/hyatt-regency-london-the-churchill-london?adjust_creative=-uBzzloii2ivvF3N0jkhKQ&utm_campaign=yelp_api_v3&utm_medium=api_v3_business_search&utm_source=-uBzzloii2ivvF3N0jkhKQ,5VQzRhyilXNDPL4FuVouxw
DoubleTree by Hilton Hotel London - Tower of London,Hotels,4.0,Â£Â£Â£,7 Pepys Street,51.5109056055575,-0.0782793035577134,https://www.yelp.com/biz/doubletree-by-hilton-hotel-london-tower-of-london-london-3?adjust_creative=-uBzzloii2ivvF3N0jkhKQ&utm_campaign=yelp_api_v3&utm_medium=api_v3_business_search&utm_source=-uBzzloii2ivvF3N0jkhKQ,qT3_PDPveYLjDJUuc94iUw
Strand Palace,Hotels,3.0,Â£Â£,372 Strand,51.511099,-0.12070999999999998,https://www.yelp.com/biz/strand-palace-london-2?adjust_creative=-uBzzloii2ivvF3N0jkhKQ&utm_campaign=yelp_api_v3&utm_medium=api_v3_business_search&utm_source=-uBzzloii2ivvF3N0jkhKQ,h65olqVVtg_E3BlkVdh2jg
St. James's,Hotels,4.5,Â£Â£Â£Â£,7-8 Park Place,51.506115,-0.140311,https://www.yelp.com/biz/st-jamess-st-jamess?adjust_creative=-uBzzloii2ivvF3N0jkhKQ&utm_campaign=yelp_api_v3&utm_medium=api_v3_business_search&utm_source=-uBzzloii2ivvF3N0jkhKQ,0mAnAZuRvYQEXffLRcLCzg
The Nadler Soho,Hotels,4.5,Â£Â£Â£,10 Carlisle Street,51.5147387,-0.1341108,https://www.yelp.com/biz/the-nadler-soho-london?adjust_creative=-uBzzloii2ivvF3N0jkhKQ&utm_campaign=yelp_api_v3&utm_medium=api_v3_business_search&utm_source=-uBzzloii2ivvF3N0jkhKQ,UC6Rwig5kN_0wpFG0T9mTg
Amba Hotel Charing Cross,Hotels,4.5,Â£Â£Â£,The Strand,51.508459,-0.12493199999999999,https://www.yelp.com/biz/amba-hotel-charing-cross-london?adjust_creative=-uBzzloii2ivvF3N0jkhKQ&utm_campaign=yelp_api_v3&utm_medium=api_v3_business_search&utm_source=-uBzzloii2ivvF3N0jkhKQ,vVlTW6ylANoAEmTttU2Y4A
London Marriott Hotel Regents Park,Hotels,3.5,Â£Â£,128 King Henry's Road,51.542047972888206,-0.17014765889553,https://www.yelp.com/biz/london-marriott-hotel-regents-park-london?adjust_creative=-uBzzloii2ivvF3N0jkhKQ&utm_campaign=yelp_api_v3&utm_medium=api_v3_business_search&utm_source=-uBzzloii2ivvF3N0jkhKQ,ANEIyj70aOKVsEd6DU40Sg
Hilton London Bankside,Hotels,4.5,Â£Â£Â£,2-8 Great Suffolk Street,51.505734121604995,-0.101752281188965,https://www.yelp.com/biz/hilton-london-bankside-london?adjust_creative=-uBzzloii2ivvF3N0jkhKQ&utm_campaign=yelp_api_v3&utm_medium=api_v3_business_search&utm_source=-uBzzloii2ivvF3N0jkhKQ,zfBM08Y_1DqFccBfwsdmMw
"The Hoxton, Holborn",Hotels,4.0,Â£Â£,199 - 206 High Holborn,51.5172396196256,-0.122062552720325,https://www.yelp.com/biz/the-hoxton-holborn-london?adjust_creative=-uBzzloii2ivvF3N0jkhKQ&utm_campaign=yelp_api_v3&utm_medium=api_v3_business_search&utm_source=-uBzzloii2ivvF3N0jkhKQ,jtbgfUOhppBTZCLIpgK0bA
The California,Hotels,3.5,Â£,4-8 Belgrove Street,51.529519747384604,-0.12341420330236699,https://www.yelp.com/biz/the-california-london?adjust_creative=-uBzzloii2ivvF3N0jkhKQ&utm_campaign=yelp_api_v3&utm_medium=api_v3_business_search&utm_source=-uBzzloii2ivvF3N0jkhKQ,z3nQWuGTiVqy4tbU13ab7A
The Nadler Kensington,Hotels,4.5,Â£Â£,25 Courtfield Gardens,51.4930313,-0.1901229,https://www.yelp.com/biz/the-nadler-kensington-london-2?adjust_creative=-uBzzloii2ivvF3N0jkhKQ&utm_campaign=yelp_api_v3&utm_medium=api_v3_business_search&utm_source=-uBzzloii2ivvF3N0jkhKQ,wuYwGXyR6RFqpFsE-28Fmg
Holiday Inn London Camden Lock,Hotels,3.5,Â£Â£Â£,30 Jamestown Road,51.540294818363,-0.14585854209414,https://www.yelp.com/biz/holiday-inn-london-camden-lock-london?adjust_creative=-uBzzloii2ivvF3N0jkhKQ&utm_campaign=yelp_api_v3&utm_medium=api_v3_business_search&utm_source=-uBzzloii2ivvF3N0jkhKQ,jRaxuGSxXeqO4KSpPyvLBA
Radisson Blu Edwardian Hampshire,Hotels,4.0,Â£Â£Â£,31-36 Liecester Square,51.5098477563198,-0.129852334579805,https://www.yelp.com/biz/radisson-blu-edwardian-hampshire-london-2?adjust_creative=-uBzzloii2ivvF3N0jkhKQ&utm_campaign=yelp_api_v3&utm_medium=api_v3_business_search&utm_source=-uBzzloii2ivvF3N0jkhKQ,bqqtUZG_6913SWAMd597Ug
Corinthia Hotel London,Hotels,4.5,Â£Â£Â£Â£,Whitehall Place,51.506536158496104,-0.12434145819702301,https://www.yelp.com/biz/corinthia-hotel-london-london-2?adjust_creative=-uBzzloii2ivvF3N0jkhKQ&utm_campaign=yelp_api_v3&utm_medium=api_v3_business_search&utm_source=-uBzzloii2ivvF3N0jkhKQ,62JNxqo1Rs9Q8UMT29v0vQ
Rosewood London,Hotels,4.5,Â£Â£Â£Â£,252 High Holborn,51.51742248980761,-0.117810666561127,https://www.yelp.com/biz/rosewood-london-london?adjust_creative=-uBzzloii2ivvF3N0jkhKQ&utm_campaign=yelp_api_v3&utm_medium=api_v3_business_search&utm_source=-uBzzloii2ivvF3N0jkhKQ,UDSI_z1-edmeNtg3YOy-SQ
Sanctum Soho,Hotels,3.5,Â£Â£Â£,20 Warwick Street,51.5116683,-0.1383868,https://www.yelp.com/biz/sanctum-soho-london?adjust_creative=-uBzzloii2ivvF3N0jkhKQ&utm_campaign=yelp_api_v3&utm_medium=api_v3_business_search&utm_source=-uBzzloii2ivvF3N0jkhKQ,R6v-A-TETGftAgOHTWOUhg
The Draycott,Hotels,5.0,Â£Â£Â£,26 Cadogan Gardens,51.4930610656738,-0.15995900332927698,https://www.yelp.com/biz/the-draycott-london?adjust_creative=-uBzzloii2ivvF3N0jkhKQ&utm_campaign=yelp_api_v3&utm_medium=api_v3_business_search&utm_source=-uBzzloii2ivvF3N0jkhKQ,jEa-BJscV6RIxatz335sAw
Leman Locke,Hotels,4.5,Â£Â£Â£,15 Leman Street,51.5145665,-0.0710777,https://www.yelp.com/biz/leman-locke-london?adjust_creative=-uBzzloii2ivvF3N0jkhKQ&utm_campaign=yelp_api_v3&utm_medium=api_v3_business_search&utm_source=-uBzzloii2ivvF3N0jkhKQ,Ba9zwE0V_gj_JaIgdxe8sA
88 Studios,Hotels,3.5,Â£Â£,88 Holland Road,51.4992798,-0.20911350000000004,https://www.yelp.com/biz/88-studios-london?adjust_creative=-uBzzloii2ivvF3N0jkhKQ&utm_campaign=yelp_api_v3&utm_medium=api_v3_business_search&utm_source=-uBzzloii2ivvF3N0jkhKQ,Hl46n5tO4SvTRNOQ85kukA
The Berkeley,Hotels,4.5,Â£Â£Â£Â£,Wilton Place,51.5019068266959,-0.156179445368934,https://www.yelp.com/biz/the-berkeley-london?adjust_creative=-uBzzloii2ivvF3N0jkhKQ&utm_campaign=yelp_api_v3&utm_medium=api_v3_business_search&utm_source=-uBzzloii2ivvF3N0jkhKQ,ACZzwkEWIKXg0MMjDr8LiQ
CitizenM Hotel,Hotels,4.5,Â£Â£,20 Lavington Street,51.5051155599748,-0.09828334785664901,https://www.yelp.com/biz/citizenm-hotel-london-4?adjust_creative=-uBzzloii2ivvF3N0jkhKQ&utm_campaign=yelp_api_v3&utm_medium=api_v3_business_search&utm_source=-uBzzloii2ivvF3N0jkhKQ,1tyiyRStaEuq_0hBc6ypCg
Hilton London Tower Bridge,Hotels,4.0,Â£Â£Â£,5 More London Place,51.5046388785402,-0.0824432680348952,https://www.yelp.com/biz/hilton-london-tower-bridge-london?adjust_creative=-uBzzloii2ivvF3N0jkhKQ&utm_campaign=yelp_api_v3&utm_medium=api_v3_business_search&utm_source=-uBzzloii2ivvF3N0jkhKQ,loeMRdWerolE9W1j5f2rwA
Thistle Kensington Gardens,Hotels,3.0,Â£Â£,104 Bayswater Road,51.5109254,-0.18387320000000001,https://www.yelp.com/biz/thistle-kensington-gardens-london-3?adjust_creative=-uBzzloii2ivvF3N0jkhKQ&utm_campaign=yelp_api_v3&utm_medium=api_v3_business_search&utm_source=-uBzzloii2ivvF3N0jkhKQ,nIPi8iSdlG3SlpRL0_ePtw
The Kensington Hotel,Hotels,4.5,Â£Â£Â£,109 - 113 Queen's Gate,51.492559,-0.1780645,https://www.yelp.com/biz/the-kensington-hotel-london?adjust_creative=-uBzzloii2ivvF3N0jkhKQ&utm_campaign=yelp_api_v3&utm_medium=api_v3_business_search&utm_source=-uBzzloii2ivvF3N0jkhKQ,hGJkHYD10mPIh-R_xrUQNg
Hilton Garden Inn London Heathrow Airport,Hotels,4.0,Â£Â£,Eastern Perimeter Road,51.4681555455725,-0.419068933362628,https://www.yelp.com/biz/hilton-garden-inn-london-heathrow-airport-london-3?adjust_creative=-uBzzloii2ivvF3N0jkhKQ&utm_campaign=yelp_api_v3&utm_medium=api_v3_business_search&utm_source=-uBzzloii2ivvF3N0jkhKQ,XtsuXYJnSbS3hw0qnsuTBQ
Hilton London Wembley,Hotels,3.0,Â£Â£Â£,Lakeside Way,51.5573196411133,-0.28380900621414196,https://www.yelp.com/biz/hilton-london-wembley-wembley?adjust_creative=-uBzzloii2ivvF3N0jkhKQ&utm_campaign=yelp_api_v3&utm_medium=api_v3_business_search&utm_source=-uBzzloii2ivvF3N0jkhKQ,siDpmUF4bhnLHYo3z4wBSg
Nobu Hotel Shoreditch,Hotels,4.0,Â£Â£Â£Â£,10-50 Willow Street,51.525072200000004,-0.08268110000000001,https://www.yelp.com/biz/nobu-hotel-shoreditch-london?adjust_creative=-uBzzloii2ivvF3N0jkhKQ&utm_campaign=yelp_api_v3&utm_medium=api_v3_business_search&utm_source=-uBzzloii2ivvF3N0jkhKQ,OPtqyoClLHUMo5Tr3Os4kQ
Sheraton Grand London Park Lane,Hotels,3.5,Â£Â£Â£,Piccadilly,51.5045999,-0.1469917,https://www.yelp.com/biz/sheraton-grand-london-park-lane-london-2?adjust_creative=-uBzzloii2ivvF3N0jkhKQ&utm_campaign=yelp_api_v3&utm_medium=api_v3_business_search&utm_source=-uBzzloii2ivvF3N0jkhKQ,ugLZ4kaMSHiUjkt36XxqRA
Brown's Hotel,Hotels,4.0,Â£Â£Â£,30 Albemarle Street,51.5091761,-0.1422935,https://www.yelp.com/biz/browns-hotel-london?adjust_creative=-uBzzloii2ivvF3N0jkhKQ&utm_campaign=yelp_api_v3&utm_medium=api_v3_business_search&utm_source=-uBzzloii2ivvF3N0jkhKQ,PpTb-RwM8yqtq6mtOn6Yuw
Thistle City Barbican Hotel,Hotels,3.0,Â£Â£,120 Central Street,51.5274751,-0.0969153,https://www.yelp.com/biz/thistle-city-barbican-hotel-london?adjust_creative=-uBzzloii2ivvF3N0jkhKQ&utm_campaign=yelp_api_v3&utm_medium=api_v3_business_search&utm_source=-uBzzloii2ivvF3N0jkhKQ,xawtwMNiOkskcvgQohFUNQ
St. Pancras Renaissance Hotel London,Hotels,4.5,Â£Â£Â£,Euston Road,51.529852000000005,-0.12580999999999998,https://www.yelp.com/biz/st-pancras-renaissance-hotel-london-london-2?adjust_creative=-uBzzloii2ivvF3N0jkhKQ&utm_campaign=yelp_api_v3&utm_medium=api_v3_business_search&utm_source=-uBzzloii2ivvF3N0jkhKQ,MXXkkGldpE0afT_moqaUnQ
Hotel CafÃ© Royal,Hotels,4.5,Â£Â£Â£,68 Regent Street,51.510171,-0.135962,https://www.yelp.com/biz/hotel-caf%C3%A9-royal-london?adjust_creative=-uBzzloii2ivvF3N0jkhKQ&utm_campaign=yelp_api_v3&utm_medium=api_v3_business_search&utm_source=-uBzzloii2ivvF3N0jkhKQ,t9-_U2-WmaIee3XDB0Tz0w
myhotel,Hotels,4.0,Â£Â£,35 Ixworth Place,51.491938,-0.16858900000000002,https://www.yelp.com/biz/myhotel-london-2?adjust_creative=-uBzzloii2ivvF3N0jkhKQ&utm_campaign=yelp_api_v3&utm_medium=api_v3_business_search&utm_source=-uBzzloii2ivvF3N0jkhKQ,igsHBUp7ZQPOQ7EbgFkKRA
Me,Hotels,4.0,Â£Â£Â£,Strand,51.511846275847596,-0.118709250331904,https://www.yelp.com/biz/me-london-3?adjust_creative=-uBzzloii2ivvF3N0jkhKQ&utm_campaign=yelp_api_v3&utm_medium=api_v3_business_search&utm_source=-uBzzloii2ivvF3N0jkhKQ,M2zf3hZItPnI75hmNyCY0w
Marble Arch Inn,Hotels,2.0,Â£Â£,49-50 Upper Berkeley Street,51.51511,-0.161592,https://www.yelp.com/biz/marble-arch-inn-london?adjust_creative=-uBzzloii2ivvF3N0jkhKQ&utm_campaign=yelp_api_v3&utm_medium=api_v3_business_search&utm_source=-uBzzloii2ivvF3N0jkhKQ,hhN8KFYprSDxmiCUBX8QAw
St  Athans Hotel,Hotels,4.0,Â£Â£Â£,20 Tavistock Place,51.5251934106446,-0.126380119252758,https://www.yelp.com/biz/st-athans-hotel-london?adjust_creative=-uBzzloii2ivvF3N0jkhKQ&utm_campaign=yelp_api_v3&utm_medium=api_v3_business_search&utm_source=-uBzzloii2ivvF3N0jkhKQ,bboAeHONuSFE27CqPxgsMQ
B+B Belgravia,Hotels,3.0,Â£Â£,64-66 Ebury Street,51.4944745,-0.14909560000000002,https://www.yelp.com/biz/b-b-belgravia-london?adjust_creative=-uBzzloii2ivvF3N0jkhKQ&utm_campaign=yelp_api_v3&utm_medium=api_v3_business_search&utm_source=-uBzzloii2ivvF3N0jkhKQ,LL8oKPc8BAJaPAEBdRHnEA
Oakley Hotel,Hotels,3.5,Â£Â£,73 Oakley Street,51.484772,-0.168646,https://www.yelp.com/biz/oakley-hotel-london?adjust_creative=-uBzzloii2ivvF3N0jkhKQ&utm_campaign=yelp_api_v3&utm_medium=api_v3_business_search&utm_source=-uBzzloii2ivvF3N0jkhKQ,iE6JM0o8ALjlB76QvjH20A
The Hyde Park Radnor Hotel,Hotels,3.5,Â£Â£,7-9 Sussex Place,51.514545,-0.17264100000000002,https://www.yelp.com/biz/the-hyde-park-radnor-hotel-london?adjust_creative=-uBzzloii2ivvF3N0jkhKQ&utm_campaign=yelp_api_v3&utm_medium=api_v3_business_search&utm_source=-uBzzloii2ivvF3N0jkhKQ,cmR8-WWi7n7h1c4l2-foRg
The Bloomsbury Hotel,Hotels,4.0,Â£Â£Â£Â£,16-22 Great Russell Street,51.5171420898507,-0.1290839910507,https://www.yelp.com/biz/the-bloomsbury-hotel-london?adjust_creative=-uBzzloii2ivvF3N0jkhKQ&utm_campaign=yelp_api_v3&utm_medium=api_v3_business_search&utm_source=-uBzzloii2ivvF3N0jkhKQ,RshDXZKYqY6-ru8dzqpm_g
The Windermere - Hotel & Brasserie,Hotels,4.5,Â£Â£,142-144 Warwick Way,51.490359000000005,-0.14593599999999998,https://www.yelp.com/biz/the-windermere-hotel-and-brasserie-london?adjust_creative=-uBzzloii2ivvF3N0jkhKQ&utm_campaign=yelp_api_v3&utm_medium=api_v3_business_search&utm_source=-uBzzloii2ivvF3N0jkhKQ,oEp8Z5OyrTpK5jl-nSuglQ
The Soho Hotel,Hotels,4.0,Â£Â£Â£,4 Richmond Mews,51.513944,-0.13389600000000002,https://www.yelp.com/biz/the-soho-hotel-london?adjust_creative=-uBzzloii2ivvF3N0jkhKQ&utm_campaign=yelp_api_v3&utm_medium=api_v3_business_search&utm_source=-uBzzloii2ivvF3N0jkhKQ,DBkxwMryWb2zvhRSu7wmBg
Gower House Hotel,Hotels,3.0,Â£,57 Gower Street,51.521547399999996,-0.13181610000000002,https://www.yelp.com/biz/gower-house-hotel-london?adjust_creative=-uBzzloii2ivvF3N0jkhKQ&utm_campaign=yelp_api_v3&utm_medium=api_v3_business_search&utm_source=-uBzzloii2ivvF3N0jkhKQ,WkLEiLIM67bBIhf6G3fGbw
Limetree Hotel,Hotels,4.0,Â£Â£,135-137 Ebury Street,51.493271899999996,-0.1500756,https://www.yelp.com/biz/limetree-hotel-london?adjust_creative=-uBzzloii2ivvF3N0jkhKQ&utm_campaign=yelp_api_v3&utm_medium=api_v3_business_search&utm_source=-uBzzloii2ivvF3N0jkhKQ,bq4MyM1GISMEE2JJA8LP1g
Aster House,Hotels,4.5,Â£Â£Â£,3 Sumner Place,51.4925736,-0.1754493,https://www.yelp.com/biz/aster-house-london?adjust_creative=-uBzzloii2ivvF3N0jkhKQ&utm_campaign=yelp_api_v3&utm_medium=api_v3_business_search&utm_source=-uBzzloii2ivvF3N0jkhKQ,6nApL63kBo4oEFA-H3PMzw
Dean Street Townhouse,Hotels,4.0,Â£Â£Â£,69-71 Dean st,51.51350193,-0.13258903,https://www.yelp.com/biz/dean-street-townhouse-london?adjust_creative=-uBzzloii2ivvF3N0jkhKQ&utm_campaign=yelp_api_v3&utm_medium=api_v3_business_search&utm_source=-uBzzloii2ivvF3N0jkhKQ,Lh2PswtgZdaZhbxg_YSUcw
Royal Park Hotel,Hotels,4.5,Â£Â£Â£,3 Westbourne Terrace,51.5140501,-0.1765312,https://www.yelp.com/biz/royal-park-hotel-london?adjust_creative=-uBzzloii2ivvF3N0jkhKQ&utm_campaign=yelp_api_v3&utm_medium=api_v3_business_search&utm_source=-uBzzloii2ivvF3N0jkhKQ,3KYZAtAgFqjIESnPGBt2Jw
K+K Hotel George,Hotels,4.5,Â£Â£,1-15 Templeton Place,51.4921,-0.19529000000000002,https://www.yelp.com/biz/k-k-hotel-george-london-2?adjust_creative=-uBzzloii2ivvF3N0jkhKQ&utm_campaign=yelp_api_v3&utm_medium=api_v3_business_search&utm_source=-uBzzloii2ivvF3N0jkhKQ,1H9Uqnpqti9rPZ4B2Pw7fQ
Henley House,Hotels,4.0,Â£Â£,30 Barkston Gardens,51.492137799999995,-0.1914864,https://www.yelp.com/biz/henley-house-london?adjust_creative=-uBzzloii2ivvF3N0jkhKQ&utm_campaign=yelp_api_v3&utm_medium=api_v3_business_search&utm_source=-uBzzloii2ivvF3N0jkhKQ,bCyN0sgxjM8Aa2ZtEmY8Nw
St David's Hotels,Hotels,3.5,Â£Â£,14-20 Norfolk Square,51.516003999999995,-0.17390799999999998,https://www.yelp.com/biz/st-davids-hotels-london?adjust_creative=-uBzzloii2ivvF3N0jkhKQ&utm_campaign=yelp_api_v3&utm_medium=api_v3_business_search&utm_source=-uBzzloii2ivvF3N0jkhKQ,_jFVWny91oy62o5uNIvSSw
Comfort Inn King Cross,Hotels,2.5,Â£Â£,2-5 St Chad's Street,51.53005261786549,-0.12131631374359102,https://www.yelp.com/biz/comfort-inn-king-cross-london?adjust_creative=-uBzzloii2ivvF3N0jkhKQ&utm_campaign=yelp_api_v3&utm_medium=api_v3_business_search&utm_source=-uBzzloii2ivvF3N0jkhKQ,b3Cr4W1I1cVGcrvfKM_3Pw
Hotel Meridiana,Hotels,3.5,Â£Â£,43-44 Argyle Square,51.528975,-0.122901,https://www.yelp.com/biz/hotel-meridiana-london?adjust_creative=-uBzzloii2ivvF3N0jkhKQ&utm_campaign=yelp_api_v3&utm_medium=api_v3_business_search&utm_source=-uBzzloii2ivvF3N0jkhKQ,oF2Bw0_Bo2iRvz9G8H3SFA
Luna Simone Hotel,Hotels,4.5,Â£Â£,47-49 Belgrave Road,51.490891999999995,-0.138727,https://www.yelp.com/biz/luna-simone-hotel-london?adjust_creative=-uBzzloii2ivvF3N0jkhKQ&utm_campaign=yelp_api_v3&utm_medium=api_v3_business_search&utm_source=-uBzzloii2ivvF3N0jkhKQ,5T_87ChJ4auLW1HrUD2ONA
Belgravia Hotel,Hotels,2.0,Â£Â£,118 Ebury Street,51.493318200000004,-0.1505076,https://www.yelp.com/biz/belgravia-hotel-london?adjust_creative=-uBzzloii2ivvF3N0jkhKQ&utm_campaign=yelp_api_v3&utm_medium=api_v3_business_search&utm_source=-uBzzloii2ivvF3N0jkhKQ,wtuG6p5VztkShICJIugfag
"The Capital Hotel, Apartments and Townhouse",Hotels,4.5,Â£Â£Â£,22-24 Basil Street,51.499959999999994,-0.16146,https://www.yelp.com/biz/the-capital-hotel-apartments-and-townhouse-london?adjust_creative=-uBzzloii2ivvF3N0jkhKQ&utm_campaign=yelp_api_v3&utm_medium=api_v3_business_search&utm_source=-uBzzloii2ivvF3N0jkhKQ,50xBkYgaecoki59YnBH7Yg
Berkeley Court Hotel,Hotels,3.0,Â£,22 Upper Berkeley Street,51.5153093,-0.1600287,https://www.yelp.com/biz/berkeley-court-hotel-london?adjust_creative=-uBzzloii2ivvF3N0jkhKQ&utm_campaign=yelp_api_v3&utm_medium=api_v3_business_search&utm_source=-uBzzloii2ivvF3N0jkhKQ,vu0O1RA2cKxrqAY-O18tyw
Hilton London Metropole,Hotels,3.0,Â£Â£Â£,225 Edgware Road,51.519398313415394,-0.169682935447581,https://www.yelp.com/biz/hilton-london-metropole-london-2?adjust_creative=-uBzzloii2ivvF3N0jkhKQ&utm_campaign=yelp_api_v3&utm_medium=api_v3_business_search&utm_source=-uBzzloii2ivvF3N0jkhKQ,Rgg191-6wVMZImQWmZX5Xg
Park Plaza Westminster Bridge London,Hotels,3.5,Â£Â£Â£,200 Westminster Bridge Road,51.500945128618,-0.11681739458404199,https://www.yelp.com/biz/park-plaza-westminster-bridge-london-london-4?adjust_creative=-uBzzloii2ivvF3N0jkhKQ&utm_campaign=yelp_api_v3&utm_medium=api_v3_business_search&utm_source=-uBzzloii2ivvF3N0jkhKQ,uZ7itHFaLK1tYm8WP0hLqA
Best Western Mornington Hotel,Hotels,3.5,Â£Â£,12 Lancaster Gate,51.512107,-0.178359,https://www.yelp.com/biz/best-western-mornington-hotel-london-3?adjust_creative=-uBzzloii2ivvF3N0jkhKQ&utm_campaign=yelp_api_v3&utm_medium=api_v3_business_search&utm_source=-uBzzloii2ivvF3N0jkhKQ,BK_KGlfEC-jw_o02PzLDpA
Qbic Hotel ,Hotels,4.0,Â£Â£,42 Adler Street,51.516491200000004,-0.0680791,https://www.yelp.com/biz/qbic-hotel-london-2?adjust_creative=-uBzzloii2ivvF3N0jkhKQ&utm_campaign=yelp_api_v3&utm_medium=api_v3_business_search&utm_source=-uBzzloii2ivvF3N0jkhKQ,5oWQBVotAM09PzhRYa8xUg
New Linden Hotel,Hotels,3.0,Â£Â£,59 Leinster Square,51.5134506,-0.1937141,https://www.yelp.com/biz/new-linden-hotel-london?adjust_creative=-uBzzloii2ivvF3N0jkhKQ&utm_campaign=yelp_api_v3&utm_medium=api_v3_business_search&utm_source=-uBzzloii2ivvF3N0jkhKQ,jRAnL4nPczO2JvNvsTE8wg
Conrad London St. James,Hotels,4.5,Â£Â£Â£,22 - 28 Broadway,51.499352,-0.132922,https://www.yelp.com/biz/conrad-london-st-james-london-2?adjust_creative=-uBzzloii2ivvF3N0jkhKQ&utm_campaign=yelp_api_v3&utm_medium=api_v3_business_search&utm_source=-uBzzloii2ivvF3N0jkhKQ,TKh-jjknmqz8DeoFXtZZBw
Lincoln House Hotel,Hotels,4.0,Â£Â£,33 Gloucester Place,51.517590000000006,-0.158048,https://www.yelp.com/biz/lincoln-house-hotel-london?adjust_creative=-uBzzloii2ivvF3N0jkhKQ&utm_campaign=yelp_api_v3&utm_medium=api_v3_business_search&utm_source=-uBzzloii2ivvF3N0jkhKQ,vCnwGIj73ixitVM5lA_cFQ
"The Trafalgar St. James, Curio Collection by Hilton",Hotels,3.5,Â£Â£Â£,2 Spring Gardens,51.5073702861629,-0.129121295037066,https://www.yelp.com/biz/the-trafalgar-st-james-curio-collection-by-hilton-london?adjust_creative=-uBzzloii2ivvF3N0jkhKQ&utm_campaign=yelp_api_v3&utm_medium=api_v3_business_search&utm_source=-uBzzloii2ivvF3N0jkhKQ,RvfgwrRK7qPVTHsTln_-cQ
St Simeon,Hotels,2.0,Â£Â£,38 Harrington Gardens,51.492603,-0.18654600000000002,https://www.yelp.com/biz/st-simeon-london?adjust_creative=-uBzzloii2ivvF3N0jkhKQ&utm_campaign=yelp_api_v3&utm_medium=api_v3_business_search&utm_source=-uBzzloii2ivvF3N0jkhKQ,m6YpBNCgo0eU01IcWoZqsQ
easyHotel - Victoria,Hotels,3.5,Â£,34-40 Belgrave Road,51.49203320000001,-0.1421055,https://www.yelp.com/biz/easyhotel-victoria-london?adjust_creative=-uBzzloii2ivvF3N0jkhKQ&utm_campaign=yelp_api_v3&utm_medium=api_v3_business_search&utm_source=-uBzzloii2ivvF3N0jkhKQ,xxOLQvRBVjUCVKb2wjl-VA
The Stafford London,Hotels,5.0,Â£Â£Â£Â£,16-18 St James's Place,51.505918,-0.14039100000000002,https://www.yelp.com/biz/the-stafford-london-london?adjust_creative=-uBzzloii2ivvF3N0jkhKQ&utm_campaign=yelp_api_v3&utm_medium=api_v3_business_search&utm_source=-uBzzloii2ivvF3N0jkhKQ,SXUptNI-yemUbrImbl66Ow
The Ampersand Hotel,Hotels,4.5,Â£Â£Â£,10 Harrington Road,51.494309369922895,-0.1755579,https://www.yelp.com/biz/the-ampersand-hotel-london?adjust_creative=-uBzzloii2ivvF3N0jkhKQ&utm_campaign=yelp_api_v3&utm_medium=api_v3_business_search&utm_source=-uBzzloii2ivvF3N0jkhKQ,zRWecrLR6rjSkEkxoCvyCA
George IV Regency Hotel,Hotels,4.0,Â£,7 Ida Street,51.511830100000005,-0.0113132,https://www.yelp.com/biz/george-iv-regency-hotel-london?adjust_creative=-uBzzloii2ivvF3N0jkhKQ&utm_campaign=yelp_api_v3&utm_medium=api_v3_business_search&utm_source=-uBzzloii2ivvF3N0jkhKQ,ZfgnUczgKJhJlOfYe-7vIA
Euro Lodge Clapham,Hotels,2.0,Â£,90 Clapham Common South,51.4621032,-0.13649879999999998,https://www.yelp.com/biz/euro-lodge-clapham-london?adjust_creative=-uBzzloii2ivvF3N0jkhKQ&utm_campaign=yelp_api_v3&utm_medium=api_v3_business_search&utm_source=-uBzzloii2ivvF3N0jkhKQ,eu9fOjyGjkEpdiRtQkEZGw
Best Western - The Delmere Hotel,Hotels,3.5,Â£Â£,130 Sussex Gardens,51.5156027,-0.1723232,https://www.yelp.com/biz/best-western-the-delmere-hotel-london?adjust_creative=-uBzzloii2ivvF3N0jkhKQ&utm_campaign=yelp_api_v3&utm_medium=api_v3_business_search&utm_source=-uBzzloii2ivvF3N0jkhKQ,m9r6Mr04wtMNgNkz_8XCxA
The Belvedere,Hotels,3.0,Â£,52-54 Norfolk Square,51.5166821,-0.1726058,https://www.yelp.com/biz/the-belvedere-london?adjust_creative=-uBzzloii2ivvF3N0jkhKQ&utm_campaign=yelp_api_v3&utm_medium=api_v3_business_search&utm_source=-uBzzloii2ivvF3N0jkhKQ,J4uj1M36H9yxsuDGDr-sQg
Tavistock Hotel,Hotels,2.5,Â£Â£,48-55 Tavistock Square,51.5242414277584,-0.128316522252727,https://www.yelp.com/biz/tavistock-hotel-london?adjust_creative=-uBzzloii2ivvF3N0jkhKQ&utm_campaign=yelp_api_v3&utm_medium=api_v3_business_search&utm_source=-uBzzloii2ivvF3N0jkhKQ,ICQd0BDxqdOrcgBshjpNEw
The Marylebone Hotel,Hotels,4.0,Â£Â£Â£,47 Welbeck Street,51.518068409708206,-0.14977455139160198,https://www.yelp.com/biz/the-marylebone-hotel-london?adjust_creative=-uBzzloii2ivvF3N0jkhKQ&utm_campaign=yelp_api_v3&utm_medium=api_v3_business_search&utm_source=-uBzzloii2ivvF3N0jkhKQ,NDkrcHjLSobKPzbwFLF3Vw
Miller's Hotel,Hotels,5.0,Â£Â£Â£,111a Westbourne Grove,51.5150554,-0.1936962,https://www.yelp.com/biz/millers-hotel-london?adjust_creative=-uBzzloii2ivvF3N0jkhKQ&utm_campaign=yelp_api_v3&utm_medium=api_v3_business_search&utm_source=-uBzzloii2ivvF3N0jkhKQ,6r3jpZ377oysG0CLsCXcZw
Hyatt Place London Heathrow Airport,Hotels,3.5,Â£Â£,Bath Road,51.48194,-0.46829499999999996,https://www.yelp.com/biz/hyatt-place-london-heathrow-airport-west-drayton?adjust_creative=-uBzzloii2ivvF3N0jkhKQ&utm_campaign=yelp_api_v3&utm_medium=api_v3_business_search&utm_source=-uBzzloii2ivvF3N0jkhKQ,9MTcoVa_VYrReyTXDAoE-Q
Ashley Hotel,Hotels,2.0,Â£Â£,17 Norfolk Square,51.5156759,-0.1731871,https://www.yelp.com/biz/ashley-hotel-london?adjust_creative=-uBzzloii2ivvF3N0jkhKQ&utm_campaign=yelp_api_v3&utm_medium=api_v3_business_search&utm_source=-uBzzloii2ivvF3N0jkhKQ,9uUErn3j8w-zS4RWCNRRWg
Grantly Hotel,Hotels,3.5,Â£Â£,50 Shepherds Bush Green,51.5033379,-0.222702,https://www.yelp.com/biz/grantly-hotel-london?adjust_creative=-uBzzloii2ivvF3N0jkhKQ&utm_campaign=yelp_api_v3&utm_medium=api_v3_business_search&utm_source=-uBzzloii2ivvF3N0jkhKQ,x98G1wVSZ_YbzPBzaHUAcQ
K West Hotel & Spa,Hotels,3.5,Â£Â£Â£,Richmond Way,51.50245,-0.216437,https://www.yelp.com/biz/k-west-hotel-and-spa-london?adjust_creative=-uBzzloii2ivvF3N0jkhKQ&utm_campaign=yelp_api_v3&utm_medium=api_v3_business_search&utm_source=-uBzzloii2ivvF3N0jkhKQ,bf7L0sfjtncteeV7xrBFGQ
Sofitel London Heathrow,Hotels,4.0,Â£Â£Â£,London Heathrow Airport,51.473419,-0.4916834,https://www.yelp.com/biz/sofitel-london-heathrow-hounslow?adjust_creative=-uBzzloii2ivvF3N0jkhKQ&utm_campaign=yelp_api_v3&utm_medium=api_v3_business_search&utm_source=-uBzzloii2ivvF3N0jkhKQ,IW9G8qSauDss5ECMqECw6A
Euro Hotel,Hotels,3.0,Â£Â£,51-53 Cartwright Gardens,51.526247,-0.1269904,https://www.yelp.com/biz/euro-hotel-london?adjust_creative=-uBzzloii2ivvF3N0jkhKQ&utm_campaign=yelp_api_v3&utm_medium=api_v3_business_search&utm_source=-uBzzloii2ivvF3N0jkhKQ,YmZmzpClPSZEabRIqI-tnQ
DoubleTree by Hilton Hotel London - West End,Hotels,3.0,Â£Â£,92 Southampton Row,51.520271505557794,-0.12186320355960499,https://www.yelp.com/biz/doubletree-by-hilton-hotel-london-west-end-london-3?adjust_creative=-uBzzloii2ivvF3N0jkhKQ&utm_campaign=yelp_api_v3&utm_medium=api_v3_business_search&utm_source=-uBzzloii2ivvF3N0jkhKQ,rCAmc_cKX5KAUHrZ9MUepg
Caring Hotel,Hotels,3.5,Â£Â£,24 Craven Hill Gardens,51.5128789,-0.18305079999999999,https://www.yelp.com/biz/caring-hotel-london?adjust_creative=-uBzzloii2ivvF3N0jkhKQ&utm_campaign=yelp_api_v3&utm_medium=api_v3_business_search&utm_source=-uBzzloii2ivvF3N0jkhKQ,Wx-XiRNByKeT3rVnP6nBig
The Z Hotel,Hotels,3.5,Â£Â£,51 Gloucester Place,51.518144,-0.158343,https://www.yelp.com/biz/the-z-hotel-london-3?adjust_creative=-uBzzloii2ivvF3N0jkhKQ&utm_campaign=yelp_api_v3&utm_medium=api_v3_business_search&utm_source=-uBzzloii2ivvF3N0jkhKQ,hfpBEYTt58gr5Nxk4W0W7g
Orchard House Hotel,Hotels,2.5,Â£Â£,88 Sussex Gardens,51.516420200000006,-0.17121329999999998,https://www.yelp.com/biz/orchard-house-hotel-london?adjust_creative=-uBzzloii2ivvF3N0jkhKQ&utm_campaign=yelp_api_v3&utm_medium=api_v3_business_search&utm_source=-uBzzloii2ivvF3N0jkhKQ,tl6v6KPTYTK8b-iLIzVE1w
The Cardiff Hotel,Hotels,3.0,Â£Â£,5-9 Norfolk Square,51.515485,-0.173525,https://www.yelp.com/biz/the-cardiff-hotel-london?adjust_creative=-uBzzloii2ivvF3N0jkhKQ&utm_campaign=yelp_api_v3&utm_medium=api_v3_business_search&utm_source=-uBzzloii2ivvF3N0jkhKQ,Z50KRn0AFicRm8DF8Y4RcA
Premier Inn,Hotels,3.0,Â£Â£,88 Euston Road,51.5284598,-0.1270915,https://www.yelp.com/biz/premier-inn-london-35?adjust_creative=-uBzzloii2ivvF3N0jkhKQ&utm_campaign=yelp_api_v3&utm_medium=api_v3_business_search&utm_source=-uBzzloii2ivvF3N0jkhKQ,FVO-zsFAMKMfWUcRQQq_Ag
"Holiday Inn Express - Ealing, London",Hotels,4.5,Â£Â£Â£,75 Broadway,51.5098193,-0.3248211,https://www.yelp.com/biz/holiday-inn-express-ealing-london-ealing?adjust_creative=-uBzzloii2ivvF3N0jkhKQ&utm_campaign=yelp_api_v3&utm_medium=api_v3_business_search&utm_source=-uBzzloii2ivvF3N0jkhKQ,dASdaKgRlRk5hQH7Pacdnw
The Z Hotel ,Hotels,4.0,Â£Â£,136-144 City Road,51.5268102,-0.0883364,https://www.yelp.com/biz/the-z-hotel-london-2?adjust_creative=-uBzzloii2ivvF3N0jkhKQ&utm_campaign=yelp_api_v3&utm_medium=api_v3_business_search&utm_source=-uBzzloii2ivvF3N0jkhKQ,0rTsnYGt_8u7yxs8Xg6Ufw
Royal Oak Hotel,Hotels,2.0,Â£Â£Â£,High Street,51.26871,0.19375989999999998,https://www.yelp.com/biz/royal-oak-hotel-sevenoaks?adjust_creative=-uBzzloii2ivvF3N0jkhKQ&utm_campaign=yelp_api_v3&utm_medium=api_v3_business_search&utm_source=-uBzzloii2ivvF3N0jkhKQ,qm0aLs1uUH4rXWQXNS6c0A
Travelodge Hotel,Hotels,4.5,Â£,195 -203 Waterloo Road,51.50061420000001,-0.1078255,https://www.yelp.com/biz/travelodge-hotel-london-10?adjust_creative=-uBzzloii2ivvF3N0jkhKQ&utm_campaign=yelp_api_v3&utm_medium=api_v3_business_search&utm_source=-uBzzloii2ivvF3N0jkhKQ,NOyRSiG5k4BmBlhyOXxZAg
Novotel,Hotels,3.0,Â£Â£,1 Shortlands,51.4919196,-0.22093539999999998,https://www.yelp.com/biz/novotel-london-15?adjust_creative=-uBzzloii2ivvF3N0jkhKQ&utm_campaign=yelp_api_v3&utm_medium=api_v3_business_search&utm_source=-uBzzloii2ivvF3N0jkhKQ,h50MW-NyPbR9aK-c1PzrIg
Olympic House,Hotels,3.5,Â£Â£,138-140 Sussex Gardens,51.5154356,-0.17294020000000002,https://www.yelp.com/biz/olympic-house-london?adjust_creative=-uBzzloii2ivvF3N0jkhKQ&utm_campaign=yelp_api_v3&utm_medium=api_v3_business_search&utm_source=-uBzzloii2ivvF3N0jkhKQ,I-9u_WC-WBqlsNSJ324f3A
Hilton London Angel Islington,Hotels,3.5,Â£Â£,53 Upper Street,51.536202200000005,-0.10484149999999999,https://www.yelp.com/biz/hilton-london-angel-islington-london-2?adjust_creative=-uBzzloii2ivvF3N0jkhKQ&utm_campaign=yelp_api_v3&utm_medium=api_v3_business_search&utm_source=-uBzzloii2ivvF3N0jkhKQ,UIF5fUJ11b62WT0tW17Akg
Astor Court Hotel,Hotels,3.0,Â£Â£,20 Hallam Street,51.519802,-0.14317,https://www.yelp.com/biz/astor-court-hotel-london?adjust_creative=-uBzzloii2ivvF3N0jkhKQ&utm_campaign=yelp_api_v3&utm_medium=api_v3_business_search&utm_source=-uBzzloii2ivvF3N0jkhKQ,0wB6Ps7T6cMY8JAA4s8BRg
Landmark Apartments,Hotels,2.5,Â£Â£,28-30 Rivington Street,51.525947217154894,-0.0822431630711833,https://www.yelp.com/biz/landmark-apartments-london?adjust_creative=-uBzzloii2ivvF3N0jkhKQ&utm_campaign=yelp_api_v3&utm_medium=api_v3_business_search&utm_source=-uBzzloii2ivvF3N0jkhKQ,zdxxuEB043cyX6kZI7bzWg
Belle Cour Hotel & SPA,Hotels,2.0,Â£Â£Â£,4 Upper Tachbrook Street,51.49323270000001,-0.1397839,https://www.yelp.com/biz/belle-cour-hotel-and-spa-london?adjust_creative=-uBzzloii2ivvF3N0jkhKQ&utm_campaign=yelp_api_v3&utm_medium=api_v3_business_search&utm_source=-uBzzloii2ivvF3N0jkhKQ,mhy7rOYXBZe9Mkh4ItRAsg
Residence Inn by Marriott London Kensington,Hotels,3.0,Â£Â£,181-183 Warwick Rd,51.4936447143555,-0.20218800008297,https://www.yelp.com/biz/residence-inn-by-marriott-london-kensington-london?adjust_creative=-uBzzloii2ivvF3N0jkhKQ&utm_campaign=yelp_api_v3&utm_medium=api_v3_business_search&utm_source=-uBzzloii2ivvF3N0jkhKQ,CPArXY7C2-J9bPMdxImD8Q
Premier Inn,Hotels,3.5,Â£Â£,County Hall,51.502605730250394,-0.1181543888855,https://www.yelp.com/biz/premier-inn-london-33?adjust_creative=-uBzzloii2ivvF3N0jkhKQ&utm_campaign=yelp_api_v3&utm_medium=api_v3_business_search&utm_source=-uBzzloii2ivvF3N0jkhKQ,GFgFEF4ghF1aqohh54klXw
Sanderson Hotel,Hotels,4.0,Â£Â£Â£,50 Berners Street,51.517469,-0.13724,https://www.yelp.com/biz/sanderson-hotel-london-3?adjust_creative=-uBzzloii2ivvF3N0jkhKQ&utm_campaign=yelp_api_v3&utm_medium=api_v3_business_search&utm_source=-uBzzloii2ivvF3N0jkhKQ,WSmvqMrRs3P-CgTQwdws3g
Number Sixteen,Hotels,4.0,Â£Â£Â£Â£,16 Sumner Place,51.493083293133004,-0.175445396683422,https://www.yelp.com/biz/number-sixteen-london?adjust_creative=-uBzzloii2ivvF3N0jkhKQ&utm_campaign=yelp_api_v3&utm_medium=api_v3_business_search&utm_source=-uBzzloii2ivvF3N0jkhKQ,I0u3rVZNykXLsrjwk_h_gw
Glenlyn Hotel,Hotels,4.5,Â£Â£,4 Woodside Park Road,51.617337,-0.1772059,https://www.yelp.com/biz/glenlyn-hotel-london?adjust_creative=-uBzzloii2ivvF3N0jkhKQ&utm_campaign=yelp_api_v3&utm_medium=api_v3_business_search&utm_source=-uBzzloii2ivvF3N0jkhKQ,QIcS5MfuLWG2k92x_l02_g
Chrysos Hotel,Hotels,3.0,Â£,25-27 Norfolk Square,51.515796200000004,-0.17272279999999998,https://www.yelp.com/biz/chrysos-hotel-london?adjust_creative=-uBzzloii2ivvF3N0jkhKQ&utm_campaign=yelp_api_v3&utm_medium=api_v3_business_search&utm_source=-uBzzloii2ivvF3N0jkhKQ,1g5e5xEEy5fKn7NCbCggxQ
Radisson,Hotels,4.0,Â£Â£Â£,20 Mercer Street,51.513951,-0.127117,https://www.yelp.com/biz/radisson-london?adjust_creative=-uBzzloii2ivvF3N0jkhKQ&utm_campaign=yelp_api_v3&utm_medium=api_v3_business_search&utm_source=-uBzzloii2ivvF3N0jkhKQ,87L4PxozU_bncE7SHHkelQ
Coach & Horses Hotel,Hotels,3.5,Â£Â£,8 Kew Green,51.483189976606,-0.28649884633083,https://www.yelp.com/biz/coach-and-horses-hotel-richmond?adjust_creative=-uBzzloii2ivvF3N0jkhKQ&utm_campaign=yelp_api_v3&utm_medium=api_v3_business_search&utm_source=-uBzzloii2ivvF3N0jkhKQ,YXExgepcpEurO3JPKkIfMg
Alhambra Hotel,Hotels,4.0,Â£Â£,17-19 Argyle Street,51.5293381,-0.1236626,https://www.yelp.com/biz/alhambra-hotel-london?adjust_creative=-uBzzloii2ivvF3N0jkhKQ&utm_campaign=yelp_api_v3&utm_medium=api_v3_business_search&utm_source=-uBzzloii2ivvF3N0jkhKQ,SJZbFo89ONAvHujafLbGdQ
Hilton London Canary Wharf,Hotels,4.5,Â£Â£Â£,South Quay,51.500929,-0.01973,https://www.yelp.com/biz/hilton-london-canary-wharf-london-2?adjust_creative=-uBzzloii2ivvF3N0jkhKQ&utm_campaign=yelp_api_v3&utm_medium=api_v3_business_search&utm_source=-uBzzloii2ivvF3N0jkhKQ,QQmTdk1Mgb9x1PFlRsN1sg
Princess Hotel,Hotels,5.0,Â£Â£,35-37 Argyle Street,51.5289363,-0.12325050000000001,https://www.yelp.com/biz/princess-hotel-london?adjust_creative=-uBzzloii2ivvF3N0jkhKQ&utm_campaign=yelp_api_v3&utm_medium=api_v3_business_search&utm_source=-uBzzloii2ivvF3N0jkhKQ,s8DYhX_JL_7gtgCEZy6QcA
Jesmond Dene Hotel,Hotels,3.5,Â£Â£,27-27a Argyle Street,51.5290213,-0.12333039999999999,https://www.yelp.com/biz/jesmond-dene-hotel-london?adjust_creative=-uBzzloii2ivvF3N0jkhKQ&utm_campaign=yelp_api_v3&utm_medium=api_v3_business_search&utm_source=-uBzzloii2ivvF3N0jkhKQ,6Y6ErBGwJjWwsbA1OHj8pQ
Jesmond Hotel,Hotels,4.0,Â£Â£,63 Gower Street,51.521682399999996,-0.131966,https://www.yelp.com/biz/jesmond-hotel-london?adjust_creative=-uBzzloii2ivvF3N0jkhKQ&utm_campaign=yelp_api_v3&utm_medium=api_v3_business_search&utm_source=-uBzzloii2ivvF3N0jkhKQ,vj1jvQ1ltnXevArL5HvgFg
Ridgemount Hotel,Hotels,4.0,Â£Â£,65-67 Gower Street,51.521786,-0.13222,https://www.yelp.com/biz/ridgemount-hotel-london?adjust_creative=-uBzzloii2ivvF3N0jkhKQ&utm_campaign=yelp_api_v3&utm_medium=api_v3_business_search&utm_source=-uBzzloii2ivvF3N0jkhKQ,hapu8YaZppNgULBFetuxPg
The Kensington Gardens Hotel,Hotels,4.5,Â£,9 Kensington Gardens Square,51.5133583,-0.1900571,https://www.yelp.com/biz/the-kensington-gardens-hotel-london?adjust_creative=-uBzzloii2ivvF3N0jkhKQ&utm_campaign=yelp_api_v3&utm_medium=api_v3_business_search&utm_source=-uBzzloii2ivvF3N0jkhKQ,_EaXEfvYjQWpt5BtqXbV9g
One Aldwych,Hotels,4.0,Â£Â£Â£,1 Aldwych,51.51192460000001,-0.11938510000000001,https://www.yelp.com/biz/one-aldwych-london?adjust_creative=-uBzzloii2ivvF3N0jkhKQ&utm_campaign=yelp_api_v3&utm_medium=api_v3_business_search&utm_source=-uBzzloii2ivvF3N0jkhKQ,OoUu79Tr6D15IyAl9F7NPA
The Georgian House,Hotels,3.0,Â£Â£Â£,37 St Georges Drive,51.4904958,-0.1438013,https://www.yelp.com/biz/the-georgian-house-london?adjust_creative=-uBzzloii2ivvF3N0jkhKQ&utm_campaign=yelp_api_v3&utm_medium=api_v3_business_search&utm_source=-uBzzloii2ivvF3N0jkhKQ,n_HgrUGU9WT91mSlBEYEHg
Hendon Hall Hotel,Hotels,4.5,Â£Â£Â£,Ashley Lane,51.594260299999995,-0.2190554,https://www.yelp.com/biz/hendon-hall-hotel-london?adjust_creative=-uBzzloii2ivvF3N0jkhKQ&utm_campaign=yelp_api_v3&utm_medium=api_v3_business_search&utm_source=-uBzzloii2ivvF3N0jkhKQ,n_nORKBSVGadwr_4QPUMPw
Cherry Court Hotel,Hotels,4.0,Â£Â£,23 Hugh Street,51.492520299999995,-0.1450402,https://www.yelp.com/biz/cherry-court-hotel-london?adjust_creative=-uBzzloii2ivvF3N0jkhKQ&utm_campaign=yelp_api_v3&utm_medium=api_v3_business_search&utm_source=-uBzzloii2ivvF3N0jkhKQ,2QQbF5bre2duA2a_s7ekzQ
Twenty Nevern Square Hotel,Hotels,4.0,Â£Â£,20 Nevern Square,51.4916,-0.19630350000000002,https://www.yelp.com/biz/twenty-nevern-square-hotel-london?adjust_creative=-uBzzloii2ivvF3N0jkhKQ&utm_campaign=yelp_api_v3&utm_medium=api_v3_business_search&utm_source=-uBzzloii2ivvF3N0jkhKQ,W23J8tW_5vTiJo9fBpNEag
Charlies Hotel,Hotels,4.0,Â£,63 Anson Road,51.5553807,-0.1298956,https://www.yelp.com/biz/charlies-hotel-london?adjust_creative=-uBzzloii2ivvF3N0jkhKQ&utm_campaign=yelp_api_v3&utm_medium=api_v3_business_search&utm_source=-uBzzloii2ivvF3N0jkhKQ,Uyat8azSbi1oCNDWrbGvdw
Sir Alfred Hitchcock Hotel,Hotels,4.0,Â£,147 Whipps Cross Road,51.576729799999995,0.0116831,https://www.yelp.com/biz/sir-alfred-hitchcock-hotel-london?adjust_creative=-uBzzloii2ivvF3N0jkhKQ&utm_campaign=yelp_api_v3&utm_medium=api_v3_business_search&utm_source=-uBzzloii2ivvF3N0jkhKQ,-xh3JmyLCMXkvfZH0L7P6Q
Thanet Hotel,Hotels,4.0,Â£Â£,8 Bedford Place,51.520155100000004,-0.12395999999999999,https://www.yelp.com/biz/thanet-hotel-london?adjust_creative=-uBzzloii2ivvF3N0jkhKQ&utm_campaign=yelp_api_v3&utm_medium=api_v3_business_search&utm_source=-uBzzloii2ivvF3N0jkhKQ,rsKWux6LkLSIrXMYoNmgdg
Holiday Inn London - Kensington,Hotels,2.5,Â£Â£Â£,Wrights Lane,51.4988245259061,-0.19195097792501897,https://www.yelp.com/biz/holiday-inn-london-kensington-london-2?adjust_creative=-uBzzloii2ivvF3N0jkhKQ&utm_campaign=yelp_api_v3&utm_medium=api_v3_business_search&utm_source=-uBzzloii2ivvF3N0jkhKQ,Ut5NZhcbl1bElj1JEIPmTg
Travelodge,Hotels,4.0,Â£,Willings House 356-364,51.5301395893589,-0.12035272847218198,https://www.yelp.com/biz/travelodge-london-15?adjust_creative=-uBzzloii2ivvF3N0jkhKQ&utm_campaign=yelp_api_v3&utm_medium=api_v3_business_search&utm_source=-uBzzloii2ivvF3N0jkhKQ,EujiHYtcngGm7UFif9tNEg
Hotel La Gaffe,Hotels,5.0,Â£Â£,107-111 Heath Street,51.5593645,-0.1785256,https://www.yelp.com/biz/hotel-la-gaffe-london?adjust_creative=-uBzzloii2ivvF3N0jkhKQ&utm_campaign=yelp_api_v3&utm_medium=api_v3_business_search&utm_source=-uBzzloii2ivvF3N0jkhKQ,7nWuz48vCnuMrSwe_bD2Yw
Residence Inn by Marriott,Hotels,4.0,Â£Â£,201 - 211 Long Lane,51.4987162467047,-0.0841357962951861,https://www.yelp.com/biz/residence-inn-by-marriott-london-2?adjust_creative=-uBzzloii2ivvF3N0jkhKQ&utm_campaign=yelp_api_v3&utm_medium=api_v3_business_search&utm_source=-uBzzloii2ivvF3N0jkhKQ,VWTYSnuV3IDJJjSk7kzMkw
Morgan Hotel,Hotels,5.0,Â£Â£,24 Bloomsbury Street,51.518044599999996,-0.1275755,https://www.yelp.com/biz/morgan-hotel-london?adjust_creative=-uBzzloii2ivvF3N0jkhKQ&utm_campaign=yelp_api_v3&utm_medium=api_v3_business_search&utm_source=-uBzzloii2ivvF3N0jkhKQ,N8oLZIUrKK8Ksgsn2xa3aw
Hotel Ibis Heathrow,Hotels,3.0,Â£,112 Bath Road,51.4808865597196,-0.4306313776625829,https://www.yelp.com/biz/hotel-ibis-heathrow-hayes?adjust_creative=-uBzzloii2ivvF3N0jkhKQ&utm_campaign=yelp_api_v3&utm_medium=api_v3_business_search&utm_source=-uBzzloii2ivvF3N0jkhKQ,p4ew7JO_a6Gj3NDHo2G0sg
Hotel Indigo,Hotels,4.5,Â£Â£,16 London Street,51.5151159,-0.17403,https://www.yelp.com/biz/hotel-indigo-london-3?adjust_creative=-uBzzloii2ivvF3N0jkhKQ&utm_campaign=yelp_api_v3&utm_medium=api_v3_business_search&utm_source=-uBzzloii2ivvF3N0jkhKQ,0-uw5Y2_2UXyQR2Z2Lk1pA
Marlin Waterloo,Hotels,4.0,Â£Â£,111 Westminster Bridge Road,51.4992169,-0.1130701,https://www.yelp.com/biz/marlin-waterloo-london?adjust_creative=-uBzzloii2ivvF3N0jkhKQ&utm_campaign=yelp_api_v3&utm_medium=api_v3_business_search&utm_source=-uBzzloii2ivvF3N0jkhKQ,JO-K5sPXnOBpyfSxm02uWA
The Cromwell Crown Hotel,Hotels,1.0,Â£Â£,139-141 Cromwell Road,51.4945093,-0.1878368,https://www.yelp.com/biz/the-cromwell-crown-hotel-london?adjust_creative=-uBzzloii2ivvF3N0jkhKQ&utm_campaign=yelp_api_v3&utm_medium=api_v3_business_search&utm_source=-uBzzloii2ivvF3N0jkhKQ,p1oGY060KOieh5yUxYOiMQ
The Jenkins Hotel,Hotels,4.0,Â£Â£Â£,45 Cartwright Gardens,51.52684779999999,-0.1276618,https://www.yelp.com/biz/the-jenkins-hotel-london?adjust_creative=-uBzzloii2ivvF3N0jkhKQ&utm_campaign=yelp_api_v3&utm_medium=api_v3_business_search&utm_source=-uBzzloii2ivvF3N0jkhKQ,_WyEsL3rzWcSHgorKF30vA
Holiday Villa Hotel,Hotels,2.5,Â£Â£,37 Leinster Gardens,51.5141023,-0.1840263,https://www.yelp.com/biz/holiday-villa-hotel-london-2?adjust_creative=-uBzzloii2ivvF3N0jkhKQ&utm_campaign=yelp_api_v3&utm_medium=api_v3_business_search&utm_source=-uBzzloii2ivvF3N0jkhKQ,KcsWxMD--0lcbJyNftO-bw
DORSETT,Hotels,4.0,Â£Â£,58 Shepherds Bush Green,51.50405670000001,-0.2246746,https://www.yelp.com/biz/dorsett-london-2?adjust_creative=-uBzzloii2ivvF3N0jkhKQ&utm_campaign=yelp_api_v3&utm_medium=api_v3_business_search&utm_source=-uBzzloii2ivvF3N0jkhKQ,AW3ZBSBgVBYU3k6nWi7ygg
Chiswick Court Hotel,Hotels,1.5,Â£,39 Bath Road,51.4967748,-0.2510061,https://www.yelp.com/biz/chiswick-court-hotel-london?adjust_creative=-uBzzloii2ivvF3N0jkhKQ&utm_campaign=yelp_api_v3&utm_medium=api_v3_business_search&utm_source=-uBzzloii2ivvF3N0jkhKQ,71zkj0U8fsFPFIBP9DrvoA
Hotel Montana,Hotels,4.0,Â£,16-17 Argyle Square,51.5291364,-0.12175789999999999,https://www.yelp.com/biz/hotel-montana-london?adjust_creative=-uBzzloii2ivvF3N0jkhKQ&utm_campaign=yelp_api_v3&utm_medium=api_v3_business_search&utm_source=-uBzzloii2ivvF3N0jkhKQ,BCnri2b-wmuIzmivwAMhKg
Enrico Hotel,Hotels,3.0,Â£,77-79 Warwick Way,51.4915521,-0.142754,https://www.yelp.com/biz/enrico-hotel-london?adjust_creative=-uBzzloii2ivvF3N0jkhKQ&utm_campaign=yelp_api_v3&utm_medium=api_v3_business_search&utm_source=-uBzzloii2ivvF3N0jkhKQ,2J0uQcUc6aNQADduFETZgA
Elysee Hotel,Hotels,2.5,Â£Â£,25-26 Craven Terrace,51.5124984405647,-0.17819523811340302,https://www.yelp.com/biz/elysee-hotel-london-2?adjust_creative=-uBzzloii2ivvF3N0jkhKQ&utm_campaign=yelp_api_v3&utm_medium=api_v3_business_search&utm_source=-uBzzloii2ivvF3N0jkhKQ,TgC3maFRFcClxLCiLhtsFg
Holiday Inn ,Hotels,3.5,Â£Â£,Carburton Street,51.522548933192304,-0.14272403093237804,https://www.yelp.com/biz/holiday-inn-london-27?adjust_creative=-uBzzloii2ivvF3N0jkhKQ&utm_campaign=yelp_api_v3&utm_medium=api_v3_business_search&utm_source=-uBzzloii2ivvF3N0jkhKQ,hLzmh0Lq2cHJDDntlnNeuw
Dolphin Hotels,Hotels,3.0,Â£,34 Norfolk Square,51.516197600000005,-0.1734646,https://www.yelp.com/biz/dolphin-hotels-london?adjust_creative=-uBzzloii2ivvF3N0jkhKQ&utm_campaign=yelp_api_v3&utm_medium=api_v3_business_search&utm_source=-uBzzloii2ivvF3N0jkhKQ,ZB4cIBjZWVtWsvpb9F3Oow
Nayland Hotel,Hotels,3.0,Â£,132 Sussex Gardens,51.515764000000004,-0.17239000000000002,https://www.yelp.com/biz/nayland-hotel-london?adjust_creative=-uBzzloii2ivvF3N0jkhKQ&utm_campaign=yelp_api_v3&utm_medium=api_v3_business_search&utm_source=-uBzzloii2ivvF3N0jkhKQ,1wrny1J_kfbwY3KiqgxIPw
Harlingford Hotel,Hotels,4.0,Â£Â£,61-63 Cartwright Gardens,51.5260951,-0.1261868,https://www.yelp.com/biz/harlingford-hotel-london?adjust_creative=-uBzzloii2ivvF3N0jkhKQ&utm_campaign=yelp_api_v3&utm_medium=api_v3_business_search&utm_source=-uBzzloii2ivvF3N0jkhKQ,xqGynJcWIF6-jl9i69phOw
Crescent Hotel,Hotels,4.5,Â£,49-50 Cartwright Gardens,51.5262838,-0.1270723,https://www.yelp.com/biz/crescent-hotel-london?adjust_creative=-uBzzloii2ivvF3N0jkhKQ&utm_campaign=yelp_api_v3&utm_medium=api_v3_business_search&utm_source=-uBzzloii2ivvF3N0jkhKQ,4IUl4e0IdHm7C-tZzzPLhw
The Sumner Hotel,Hotels,4.0,Â£Â£,54 Upper Berkeley Street,51.5152138,-0.1608312,https://www.yelp.com/biz/the-sumner-hotel-london?adjust_creative=-uBzzloii2ivvF3N0jkhKQ&utm_campaign=yelp_api_v3&utm_medium=api_v3_business_search&utm_source=-uBzzloii2ivvF3N0jkhKQ,8ehiJFYEG49xxDAxuXglwQ
Grosvenor Hotel,Hotels,3.5,Â£Â£Â£,101 Buckingham Palace Road,51.49576,-0.14551,https://www.yelp.com/biz/grosvenor-hotel-london?adjust_creative=-uBzzloii2ivvF3N0jkhKQ&utm_campaign=yelp_api_v3&utm_medium=api_v3_business_search&utm_source=-uBzzloii2ivvF3N0jkhKQ,01g9FYZKvGeNViNjAY4Oeg
Pavilion Hotel,Hotels,4.0,Â£Â£Â£,34-36 Sussex Gardens,51.517925,-0.16851300000000002,https://www.yelp.com/biz/pavilion-hotel-london?adjust_creative=-uBzzloii2ivvF3N0jkhKQ&utm_campaign=yelp_api_v3&utm_medium=api_v3_business_search&utm_source=-uBzzloii2ivvF3N0jkhKQ,Wqn9iFKqiOeDJ5Om1y0ssw
Comfort Inn,Hotels,2.0,Â£,6-14 Pembridge Gardens,51.509479,-0.196794,https://www.yelp.com/biz/comfort-inn-london-8?adjust_creative=-uBzzloii2ivvF3N0jkhKQ&utm_campaign=yelp_api_v3&utm_medium=api_v3_business_search&utm_source=-uBzzloii2ivvF3N0jkhKQ,3y68o7Mh4NCqn_FrUPnikg
Shakespeare Hotel,Hotels,3.0,Â£Â£,Norfolk Square,51.516003999999995,-0.17390799999999998,https://www.yelp.com/biz/shakespeare-hotel-london?adjust_creative=-uBzzloii2ivvF3N0jkhKQ&utm_campaign=yelp_api_v3&utm_medium=api_v3_business_search&utm_source=-uBzzloii2ivvF3N0jkhKQ,kxjVmqI3HmDttZ-A-9PojQ
The Queens Hotel,Hotels,3.5,Â£,33 Anson Road,51.5549861,-0.13256279999999998,https://www.yelp.com/biz/the-queens-hotel-london-3?adjust_creative=-uBzzloii2ivvF3N0jkhKQ&utm_campaign=yelp_api_v3&utm_medium=api_v3_business_search&utm_source=-uBzzloii2ivvF3N0jkhKQ,AcZriM33FsJYHydVhDAXvQ
Bluedaws Private Hotel,Hotels,5.0,Â£Â£,133-135 Sussex Gardens,51.51515620000001,-0.1720422,https://www.yelp.com/biz/bluedaws-private-hotel-london?adjust_creative=-uBzzloii2ivvF3N0jkhKQ&utm_campaign=yelp_api_v3&utm_medium=api_v3_business_search&utm_source=-uBzzloii2ivvF3N0jkhKQ,lIQ4U5CitbWVKbWgu_0n_A
Apollo Hotel,Hotels,1.5,Â£Â£,64 Queensborough Terrace,51.511265,-0.18495,https://www.yelp.com/biz/apollo-hotel-london-2?adjust_creative=-uBzzloii2ivvF3N0jkhKQ&utm_campaign=yelp_api_v3&utm_medium=api_v3_business_search&utm_source=-uBzzloii2ivvF3N0jkhKQ,aggqfapyiE6z0u8KJILDcg
Hilton London Heathrow Airport,Hotels,3.5,Â£Â£Â£,Terminal 4,51.45901702501779,-0.44113007969281204,https://www.yelp.com/biz/hilton-london-heathrow-airport-hounslow?adjust_creative=-uBzzloii2ivvF3N0jkhKQ&utm_campaign=yelp_api_v3&utm_medium=api_v3_business_search&utm_source=-uBzzloii2ivvF3N0jkhKQ,JcJw63zxq1cWLIsxVM8ndQ
City Hotel London,Hotels,4.0,Â£Â£,12-20 Osborn Street,51.5165291,-0.0697546,https://www.yelp.com/biz/city-hotel-london-london?adjust_creative=-uBzzloii2ivvF3N0jkhKQ&utm_campaign=yelp_api_v3&utm_medium=api_v3_business_search&utm_source=-uBzzloii2ivvF3N0jkhKQ,_Xfm8atGVbtwMZI7gYsMkg
Central Hotel,Hotels,3.0,Â£Â£,16 - 18 Argyle Street,51.529208000000004,-0.12398699999999999,https://www.yelp.com/biz/central-hotel-london?adjust_creative=-uBzzloii2ivvF3N0jkhKQ&utm_campaign=yelp_api_v3&utm_medium=api_v3_business_search&utm_source=-uBzzloii2ivvF3N0jkhKQ,KIj-NH1qFR2pov1SLa7FUg
Radisson Blu Edwardian Vanderbilt,Hotels,3.5,Â£Â£,68-86 Cromwell Road,51.495158399999994,-0.182347,https://www.yelp.com/biz/radisson-blu-edwardian-vanderbilt-london?adjust_creative=-uBzzloii2ivvF3N0jkhKQ&utm_campaign=yelp_api_v3&utm_medium=api_v3_business_search&utm_source=-uBzzloii2ivvF3N0jkhKQ,NJrRi_DHpZhUudHzxZUmNA
The Rookery,Hotels,4.0,Â£Â£Â£,12 Peter's Lane,51.52033,-0.10224989999999999,https://www.yelp.com/biz/the-rookery-london?adjust_creative=-uBzzloii2ivvF3N0jkhKQ&utm_campaign=yelp_api_v3&utm_medium=api_v3_business_search&utm_source=-uBzzloii2ivvF3N0jkhKQ,9h8s3Zq1sKzpRwPd4bXFow
Lord Jim,Hotels,3.0,Â£Â£,25 Penywern Road,51.4906453,-0.1936547,https://www.yelp.com/biz/lord-jim-london-2?adjust_creative=-uBzzloii2ivvF3N0jkhKQ&utm_campaign=yelp_api_v3&utm_medium=api_v3_business_search&utm_source=-uBzzloii2ivvF3N0jkhKQ,SZNqYSr8vHPCXd454jmKAA
Parkwood Hotel,Hotels,4.0,Â£Â£,4 Stanhope Place,51.5134305,-0.16317220000000002,https://www.yelp.com/biz/parkwood-hotel-london?adjust_creative=-uBzzloii2ivvF3N0jkhKQ&utm_campaign=yelp_api_v3&utm_medium=api_v3_business_search&utm_source=-uBzzloii2ivvF3N0jkhKQ,-h1xcSqH5R2kXZm9rZWSiQ
Novotel London Waterloo,Hotels,3.5,Â£Â£,113 Lambeth Road,51.4944,-0.11858900000000001,https://www.yelp.com/biz/novotel-london-waterloo-london?adjust_creative=-uBzzloii2ivvF3N0jkhKQ&utm_campaign=yelp_api_v3&utm_medium=api_v3_business_search&utm_source=-uBzzloii2ivvF3N0jkhKQ,rOWNJSuO-xxFAYQ2_VDJAw
Mayflower Hotel,Hotels,3.0,Â£Â£,26-28 Trebovir Road,51.491577899999996,-0.19489089999999998,https://www.yelp.com/biz/mayflower-hotel-london?adjust_creative=-uBzzloii2ivvF3N0jkhKQ&utm_campaign=yelp_api_v3&utm_medium=api_v3_business_search&utm_source=-uBzzloii2ivvF3N0jkhKQ,HaMTe7qGpk_yeOppLORk_A
Dylan Hotel,Hotels,3.0,Â£,14 Devonshire Terrace,51.514398,-0.18048699999999998,https://www.yelp.com/biz/dylan-hotel-london?adjust_creative=-uBzzloii2ivvF3N0jkhKQ&utm_campaign=yelp_api_v3&utm_medium=api_v3_business_search&utm_source=-uBzzloii2ivvF3N0jkhKQ,1YJ238GUBSgvIvBvpG5V3g
The 29,Hotels,2.5,Â£Â£,29-31 st Georges Drive,51.49053588,-0.14375034,https://www.yelp.com/biz/the-29-london?adjust_creative=-uBzzloii2ivvF3N0jkhKQ&utm_campaign=yelp_api_v3&utm_medium=api_v3_business_search&utm_source=-uBzzloii2ivvF3N0jkhKQ,jtoQsYmVeOyM9rxJxhO-BQ
Jurys Inn London Watford,Hotels,3.0,Â£Â£,Clarendon Road,51.658375,-0.3969324,https://www.yelp.com/biz/jurys-inn-london-watford-watford?adjust_creative=-uBzzloii2ivvF3N0jkhKQ&utm_campaign=yelp_api_v3&utm_medium=api_v3_business_search&utm_source=-uBzzloii2ivvF3N0jkhKQ,FQOkLro9QvLrIdPLVNr2uw
The Montcalm Brewery London City,Hotels,4.0,Â£Â£Â£,52 Chiswell Street,51.5205,-0.0873,https://www.yelp.com/biz/the-montcalm-brewery-london-city-london?adjust_creative=-uBzzloii2ivvF3N0jkhKQ&utm_campaign=yelp_api_v3&utm_medium=api_v3_business_search&utm_source=-uBzzloii2ivvF3N0jkhKQ,50biOiXtGFiWZb-E4L_zdQ
Amsterdam Hotel London,Hotels,3.5,Â£Â£,7 Trebovir Road,51.492340000000006,-0.19453420000000002,https://www.yelp.com/biz/amsterdam-hotel-london-london-2?adjust_creative=-uBzzloii2ivvF3N0jkhKQ&utm_campaign=yelp_api_v3&utm_medium=api_v3_business_search&utm_source=-uBzzloii2ivvF3N0jkhKQ,a_47bK9uu14sEMhqfS_MlA
Oliver Plaza Hotel,Hotels,3.0,Â£Â£,Trebovir Road 33,51.49192670000001,-0.1951411,https://www.yelp.com/biz/oliver-plaza-hotel-london?adjust_creative=-uBzzloii2ivvF3N0jkhKQ&utm_campaign=yelp_api_v3&utm_medium=api_v3_business_search&utm_source=-uBzzloii2ivvF3N0jkhKQ,aKe6DVefXlLOKjCGavo4rA
The Judd Hotel,Hotels,2.0,Â£Â£,47 Cartwright Gardens,51.5262344,-0.1269806,https://www.yelp.com/biz/the-judd-hotel-london?adjust_creative=-uBzzloii2ivvF3N0jkhKQ&utm_campaign=yelp_api_v3&utm_medium=api_v3_business_search&utm_source=-uBzzloii2ivvF3N0jkhKQ,XzWdh64cZIbz-yJxBH-jeA
Lidos Hotel,Hotels,3.0,Â£Â£,45 Belgrave Road,51.4908149,-0.13879270000000002,https://www.yelp.com/biz/lidos-hotel-london?adjust_creative=-uBzzloii2ivvF3N0jkhKQ&utm_campaign=yelp_api_v3&utm_medium=api_v3_business_search&utm_source=-uBzzloii2ivvF3N0jkhKQ,fN-Av4WNcV1MDHJaHbMC2w
Belgrave House Hotel,Hotels,1.5,Â£Â£,30 Belgrave Road,51.491972,-0.142183,https://www.yelp.com/biz/belgrave-house-hotel-london?adjust_creative=-uBzzloii2ivvF3N0jkhKQ&utm_campaign=yelp_api_v3&utm_medium=api_v3_business_search&utm_source=-uBzzloii2ivvF3N0jkhKQ,glao2ngdfXgIJxTKWIUeiw
Oxford Hotel,Hotels,4.0,Â£,Craven Terrace 13,51.5128865,-0.1789027,https://www.yelp.com/biz/oxford-hotel-london-2?adjust_creative=-uBzzloii2ivvF3N0jkhKQ&utm_campaign=yelp_api_v3&utm_medium=api_v3_business_search&utm_source=-uBzzloii2ivvF3N0jkhKQ,rB6MY390hY61lHJNCKUEbQ
Beaver Hotel,Hotels,2.5,Â£,57-59 Philbeach Gardens,51.491475200000004,-0.20050839999999998,https://www.yelp.com/biz/beaver-hotel-london-2?adjust_creative=-uBzzloii2ivvF3N0jkhKQ&utm_campaign=yelp_api_v3&utm_medium=api_v3_business_search&utm_source=-uBzzloii2ivvF3N0jkhKQ,mwjvmfyoqNdyNsK2kM-k7A
The Earls Court Hotel,Hotels,4.0,Â£Â£,28 Warwick Road,51.489724200000005,-0.1931678,https://www.yelp.com/biz/the-earls-court-hotel-london?adjust_creative=-uBzzloii2ivvF3N0jkhKQ&utm_campaign=yelp_api_v3&utm_medium=api_v3_business_search&utm_source=-uBzzloii2ivvF3N0jkhKQ,imHAd4V_3YNxf03F3xU92g
The Hotel Cavendish,Hotels,1.5,Â£Â£Â£,75 Gower Street,51.521952299999995,-0.132266,https://www.yelp.com/biz/the-hotel-cavendish-london?adjust_creative=-uBzzloii2ivvF3N0jkhKQ&utm_campaign=yelp_api_v3&utm_medium=api_v3_business_search&utm_source=-uBzzloii2ivvF3N0jkhKQ,HloPGYjpsxeJ7aX_-5bnAg
Thistle,Hotels,4.0,Â£Â£,126 Southampton Row,51.520901,-0.122974,https://www.yelp.com/biz/thistle-london-3?adjust_creative=-uBzzloii2ivvF3N0jkhKQ&utm_campaign=yelp_api_v3&utm_medium=api_v3_business_search&utm_source=-uBzzloii2ivvF3N0jkhKQ,tP2AiQXgLtheNxBYV73SlA
