,Restaurant,Type,Rating,Price,Address,Lat,Lng,url,ID
0,Chinwag,American (New),4.5,££,21 Lewisham Way,51.4751791028272,-0.0351671713981808,https://www.yelp.com/biz/chinwag-london?adjust_creative=-uBzzloii2ivvF3N0jkhKQ&utm_campaign=yelp_api_v3&utm_medium=api_v3_business_search&utm_source=-uBzzloii2ivvF3N0jkhKQ,07iun95qUOuTR7aWShFwUw
1,Bodean's,American (Traditional),4.0,££,D'Arblay House,51.514481362499,-0.13676105637839,https://www.yelp.com/biz/bodeans-london?adjust_creative=-uBzzloii2ivvF3N0jkhKQ&utm_campaign=yelp_api_v3&utm_medium=api_v3_business_search&utm_source=-uBzzloii2ivvF3N0jkhKQ,Fa9718rkbQuMh3DYgvsSYw
2,The Fat Bear,American (Traditional),4.5,££,61 Carter Lane,51.5131833881734,-0.10138103121642,https://www.yelp.com/biz/the-fat-bear-london?adjust_creative=-uBzzloii2ivvF3N0jkhKQ&utm_campaign=yelp_api_v3&utm_medium=api_v3_business_search&utm_source=-uBzzloii2ivvF3N0jkhKQ,Z0r83lDOA1mI8RpNccXtHw
3,Sticky Fingers,American (Traditional),3.5,££,1a Phillimore Gardens,51.49988,-0.198297,https://www.yelp.com/biz/sticky-fingers-london?adjust_creative=-uBzzloii2ivvF3N0jkhKQ&utm_campaign=yelp_api_v3&utm_medium=api_v3_business_search&utm_source=-uBzzloii2ivvF3N0jkhKQ,YuQUXWOJROqOSeo0a19M5w
4,The Breakfast Club,American (Traditional),3.5,££,12-16 Artillery Lane,51.5183525085449,-0.0783239975571632,https://www.yelp.com/biz/the-breakfast-club-london-5?adjust_creative=-uBzzloii2ivvF3N0jkhKQ&utm_campaign=yelp_api_v3&utm_medium=api_v3_business_search&utm_source=-uBzzloii2ivvF3N0jkhKQ,wFWiE3iYnAeZAqY_rYUijw
5,Gaucho,Argentine,4.0,£££,25 Swallow Street,51.50968,-0.1379546,https://www.yelp.com/biz/gaucho-london-22?adjust_creative=-uBzzloii2ivvF3N0jkhKQ&utm_campaign=yelp_api_v3&utm_medium=api_v3_business_search&utm_source=-uBzzloii2ivvF3N0jkhKQ,VBQWqRMbt31fIUGlWUMkeQ
6,Gaucho - Tower Bridge,Argentine,4.0,£££,2 More London Riverside,51.5048025184846,-0.0801444053649902,https://www.yelp.com/biz/gaucho-tower-bridge-london?adjust_creative=-uBzzloii2ivvF3N0jkhKQ&utm_campaign=yelp_api_v3&utm_medium=api_v3_business_search&utm_source=-uBzzloii2ivvF3N0jkhKQ,wFxsp5CZCnyVs1nEheJADg
7,Fischer's,Austrian,4.0,£££,50 Marylebone High Street,51.5216155579831,-0.151699820819173,https://www.yelp.com/biz/fischers-london?adjust_creative=-uBzzloii2ivvF3N0jkhKQ&utm_campaign=yelp_api_v3&utm_medium=api_v3_business_search&utm_source=-uBzzloii2ivvF3N0jkhKQ,apqNvjbaB20wozywrLNPiQ
8,Hansel & Pretzel,Bakeries,5.0,££,71 Ham Street,51.4384193,-0.3134942,https://www.yelp.com/biz/hansel-and-pretzel-london?adjust_creative=-uBzzloii2ivvF3N0jkhKQ&utm_campaign=yelp_api_v3&utm_medium=api_v3_business_search&utm_source=-uBzzloii2ivvF3N0jkhKQ,RQxZlkXAAiDA6KNmvThi5w
9,GAIL's Bakery,Bakeries,,,240-242 Kensington High Street,51.49891,-0.2001699,,
10,Byward Kitchen & Bar,Bakeries,4.0,££,Byward Street,51.5092887647333,-0.0789638981223106,https://www.yelp.com/biz/byward-kitchen-and-bar-london?adjust_creative=-uBzzloii2ivvF3N0jkhKQ&utm_campaign=yelp_api_v3&utm_medium=api_v3_business_search&utm_source=-uBzzloii2ivvF3N0jkhKQ,xViBKVW8zxlrxLfDam2eqg
11,Upper Fleet Bakery,Bakeries,,,7 - 11 Upper Woburn place,51.5263319313231,-0.129384561430401,,
12,Raab's Bakery,Bakeries,5.0,£,136 Essex Road,51.5393189,-0.0977451,https://www.yelp.com/biz/raabs-bakery-london?adjust_creative=-uBzzloii2ivvF3N0jkhKQ&utm_campaign=yelp_api_v3&utm_medium=api_v3_business_search&utm_source=-uBzzloii2ivvF3N0jkhKQ,DARE_WvgMZINvslycDPJFQ
13,Camden Bakery,Bakeries,4.5,£,94 Camden High Street,51.5370833,-0.1407642,https://www.yelp.com/biz/camden-bakery-london?adjust_creative=-uBzzloii2ivvF3N0jkhKQ&utm_campaign=yelp_api_v3&utm_medium=api_v3_business_search&utm_source=-uBzzloii2ivvF3N0jkhKQ,pa2j9BlCHH8mRIk-TtD6UQ
14,Greggs,Bakeries,4.0,£,702c Fulham Road,51.4746146,-0.2068644,https://www.yelp.com/biz/greggs-london-3?adjust_creative=-uBzzloii2ivvF3N0jkhKQ&utm_campaign=yelp_api_v3&utm_medium=api_v3_business_search&utm_source=-uBzzloii2ivvF3N0jkhKQ,WqJ5Pp0pB-kZI6qa4tdlsA
15,HotBox,Barbeque,4.0,£££,46-48 Commercial Street,51.5170698872586,-0.0733181834220886,https://www.yelp.com/biz/hotbox-london?adjust_creative=-uBzzloii2ivvF3N0jkhKQ&utm_campaign=yelp_api_v3&utm_medium=api_v3_business_search&utm_source=-uBzzloii2ivvF3N0jkhKQ,ZeRFcWpgERKSFY1Rvuq8VA
16,The Lyric,Bars,4.5,££,37 Great Windmill Street,51.511283,-0.134466,https://www.yelp.com/biz/the-lyric-london?adjust_creative=-uBzzloii2ivvF3N0jkhKQ&utm_campaign=yelp_api_v3&utm_medium=api_v3_business_search&utm_source=-uBzzloii2ivvF3N0jkhKQ,3yvDAVKLDtsXZEHrskuobA
17,Simpsons Tavern,Bars,4.0,££,Ballcourt 38 1/2 Cornhill,51.5131443111499,-0.0860142708131661,https://www.yelp.com/biz/simpsons-tavern-london-2?adjust_creative=-uBzzloii2ivvF3N0jkhKQ&utm_campaign=yelp_api_v3&utm_medium=api_v3_business_search&utm_source=-uBzzloii2ivvF3N0jkhKQ,Knha-8wa2_RPavK_o9qfQQ
18,Dirty Bones,Bars,4.0,££,20 Kensington Church St,51.5026391,-0.1911358,https://www.yelp.com/biz/dirty-bones-london?adjust_creative=-uBzzloii2ivvF3N0jkhKQ&utm_campaign=yelp_api_v3&utm_medium=api_v3_business_search&utm_source=-uBzzloii2ivvF3N0jkhKQ,qQrQr-3WddVRFqsBaTe_wg
19,The Sausage Man UK Ltd,"Beer, Wine & Spirits",,,Unit 1 St Margaret's Farm,51.4117036,0.2600253,,
20,The Jugged Hare,Brasseries,4.0,£££,49 Chiswell Street,51.520789,-0.090935,https://www.yelp.com/biz/the-jugged-hare-london-2?adjust_creative=-uBzzloii2ivvF3N0jkhKQ&utm_campaign=yelp_api_v3&utm_medium=api_v3_business_search&utm_source=-uBzzloii2ivvF3N0jkhKQ,tWqe8jJBRf-TjqwQAn1Xfw
21,Raizes,Brazilian,3.0,££,460 Hackney Road,51.532062,-0.058945,https://www.yelp.com/biz/raizes-london?adjust_creative=-uBzzloii2ivvF3N0jkhKQ&utm_campaign=yelp_api_v3&utm_medium=api_v3_business_search&utm_source=-uBzzloii2ivvF3N0jkhKQ,xueM-mMFg2p-wweqiITstw
22,Rodizio Rico,Brazilian,4.0,££,77-78 Upper Street,51.5365104675293,-0.103692002594471,https://www.yelp.com/biz/rodizio-rico-london-2?adjust_creative=-uBzzloii2ivvF3N0jkhKQ&utm_campaign=yelp_api_v3&utm_medium=api_v3_business_search&utm_source=-uBzzloii2ivvF3N0jkhKQ,WYHgZEH5oeYoCAs__BCNzg
23,Preto,Brazilian,3.5,££,72 Wilton Road,51.4930272155551,-0.140680427009754,https://www.yelp.com/biz/preto-london?adjust_creative=-uBzzloii2ivvF3N0jkhKQ&utm_campaign=yelp_api_v3&utm_medium=api_v3_business_search&utm_source=-uBzzloii2ivvF3N0jkhKQ,LMGXgoqJDLM5ZDD72oigPg
24,The Breakfast Club,Breakfast & Brunch,3.5,££,2-4 Rufus Street,51.5269878207578,-0.0811266326024151,https://www.yelp.com/biz/the-breakfast-club-london-3?adjust_creative=-uBzzloii2ivvF3N0jkhKQ&utm_campaign=yelp_api_v3&utm_medium=api_v3_business_search&utm_source=-uBzzloii2ivvF3N0jkhKQ,ao-yAAnj8D_D9WI7qgLOow
25,Soho Joe,Breakfast & Brunch,,,34 D'Arblay St,51.5149162419674,-0.135393677274406,,
26,The Modern Pantry,Breakfast & Brunch,4.0,££,47-48 St John's Square,51.5230301121618,-0.103575187145258,https://www.yelp.com/biz/the-modern-pantry-london?adjust_creative=-uBzzloii2ivvF3N0jkhKQ&utm_campaign=yelp_api_v3&utm_medium=api_v3_business_search&utm_source=-uBzzloii2ivvF3N0jkhKQ,zOLPCLptUE2UKRXYWCEHvg
27,Caravan Kings Cross,Breakfast & Brunch,4.0,££,1 Granary Square,51.5357788239146,-0.125370576153865,https://www.yelp.com/biz/caravan-kings-cross-london?adjust_creative=-uBzzloii2ivvF3N0jkhKQ&utm_campaign=yelp_api_v3&utm_medium=api_v3_business_search&utm_source=-uBzzloii2ivvF3N0jkhKQ,B6ayHXLwfYBuIADficAeMg
28,Lantana Cafe,Breakfast & Brunch,4.0,££,13 Charlotte Place,51.5189676,-0.1359559,https://www.yelp.com/biz/lantana-cafe-london-2?adjust_creative=-uBzzloii2ivvF3N0jkhKQ&utm_campaign=yelp_api_v3&utm_medium=api_v3_business_search&utm_source=-uBzzloii2ivvF3N0jkhKQ,xl05GXufB5wPlGQL75wiJA
29,Caravan,Breakfast & Brunch,4.0,££,11-13 Exmouth Market,51.5254718215956,-0.110122750616417,https://www.yelp.com/biz/caravan-london-3?adjust_creative=-uBzzloii2ivvF3N0jkhKQ&utm_campaign=yelp_api_v3&utm_medium=api_v3_business_search&utm_source=-uBzzloii2ivvF3N0jkhKQ,Bc4GZfIUJu9363QQVACZVA
30,Ffiona's Restaurant,British,4.5,££,51 Kensington Church Street,51.50405773515,-0.192783395566043,https://www.yelp.com/biz/ffionas-restaurant-london?adjust_creative=-uBzzloii2ivvF3N0jkhKQ&utm_campaign=yelp_api_v3&utm_medium=api_v3_business_search&utm_source=-uBzzloii2ivvF3N0jkhKQ,70Q-Ll18zb4aglXXbUG7lw
31,The Honest Sausage,British,,,Broad Walk,51.5309066184409,-0.150675773620605,,
32,The Ginger Pig Café,British,4.0,££,231 Hoxton Street,51.5333665,-0.0801603,https://www.yelp.com/biz/the-ginger-pig-caf%C3%A9-london-2?adjust_creative=-uBzzloii2ivvF3N0jkhKQ&utm_campaign=yelp_api_v3&utm_medium=api_v3_business_search&utm_source=-uBzzloii2ivvF3N0jkhKQ,hilvZ2LeTt6lR6CAH7Tmpg
33,The Ivy,British,4.0,£££,1 - 5 West Street,51.512814,-0.128013,https://www.yelp.com/biz/the-ivy-london?adjust_creative=-uBzzloii2ivvF3N0jkhKQ&utm_campaign=yelp_api_v3&utm_medium=api_v3_business_search&utm_source=-uBzzloii2ivvF3N0jkhKQ,75-HeBBB391Np6T7GdJ5xQ
34,The Pig and Butcher,British,4.5,££,80 Liverpool Road,51.537442542029,-0.10682789450616,https://www.yelp.com/biz/the-pig-and-butcher-london?adjust_creative=-uBzzloii2ivvF3N0jkhKQ&utm_campaign=yelp_api_v3&utm_medium=api_v3_business_search&utm_source=-uBzzloii2ivvF3N0jkhKQ,3R0Klq1B1ESNTwqPfcsY-w
35,The Greenwich Union,British,4.5,££,56 Royal Hill,51.47653480684,-0.0095805481062472,https://www.yelp.com/biz/the-greenwich-union-london?adjust_creative=-uBzzloii2ivvF3N0jkhKQ&utm_campaign=yelp_api_v3&utm_medium=api_v3_business_search&utm_source=-uBzzloii2ivvF3N0jkhKQ,uq52voow6qazaRAFJ0ceMw
36,Niche,British,4.0,££,197-199 Rosebery Avenue,51.5299391920297,-0.105478788954883,https://www.yelp.com/biz/niche-london-5?adjust_creative=-uBzzloii2ivvF3N0jkhKQ&utm_campaign=yelp_api_v3&utm_medium=api_v3_business_search&utm_source=-uBzzloii2ivvF3N0jkhKQ,NCj4ufnnu9iJuJVy_15nxw
37,Hawksmoor Seven Dials,British,4.5,£££,11 Langley Street,51.5134998914001,-0.12567396291297,https://www.yelp.com/biz/hawksmoor-seven-dials-london-4?adjust_creative=-uBzzloii2ivvF3N0jkhKQ&utm_campaign=yelp_api_v3&utm_medium=api_v3_business_search&utm_source=-uBzzloii2ivvF3N0jkhKQ,0B-ag3J18TatG9H9EQohGg
38,The Pride Of Paddington,British,3.5,££,1-3 Craven Road,51.5149423,-0.176487,https://www.yelp.com/biz/the-pride-of-paddington-london?adjust_creative=-uBzzloii2ivvF3N0jkhKQ&utm_campaign=yelp_api_v3&utm_medium=api_v3_business_search&utm_source=-uBzzloii2ivvF3N0jkhKQ,CmTi8AXcTp7RsS4fdoDZ4g
39,De Vine Restaurant and Coffee Bar,British,,,19 Vine Street,51.5109241386221,-0.0755801994950509,,
40,Gino's Coffee Bar,British,4.5,£,Great Central St,51.5222244262695,-0.162099003791809,https://www.yelp.com/biz/ginos-coffee-bar-london?adjust_creative=-uBzzloii2ivvF3N0jkhKQ&utm_campaign=yelp_api_v3&utm_medium=api_v3_business_search&utm_source=-uBzzloii2ivvF3N0jkhKQ,N0kfB-iYOb3Fs9RkOfwBlA
41,Shane's on Chatsworth,British,,,62 Chatsworth Road,51.5542755126953,-0.0448880009353161,,
42,Terrace Grill and Bar,British,4.5,££,21 Piccadilly,51.5092748320384,-0.136759439958052,https://www.yelp.com/biz/terrace-grill-and-bar-london?adjust_creative=-uBzzloii2ivvF3N0jkhKQ&utm_campaign=yelp_api_v3&utm_medium=api_v3_business_search&utm_source=-uBzzloii2ivvF3N0jkhKQ,zlAyFg09KhOFncHQ-eKyFA
43,Apres Food Co.,British,4.5,£,72 Saint John Street,51.521479,-0.101328,https://www.yelp.com/biz/apres-food-co-london?adjust_creative=-uBzzloii2ivvF3N0jkhKQ&utm_campaign=yelp_api_v3&utm_medium=api_v3_business_search&utm_source=-uBzzloii2ivvF3N0jkhKQ,JETHlrp_LakVWuXq_o6_xQ
44,Heap's Sausage Shop,British,4.5,£,8 Nevada Street,51.4795609,-0.0073732,https://www.yelp.com/biz/heaps-sausage-shop-london-2?adjust_creative=-uBzzloii2ivvF3N0jkhKQ&utm_campaign=yelp_api_v3&utm_medium=api_v3_business_search&utm_source=-uBzzloii2ivvF3N0jkhKQ,PX3IwDtLn9SZnBJcPhvP-Q
45,Maria's Market Café,British,4.0,£,Borough Market,51.505117,-0.091086,https://www.yelp.com/biz/marias-market-caf%C3%A9-london-2?adjust_creative=-uBzzloii2ivvF3N0jkhKQ&utm_campaign=yelp_api_v3&utm_medium=api_v3_business_search&utm_source=-uBzzloii2ivvF3N0jkhKQ,XSiTrSnaA3H50zaMWjyGOQ
46,The Orangery,British,4.0,£££,Kensington Palace,51.5066360577041,-0.187725349125042,https://www.yelp.com/biz/the-orangery-london-7?adjust_creative=-uBzzloii2ivvF3N0jkhKQ&utm_campaign=yelp_api_v3&utm_medium=api_v3_business_search&utm_source=-uBzzloii2ivvF3N0jkhKQ,PBFvhVyBi0lEJyTbyuxf5w
47,Banger Bros,British,3.5,££,225a Portobello Road,51.516636,-0.2057331,https://www.yelp.com/biz/banger-bros-london?adjust_creative=-uBzzloii2ivvF3N0jkhKQ&utm_campaign=yelp_api_v3&utm_medium=api_v3_business_search&utm_source=-uBzzloii2ivvF3N0jkhKQ,wDco0qMw8raEZxmpAWko4g
48,St John Bar and Restaurant,British,4.0,£££,26 St John Street,51.520481,-0.101486,https://www.yelp.com/biz/st-john-bar-and-restaurant-london?adjust_creative=-uBzzloii2ivvF3N0jkhKQ&utm_campaign=yelp_api_v3&utm_medium=api_v3_business_search&utm_source=-uBzzloii2ivvF3N0jkhKQ,P3YeWO3ODeWmQVi-IilkAQ
49,Muriel's Kitchen,British,4.0,££,Unit 1,51.494117,-0.174468,https://www.yelp.com/biz/muriels-kitchen-london?adjust_creative=-uBzzloii2ivvF3N0jkhKQ&utm_campaign=yelp_api_v3&utm_medium=api_v3_business_search&utm_source=-uBzzloii2ivvF3N0jkhKQ,wm6Hwzan5qYhTzCDmO3oDQ
50,The Queens Arms,British,4.5,££,11 Warwick Way,51.4925789,-0.1392194,https://www.yelp.com/biz/the-queens-arms-london?adjust_creative=-uBzzloii2ivvF3N0jkhKQ&utm_campaign=yelp_api_v3&utm_medium=api_v3_business_search&utm_source=-uBzzloii2ivvF3N0jkhKQ,Wjgxl0lSp_FRtzecbJ4FZQ
51,Mother Mash,British,4.0,££,26 Ganton Street,51.512935,-0.139414,https://www.yelp.com/biz/mother-mash-london?adjust_creative=-uBzzloii2ivvF3N0jkhKQ&utm_campaign=yelp_api_v3&utm_medium=api_v3_business_search&utm_source=-uBzzloii2ivvF3N0jkhKQ,IBV7BsXnv2gX68nWUARhjw
52,MEATmarket,Burgers,3.5,££,The Deck Jubilee Market Hall,51.5115639700479,-0.121881224701809,https://www.yelp.com/biz/meatmarket-london?adjust_creative=-uBzzloii2ivvF3N0jkhKQ&utm_campaign=yelp_api_v3&utm_medium=api_v3_business_search&utm_source=-uBzzloii2ivvF3N0jkhKQ,m1HQUczUwC4-WfGnIfgQkg
53,Eggslut,Burgers,,,185 Portobello Road,51.5153442,-0.2048745,,
54,Shake Shack Covent Garden,Burgers,3.5,££,24 Market Building,51.511818,-0.122506,https://www.yelp.com/biz/shake-shack-covent-garden-london-4?adjust_creative=-uBzzloii2ivvF3N0jkhKQ&utm_campaign=yelp_api_v3&utm_medium=api_v3_business_search&utm_source=-uBzzloii2ivvF3N0jkhKQ,vmBxOLRJEme7m-wR5CdgcQ
55,The Bolton,Burgers,4.0,££,326 Earls Court Road,51.4895706,-0.1904267,https://www.yelp.com/biz/the-bolton-london?adjust_creative=-uBzzloii2ivvF3N0jkhKQ&utm_campaign=yelp_api_v3&utm_medium=api_v3_business_search&utm_source=-uBzzloii2ivvF3N0jkhKQ,Ae9Z7QFj3nftRSmhT8ncKg
56,The Naked Sausage,Burgers,,,Chapel Market,51.533441,-0.109657,,
57,O'shea's Butchers,Butcher,4.5,££,120 Druid Street,51.498826,-0.0737,https://www.yelp.com/biz/o-sheas-butchers-london?adjust_creative=-uBzzloii2ivvF3N0jkhKQ&utm_campaign=yelp_api_v3&utm_medium=api_v3_business_search&utm_source=-uBzzloii2ivvF3N0jkhKQ,qORMGjRfN0tVN6vN2YtQYw
58,Cannon & Cannon Fine Foods,Butcher,4.5,££,Unit 4W,51.5062980117458,-0.0913849306884913,https://www.yelp.com/biz/cannon-and-cannon-fine-foods-london?adjust_creative=-uBzzloii2ivvF3N0jkhKQ&utm_campaign=yelp_api_v3&utm_medium=api_v3_business_search&utm_source=-uBzzloii2ivvF3N0jkhKQ,VVghAJA5WjFVMUnnKcpQxQ
59,Kent & Sons Butchers,Butcher,4.5,££££,59 St Johns Wood High Street,51.53358857053,-0.170991120813964,https://www.yelp.com/biz/kent-and-sons-butchers-london?adjust_creative=-uBzzloii2ivvF3N0jkhKQ&utm_campaign=yelp_api_v3&utm_medium=api_v3_business_search&utm_source=-uBzzloii2ivvF3N0jkhKQ,HVfH72v8FqPCOEkQS0e_EA
60,Kennington Lane Cafe,Cafes,5.0,£,383 Kennington Lane,51.4860611,-0.1208514,https://www.yelp.com/biz/kennington-lane-cafe-london?adjust_creative=-uBzzloii2ivvF3N0jkhKQ&utm_campaign=yelp_api_v3&utm_medium=api_v3_business_search&utm_source=-uBzzloii2ivvF3N0jkhKQ,p77CnjTGOIZA1hEpLfCC6Q
61,The Brewhouse,Cafes,,,Hampstead Lane,51.571336,-0.167637,,
62,Mimos Cafe,Cafes,4.0,£,19 London Street,51.5150959,-0.174005,https://www.yelp.com/biz/mimos-cafe-london?adjust_creative=-uBzzloii2ivvF3N0jkhKQ&utm_campaign=yelp_api_v3&utm_medium=api_v3_business_search&utm_source=-uBzzloii2ivvF3N0jkhKQ,3ViNQObKHR6l02hkvBFClw
63,Regency Café,Cafes,4.5,£,17-19 Regency Street,51.4940143171,-0.13222007974201,https://www.yelp.com/biz/regency-caf%C3%A9-london-2?adjust_creative=-uBzzloii2ivvF3N0jkhKQ&utm_campaign=yelp_api_v3&utm_medium=api_v3_business_search&utm_source=-uBzzloii2ivvF3N0jkhKQ,YNduANMPzIVE8CzBH7YjEQ
64,Sun Cafe,Cafes,4.0,£,55-63 Goswell Road,51.524381,-0.099477,https://www.yelp.com/biz/sun-cafe-london?adjust_creative=-uBzzloii2ivvF3N0jkhKQ&utm_campaign=yelp_api_v3&utm_medium=api_v3_business_search&utm_source=-uBzzloii2ivvF3N0jkhKQ,LdVANIJFLBrwsGkijiSSwA
65,Chadwick's Butchers,Cheese Shops,4.0,££££,109 Balham High Road,51.445142,-0.1511436,https://www.yelp.com/biz/chadwicks-butchers-london?adjust_creative=-uBzzloii2ivvF3N0jkhKQ&utm_campaign=yelp_api_v3&utm_medium=api_v3_business_search&utm_source=-uBzzloii2ivvF3N0jkhKQ,Z53l9X3kK_rgPOmMGT6Lmw
66,Harrods Food Hall,Cheese Shops,4.0,£££,87-135 Brompton Road,51.4990917420527,-0.162348972665107,https://www.yelp.com/biz/harrods-food-hall-london?adjust_creative=-uBzzloii2ivvF3N0jkhKQ&utm_campaign=yelp_api_v3&utm_medium=api_v3_business_search&utm_source=-uBzzloii2ivvF3N0jkhKQ,nHMn6sJQEj1c2cnGThyvvg
67,Kipferl,Coffee & Tea,4.0,££,20 Camden Passage,51.535247538411,-0.10339315152949,https://www.yelp.com/biz/kipferl-london-6?adjust_creative=-uBzzloii2ivvF3N0jkhKQ&utm_campaign=yelp_api_v3&utm_medium=api_v3_business_search&utm_source=-uBzzloii2ivvF3N0jkhKQ,xqpUr61KFa1Xx721-E6l_A
68,The Breakfast Club,Coffee & Tea,4.0,££,33 D'Arblay Street,51.514733,-0.135406,https://www.yelp.com/biz/the-breakfast-club-london-2?adjust_creative=-uBzzloii2ivvF3N0jkhKQ&utm_campaign=yelp_api_v3&utm_medium=api_v3_business_search&utm_source=-uBzzloii2ivvF3N0jkhKQ,tYynO1nOy1GKxMV3jkxbmw
69,The Pavilion Cafe,Coffee & Tea,4.0,££,Victoria Park,51.533421,-0.042846,https://www.yelp.com/biz/the-pavilion-cafe-london?adjust_creative=-uBzzloii2ivvF3N0jkhKQ&utm_campaign=yelp_api_v3&utm_medium=api_v3_business_search&utm_source=-uBzzloii2ivvF3N0jkhKQ,zI4Z-LjiIWBubhcLCX8vpw
70,Bloomsbury Cafe,Coffee & Tea,4.0,£,16 Bloomsbury Street,51.5175164253045,-0.127287250243864,https://www.yelp.com/biz/bloomsbury-cafe-london?adjust_creative=-uBzzloii2ivvF3N0jkhKQ&utm_campaign=yelp_api_v3&utm_medium=api_v3_business_search&utm_source=-uBzzloii2ivvF3N0jkhKQ,BJPoMcoKJxrs_QT4_PcL8A
71,Czechoslovak National House Club & Restaurant,Czech,4.0,££,74 W End Lane,51.5445546,-0.1921988,https://www.yelp.com/biz/czechoslovak-national-house-club-and-restaurant-london?adjust_creative=-uBzzloii2ivvF3N0jkhKQ&utm_campaign=yelp_api_v3&utm_medium=api_v3_business_search&utm_source=-uBzzloii2ivvF3N0jkhKQ,4BxxZPDBbrIg9egm-r8FXg
72,Meat N16,Delicatessen,4.5,£££,104 Stoke Newington Church Street,51.5623045,-0.0790558,https://www.yelp.com/biz/meat-n16-london?adjust_creative=-uBzzloii2ivvF3N0jkhKQ&utm_campaign=yelp_api_v3&utm_medium=api_v3_business_search&utm_source=-uBzzloii2ivvF3N0jkhKQ,KgihwijlUEYOCfZEB98R-A
73,Mr Christian's,Delis,4.5,£££,11 Elgin Crescent,51.5148864,-0.2049839,https://www.yelp.com/biz/mr-christians-london?adjust_creative=-uBzzloii2ivvF3N0jkhKQ&utm_campaign=yelp_api_v3&utm_medium=api_v3_business_search&utm_source=-uBzzloii2ivvF3N0jkhKQ,dF6M7XzivF2qI3c1wp_F9A
74,Absolutely Starving,Delis,4.0,££,51 Tooley Street,51.5050986007288,-0.0849500457449048,https://www.yelp.com/biz/absolutely-starving-london?adjust_creative=-uBzzloii2ivvF3N0jkhKQ&utm_campaign=yelp_api_v3&utm_medium=api_v3_business_search&utm_source=-uBzzloii2ivvF3N0jkhKQ,cy28kr98GOWJzUqf7Dg_dg
75,The Gazzano's Ltd,Delis,4.5,££,167-169 Farringdon Road,51.5243835449219,-0.110131002962589,https://www.yelp.com/biz/the-gazzanos-ltd-london?adjust_creative=-uBzzloii2ivvF3N0jkhKQ&utm_campaign=yelp_api_v3&utm_medium=api_v3_business_search&utm_source=-uBzzloii2ivvF3N0jkhKQ,2_uKaqxZJr9VFiN8zQ6UEQ
76,Camisa & Son,Delis,4.5,££,61 Old Compton Street,51.512482,-0.132848,https://www.yelp.com/biz/camisa-and-son-london?adjust_creative=-uBzzloii2ivvF3N0jkhKQ&utm_campaign=yelp_api_v3&utm_medium=api_v3_business_search&utm_source=-uBzzloii2ivvF3N0jkhKQ,2BoGHL6GSyn30i4yU2VKtQ
77,South Kensington Farmers Market,Farmers Market,,,Bute St & Brompton Road,51.493741,-0.176321,,
78,Borough Market,Farmers Market,4.5,££,8 Southwark Street,51.5051427191678,-0.0909365332063361,https://www.yelp.com/biz/borough-market-london-3?adjust_creative=-uBzzloii2ivvF3N0jkhKQ&utm_campaign=yelp_api_v3&utm_medium=api_v3_business_search&utm_source=-uBzzloii2ivvF3N0jkhKQ,U-Sz3hVjbZ8eaNeKGpZU_A
79,Exmouth Market,Farmers Market,4.5,£,Exmouth Market,51.5254901,-0.1099058,https://www.yelp.com/biz/exmouth-market-london?adjust_creative=-uBzzloii2ivvF3N0jkhKQ&utm_campaign=yelp_api_v3&utm_medium=api_v3_business_search&utm_source=-uBzzloii2ivvF3N0jkhKQ,GYgy4JhIyolI0lJIxe1PmQ
80,Bloomsbury Farmers' Market,Farmers Market,4.5,£,Torrington Square,51.522696,-0.13116,https://www.yelp.com/biz/bloomsbury-farmers-market-london?adjust_creative=-uBzzloii2ivvF3N0jkhKQ&utm_campaign=yelp_api_v3&utm_medium=api_v3_business_search&utm_source=-uBzzloii2ivvF3N0jkhKQ,8760FhaiXzekz1kOj1uDxg
81,The Covent Garden Real Food Market,Farmers Market,4.5,££,Covent Garden Piazza,51.512071,-0.122976,https://www.yelp.com/biz/the-covent-garden-real-food-market-london?adjust_creative=-uBzzloii2ivvF3N0jkhKQ&utm_campaign=yelp_api_v3&utm_medium=api_v3_business_search&utm_source=-uBzzloii2ivvF3N0jkhKQ,Z1oce02uSXZ_6Fbtm0j-_A
82,Barbarellas,Fast Food,4.0,£,141 Lower Marsh,51.5000747,-0.1143629,https://www.yelp.com/biz/barbarellas-london-2?adjust_creative=-uBzzloii2ivvF3N0jkhKQ&utm_campaign=yelp_api_v3&utm_medium=api_v3_business_search&utm_source=-uBzzloii2ivvF3N0jkhKQ,xTno948bD8MVyt37dcUJlw
83,Poppies,Fish & Chips,4.0,££,6-8 Hanbury Street,51.5202629,-0.074075,https://www.yelp.com/biz/poppies-london-5?adjust_creative=-uBzzloii2ivvF3N0jkhKQ&utm_campaign=yelp_api_v3&utm_medium=api_v3_business_search&utm_source=-uBzzloii2ivvF3N0jkhKQ,qF2RobL-4k6IYnS6hpqEyA
84,Toff's of Muswell Hill,Fish & Chips,4.5,££,38 Muswell Hill Broadway,51.58945970694,-0.14461961705316,https://www.yelp.com/biz/toffs-of-muswell-hill-london?adjust_creative=-uBzzloii2ivvF3N0jkhKQ&utm_campaign=yelp_api_v3&utm_medium=api_v3_business_search&utm_source=-uBzzloii2ivvF3N0jkhKQ,GexTNbg_Fa51RRMplLWHdg
85,Britannia Fish Bar,Fish & Chips,4.0,£,101 Grove Road,51.528995070764,-0.038661651296427,https://www.yelp.com/biz/britannia-fish-bar-london?adjust_creative=-uBzzloii2ivvF3N0jkhKQ&utm_campaign=yelp_api_v3&utm_medium=api_v3_business_search&utm_source=-uBzzloii2ivvF3N0jkhKQ,aTrd4BXTspeQtObc2fcwGQ
86,Regal Fish Bar,Fish & Chips,3.5,£,474 Bethnal Green Road,51.527243510257,-0.057239483406799,https://www.yelp.com/biz/regal-fish-bar-london?adjust_creative=-uBzzloii2ivvF3N0jkhKQ&utm_campaign=yelp_api_v3&utm_medium=api_v3_business_search&utm_source=-uBzzloii2ivvF3N0jkhKQ,xP96KRwGyy-XIBmQHel9JA
87,Crown Fish & Chips,Fish & Chips,3.5,£,1-3 Pratt St,51.5372921,-0.141114,https://www.yelp.com/biz/crown-fish-and-chips-london?adjust_creative=-uBzzloii2ivvF3N0jkhKQ&utm_campaign=yelp_api_v3&utm_medium=api_v3_business_search&utm_source=-uBzzloii2ivvF3N0jkhKQ,bF2iD9f6B8j2J98CLqMIRw
88,Kennedy's,Fish & Chips,4.5,££,5A Leigham Court Road,51.4380761,-0.1265172,https://www.yelp.com/biz/kennedys-london-3?adjust_creative=-uBzzloii2ivvF3N0jkhKQ&utm_campaign=yelp_api_v3&utm_medium=api_v3_business_search&utm_source=-uBzzloii2ivvF3N0jkhKQ,8n2YcCHAQl7B-ih61evwdQ
89,Laughing Halibut,Fish & Chips,4.0,££,38 Strutton Ground,51.4966544699782,-0.133777235475182,https://www.yelp.com/biz/laughing-halibut-london?adjust_creative=-uBzzloii2ivvF3N0jkhKQ&utm_campaign=yelp_api_v3&utm_medium=api_v3_business_search&utm_source=-uBzzloii2ivvF3N0jkhKQ,JJTlY7F3S9tiiO-eIeCL6g
90,The Mayfair Chippy,Fish & Chips,4.5,££,14 North Audley Street,51.5131345,-0.1533961,https://www.yelp.com/biz/the-mayfair-chippy-london-2?adjust_creative=-uBzzloii2ivvF3N0jkhKQ&utm_campaign=yelp_api_v3&utm_medium=api_v3_business_search&utm_source=-uBzzloii2ivvF3N0jkhKQ,Vaq49W0ubGjuIc4h5_qQ0w
91,Golden Union Fish Bar,Fish & Chips,4.0,££,38 Poland Street,51.5153383,-0.1376925,https://www.yelp.com/biz/golden-union-fish-bar-london?adjust_creative=-uBzzloii2ivvF3N0jkhKQ&utm_campaign=yelp_api_v3&utm_medium=api_v3_business_search&utm_source=-uBzzloii2ivvF3N0jkhKQ,LSvWWKNJi4-gaaRDU-VVYA
92,Gigs,Fish & Chips,3.5,££,12 Tottenham Street,51.521001,-0.135294,https://www.yelp.com/biz/gigs-london?adjust_creative=-uBzzloii2ivvF3N0jkhKQ&utm_campaign=yelp_api_v3&utm_medium=api_v3_business_search&utm_source=-uBzzloii2ivvF3N0jkhKQ,sgeNa1YWdyfzqDLwu1pUMw
93,Roast To Go,Food Stands,4.5,£,Borough Market,51.5056071178748,-0.0910057691819765,https://www.yelp.com/biz/roast-to-go-london?adjust_creative=-uBzzloii2ivvF3N0jkhKQ&utm_campaign=yelp_api_v3&utm_medium=api_v3_business_search&utm_source=-uBzzloii2ivvF3N0jkhKQ,iJOxs_39A55S3qNDtMRPWg
94,The Sausage Man,Food Trucks,,,Unit 1,51.457212,-0.0058533,,
95,Pied à Terre,French,4.5,££££,34 Charlotte Street,51.519099,-0.13517,https://www.yelp.com/biz/pied-%C3%A0-terre-london-3?adjust_creative=-uBzzloii2ivvF3N0jkhKQ&utm_campaign=yelp_api_v3&utm_medium=api_v3_business_search&utm_source=-uBzzloii2ivvF3N0jkhKQ,NSrYBenDSYo1irgdWesU4Q
96,Le Boudin Blanc,French,4.0,£££,5 Trebeck Street,51.506485,-0.147213,https://www.yelp.com/biz/le-boudin-blanc-london?adjust_creative=-uBzzloii2ivvF3N0jkhKQ&utm_campaign=yelp_api_v3&utm_medium=api_v3_business_search&utm_source=-uBzzloii2ivvF3N0jkhKQ,jxN3X5vgEfPfHsZxEeJtuQ
97,Champagne + Fromage,French,4.0,££,22 Wellington Street,51.5119787,-0.1200707,https://www.yelp.com/biz/champagne-fromage-london?adjust_creative=-uBzzloii2ivvF3N0jkhKQ&utm_campaign=yelp_api_v3&utm_medium=api_v3_business_search&utm_source=-uBzzloii2ivvF3N0jkhKQ,w2lWBJDb_8uk5oV_uyrGjw
98,Villandry,French,3.5,££,170 Great Portland Street,51.5214563850873,-0.143144858908866,https://www.yelp.com/biz/villandry-london?adjust_creative=-uBzzloii2ivvF3N0jkhKQ&utm_campaign=yelp_api_v3&utm_medium=api_v3_business_search&utm_source=-uBzzloii2ivvF3N0jkhKQ,6BRC_x_SsQxv4rBp42yPog
99,The Atlas,Gastropubs,4.0,££,16 Seagrave Road,51.4861721,-0.1963213,https://www.yelp.com/biz/the-atlas-london?adjust_creative=-uBzzloii2ivvF3N0jkhKQ&utm_campaign=yelp_api_v3&utm_medium=api_v3_business_search&utm_source=-uBzzloii2ivvF3N0jkhKQ,DSAV6IYGtFAaoG_hkd_KnA
100,The Colonel Fawcett,Gastropubs,4.5,££,1 Randolph Street,51.5418041646628,-0.136007736926076,https://www.yelp.com/biz/the-colonel-fawcett-london?adjust_creative=-uBzzloii2ivvF3N0jkhKQ&utm_campaign=yelp_api_v3&utm_medium=api_v3_business_search&utm_source=-uBzzloii2ivvF3N0jkhKQ,7Q6JpFSFv997rhv7w1izNA
101,The Grazing Goat Marylebone,Gastropubs,4.0,££,6 New Quebec Street,51.515378341447,-0.15823586449841,https://www.yelp.com/biz/the-grazing-goat-marylebone-london?adjust_creative=-uBzzloii2ivvF3N0jkhKQ&utm_campaign=yelp_api_v3&utm_medium=api_v3_business_search&utm_source=-uBzzloii2ivvF3N0jkhKQ,bJiVADMSTEKj0MjqiLrOPA
102,The Princess Victoria,Gastropubs,4.5,££,217 Uxbridge Road,51.506488400078,-0.24090795450115,https://www.yelp.com/biz/the-princess-victoria-london?adjust_creative=-uBzzloii2ivvF3N0jkhKQ&utm_campaign=yelp_api_v3&utm_medium=api_v3_business_search&utm_source=-uBzzloii2ivvF3N0jkhKQ,jGLj2JsYF8to11i934Aisw
103,The Harwood Arms,Gastropubs,4.5,£££,27 Walham Grove,51.4829113087309,-0.196470990454087,https://www.yelp.com/biz/the-harwood-arms-london?adjust_creative=-uBzzloii2ivvF3N0jkhKQ&utm_campaign=yelp_api_v3&utm_medium=api_v3_business_search&utm_source=-uBzzloii2ivvF3N0jkhKQ,nxxCu3Svrmp2cNvfufrdFw
104,The Beehive,Gastropubs,4.0,££,126 Crawford Street,51.520052,-0.157343,https://www.yelp.com/biz/the-beehive-london-7?adjust_creative=-uBzzloii2ivvF3N0jkhKQ&utm_campaign=yelp_api_v3&utm_medium=api_v3_business_search&utm_source=-uBzzloii2ivvF3N0jkhKQ,lJ_hk4cn88vv6_XqAlbYHw
105,The Peasant,Gastropubs,4.0,££,240 St John Street,51.5257670339641,-0.103859877687725,https://www.yelp.com/biz/the-peasant-london-2?adjust_creative=-uBzzloii2ivvF3N0jkhKQ&utm_campaign=yelp_api_v3&utm_medium=api_v3_business_search&utm_source=-uBzzloii2ivvF3N0jkhKQ,LmS_NsB9gxrq-QGrtM7LsA
106,The Wurst Club,German,,,56-57 Cornhill,51.513202,-0.084998,,
107,Herman Ze German,German,3.5,£,33 Old Compton Street,51.513273,-0.131731,https://www.yelp.com/biz/herman-ze-german-london-3?adjust_creative=-uBzzloii2ivvF3N0jkhKQ&utm_campaign=yelp_api_v3&utm_medium=api_v3_business_search&utm_source=-uBzzloii2ivvF3N0jkhKQ,2vgpyvU72DEHiLRYmSE1FQ
108,Katzenjammers,German,3.5,££,24 Southwark Street,51.504827352652,-0.0910319201774978,https://www.yelp.com/biz/katzenjammers-london?adjust_creative=-uBzzloii2ivvF3N0jkhKQ&utm_campaign=yelp_api_v3&utm_medium=api_v3_business_search&utm_source=-uBzzloii2ivvF3N0jkhKQ,jcBeMcH_nAaDDJotomqs-g
109,World of Wurst,German,4.5,£,49 Brixton Station Road,51.4634005,-0.1110494,https://www.yelp.com/biz/world-of-wurst-london?adjust_creative=-uBzzloii2ivvF3N0jkhKQ&utm_campaign=yelp_api_v3&utm_medium=api_v3_business_search&utm_source=-uBzzloii2ivvF3N0jkhKQ,5puz_aDYRkQ-Ur45ceZy9A
110,Herman Ze German,German,4.0,£,19 Villiers Street,51.508297609923,-0.12397418784664,https://www.yelp.com/biz/herman-ze-german-london?adjust_creative=-uBzzloii2ivvF3N0jkhKQ&utm_campaign=yelp_api_v3&utm_medium=api_v3_business_search&utm_source=-uBzzloii2ivvF3N0jkhKQ,UdFNcwNbwVJ7qNdDXYd_PA
111,Bierschenke,German,4.0,££,4 London Wall Buildings,51.5172964975816,-0.0852677978367637,https://www.yelp.com/biz/bierschenke-london?adjust_creative=-uBzzloii2ivvF3N0jkhKQ&utm_campaign=yelp_api_v3&utm_medium=api_v3_business_search&utm_source=-uBzzloii2ivvF3N0jkhKQ,EFwQyq_qSoL_3A2oQWL6Ig
112,Zeitgeist,German,4.0,££,49 - 51 Black Prince Road,51.491333,-0.1182021,https://www.yelp.com/biz/zeitgeist-london-3?adjust_creative=-uBzzloii2ivvF3N0jkhKQ&utm_campaign=yelp_api_v3&utm_medium=api_v3_business_search&utm_source=-uBzzloii2ivvF3N0jkhKQ,sen5D3KKE0penBC7d5GlUQ
113,German Gymnasium,German,4.0,£££,1 Kings Boulevard,51.5323975443626,-0.125419827905187,https://www.yelp.com/biz/german-gymnasium-london-2?adjust_creative=-uBzzloii2ivvF3N0jkhKQ&utm_campaign=yelp_api_v3&utm_medium=api_v3_business_search&utm_source=-uBzzloii2ivvF3N0jkhKQ,4IpNjfnu3VnM8p7_i4or4Q
114,Farmstand,Gluten-Free,4.0,£,42 Drury Lane,51.5143394470215,-0.122018814086914,https://www.yelp.com/biz/farmstand-london-3?adjust_creative=-uBzzloii2ivvF3N0jkhKQ&utm_campaign=yelp_api_v3&utm_medium=api_v3_business_search&utm_source=-uBzzloii2ivvF3N0jkhKQ,LYPuCoeoYpRpMcvFfwK3wQ
115,Halepi,Greek,4.0,££,18 Leinster Terrace,51.511329946838,-0.18310297196364,https://www.yelp.com/biz/halepi-london?adjust_creative=-uBzzloii2ivvF3N0jkhKQ&utm_campaign=yelp_api_v3&utm_medium=api_v3_business_search&utm_source=-uBzzloii2ivvF3N0jkhKQ,sMeVGW8YFs0gaRFFNJH8uQ
116,Cleavers,Grocery,4.0,£££,537 Old York Road,51.4598693847656,-0.188730999827385,https://www.yelp.com/biz/cleavers-london?adjust_creative=-uBzzloii2ivvF3N0jkhKQ&utm_campaign=yelp_api_v3&utm_medium=api_v3_business_search&utm_source=-uBzzloii2ivvF3N0jkhKQ,eBBzulCh4P5un77UtXAxCg
117,German Deli,Grocery,4.0,££,3 Park Street,51.505241090956,-0.091765960314486,https://www.yelp.com/biz/german-deli-borough?adjust_creative=-uBzzloii2ivvF3N0jkhKQ&utm_campaign=yelp_api_v3&utm_medium=api_v3_business_search&utm_source=-uBzzloii2ivvF3N0jkhKQ,6oW6305g3-MTy8dBe8QlBQ
118,Herman Ze German,Hot Dogs,4.0,£,43 Charlotte Street,51.5191705290611,-0.135596556276787,https://www.yelp.com/biz/herman-ze-german-london-4?adjust_creative=-uBzzloii2ivvF3N0jkhKQ&utm_campaign=yelp_api_v3&utm_medium=api_v3_business_search&utm_source=-uBzzloii2ivvF3N0jkhKQ,Zf6FbXwsCKxSpBLql9l_9Q
119,Hunger Dogs,Hot Dogs,3.0,££,21A Camden High Street,51.5351891843644,-0.139317845535043,https://www.yelp.com/biz/hunger-dogs-london?adjust_creative=-uBzzloii2ivvF3N0jkhKQ&utm_campaign=yelp_api_v3&utm_medium=api_v3_business_search&utm_source=-uBzzloii2ivvF3N0jkhKQ,mV4UQO_i0RahVnmdVfa9Tw
120,Bubbledogs,Hot Dogs,4.0,££,70 Charlotte Street,51.5203332564428,-0.136556625366211,https://www.yelp.com/biz/bubbledogs-london?adjust_creative=-uBzzloii2ivvF3N0jkhKQ&utm_campaign=yelp_api_v3&utm_medium=api_v3_business_search&utm_source=-uBzzloii2ivvF3N0jkhKQ,TSIoa1kBk3MmYthsnzOPmw
121,Big Apple Hot Dogs,Hot Dogs,4.5,££,Cole & Sons,51.5361747741699,-0.116492003202438,https://www.yelp.com/biz/big-apple-hot-dogs-london?adjust_creative=-uBzzloii2ivvF3N0jkhKQ&utm_campaign=yelp_api_v3&utm_medium=api_v3_business_search&utm_source=-uBzzloii2ivvF3N0jkhKQ,rwIWu1ImYqiiigwXDrO6JA
122,Phoenicia - Mediterranean Food Hall,International Grocery,4.0,£,186 -192 Kentish Town Road,51.547598,-0.141266,https://www.yelp.com/biz/phoenicia-mediterranean-food-hall-london?adjust_creative=-uBzzloii2ivvF3N0jkhKQ&utm_campaign=yelp_api_v3&utm_medium=api_v3_business_search&utm_source=-uBzzloii2ivvF3N0jkhKQ,IDH_axJK2uI99N5-_PHl5A
123,Waxy O'Connor's,Irish Pub,4.0,££,14-16 Rupert Street,51.5107349,-0.1322637,https://www.yelp.com/biz/waxy-o-connors-london?adjust_creative=-uBzzloii2ivvF3N0jkhKQ&utm_campaign=yelp_api_v3&utm_medium=api_v3_business_search&utm_source=-uBzzloii2ivvF3N0jkhKQ,By_GidVlsMQa_Ri2hLkP9Q
124,Lina Stores Restaurant,Italian,,,51 Greek Street,51.5141264,-0.1311127,,
125,Princi,Italian,4.0,££,135 Wardour Street,51.5138629586873,-0.134387051472991,https://www.yelp.com/biz/princi-london?adjust_creative=-uBzzloii2ivvF3N0jkhKQ&utm_campaign=yelp_api_v3&utm_medium=api_v3_business_search&utm_source=-uBzzloii2ivvF3N0jkhKQ,-ATEXu2q4Oe4wPQeyrsILw
126,E Pellicci,Italian,4.5,£,332 Bethnal Green Road,51.5265159984371,-0.0635611602914123,https://www.yelp.com/biz/e-pellicci-london?adjust_creative=-uBzzloii2ivvF3N0jkhKQ&utm_campaign=yelp_api_v3&utm_medium=api_v3_business_search&utm_source=-uBzzloii2ivvF3N0jkhKQ,wqZucWHydm2qx-iUCUyJpQ
127,Made in Italy,Italian,4.0,££,249 King's Road,51.4860996,-0.1720436,https://www.yelp.com/biz/made-in-italy-london-4?adjust_creative=-uBzzloii2ivvF3N0jkhKQ&utm_campaign=yelp_api_v3&utm_medium=api_v3_business_search&utm_source=-uBzzloii2ivvF3N0jkhKQ,T9BC90kxPsFi7ZHb5vH1nw
128,Bizzarro,Italian,4.0,££,18-22 Craven Road,51.514853,-0.1772311,https://www.yelp.com/biz/bizzarro-london?adjust_creative=-uBzzloii2ivvF3N0jkhKQ&utm_campaign=yelp_api_v3&utm_medium=api_v3_business_search&utm_source=-uBzzloii2ivvF3N0jkhKQ,lrkhrEmcffCWIBLsqU0nRw
129,Oliveto,Italian,4.0,££,49 Elizabeth Street,51.493495,-0.150923,https://www.yelp.com/biz/oliveto-london?adjust_creative=-uBzzloii2ivvF3N0jkhKQ&utm_campaign=yelp_api_v3&utm_medium=api_v3_business_search&utm_source=-uBzzloii2ivvF3N0jkhKQ,E7uTFoTXygHYo_KAaHRjpw
130,Luna Nuova,Italian,4.5,££,773 Fulham Road,51.4764709472656,-0.203929007053375,https://www.yelp.com/biz/luna-nuova-london?adjust_creative=-uBzzloii2ivvF3N0jkhKQ&utm_campaign=yelp_api_v3&utm_medium=api_v3_business_search&utm_source=-uBzzloii2ivvF3N0jkhKQ,bpPc86UDVamkaZRmzkz_LQ
131,La Porchetta Pollo Bar,Italian,4.0,£,20 Old Compton Street,51.5136346213443,-0.130298037090699,https://www.yelp.com/biz/la-porchetta-pollo-bar-london?adjust_creative=-uBzzloii2ivvF3N0jkhKQ&utm_campaign=yelp_api_v3&utm_medium=api_v3_business_search&utm_source=-uBzzloii2ivvF3N0jkhKQ,-147sXWJVzjQ6xed3kdtxQ
132,Jinjuu,Korean,4.0,£££,15 Kingly Street,51.5123954723956,-0.138893650736518,https://www.yelp.com/biz/jinjuu-london?adjust_creative=-uBzzloii2ivvF3N0jkhKQ&utm_campaign=yelp_api_v3&utm_medium=api_v3_business_search&utm_source=-uBzzloii2ivvF3N0jkhKQ,XHCHzTZOxyXFIaI52rU4CQ
133,On The Bab,Korean,4.0,££,305 Old Street,51.5267653903883,-0.0815281434501047,https://www.yelp.com/biz/on-the-bab-london?adjust_creative=-uBzzloii2ivvF3N0jkhKQ&utm_campaign=yelp_api_v3&utm_medium=api_v3_business_search&utm_source=-uBzzloii2ivvF3N0jkhKQ,tQLHS3esu_vLtkbdPYSY6A
134,Lao Cafe,Laotian,4.0,££,60 Chandos Place,51.510153354616,-0.125136251632811,https://www.yelp.com/biz/lao-cafe-london?adjust_creative=-uBzzloii2ivvF3N0jkhKQ&utm_campaign=yelp_api_v3&utm_medium=api_v3_business_search&utm_source=-uBzzloii2ivvF3N0jkhKQ,zr2aKieJp8S5by5VPceKUQ
135,Comptoir Libanais,Lebanese,4.5,£,77a Gloucester Road,51.4946804479439,-0.182466405629542,https://www.yelp.com/biz/comptoir-libanais-kensington?adjust_creative=-uBzzloii2ivvF3N0jkhKQ&utm_campaign=yelp_api_v3&utm_medium=api_v3_business_search&utm_source=-uBzzloii2ivvF3N0jkhKQ,nG9FL_8vpAUsJFy1R4XTYg
136,Players Bar and Kitchen,Lounges,4.5,£,The Arches,51.508101,-0.124093,https://www.yelp.com/biz/players-bar-and-kitchen-london?adjust_creative=-uBzzloii2ivvF3N0jkhKQ&utm_campaign=yelp_api_v3&utm_medium=api_v3_business_search&utm_source=-uBzzloii2ivvF3N0jkhKQ,ClnDKm_D0jPgYjV2TrkCbg
137,The Barge House,Lounges,4.0,££,46 De Beauvoir Crescent,51.5372997,-0.0808728,https://www.yelp.com/biz/the-barge-house-london?adjust_creative=-uBzzloii2ivvF3N0jkhKQ&utm_campaign=yelp_api_v3&utm_medium=api_v3_business_search&utm_source=-uBzzloii2ivvF3N0jkhKQ,n7vXgfapPy4uGLgqsUTDyg
138,Smithfield Butchers,Meat Shops,5.0,£££,24 Smithfield St,51.5183525085449,-0.102554000914097,https://www.yelp.com/biz/smithfield-butchers-london?adjust_creative=-uBzzloii2ivvF3N0jkhKQ&utm_campaign=yelp_api_v3&utm_medium=api_v3_business_search&utm_source=-uBzzloii2ivvF3N0jkhKQ,8YdXBeXvOv9Iyt56CvTwUw
139,Snoggy's,Meat Shops,4.0,££,367 Upper Richmond Road,51.4644579,-0.2376655,https://www.yelp.com/biz/snoggys-wandsworth?adjust_creative=-uBzzloii2ivvF3N0jkhKQ&utm_campaign=yelp_api_v3&utm_medium=api_v3_business_search&utm_source=-uBzzloii2ivvF3N0jkhKQ,b_wH2Nueo8TraMtm0qtWGw
140,Theobald's - McKanna Meats,Meat Shops,5.0,££,21 Theobalds Road,51.5203574,-0.1173135,https://www.yelp.com/biz/theobalds-mckanna-meats-london?adjust_creative=-uBzzloii2ivvF3N0jkhKQ&utm_campaign=yelp_api_v3&utm_medium=api_v3_business_search&utm_source=-uBzzloii2ivvF3N0jkhKQ,uZF_h43c4RfXdzEPKJBbBw
141,Freemans,Meat Shops,5.0,££,9 Topsfield Parade,51.5801765126764,-0.123810768127441,https://www.yelp.com/biz/freemans-london?adjust_creative=-uBzzloii2ivvF3N0jkhKQ&utm_campaign=yelp_api_v3&utm_medium=api_v3_business_search&utm_source=-uBzzloii2ivvF3N0jkhKQ,jlBIhApFiYYLb3GV7XhPwQ
142,W Bunting,Meat Shops,,,13 Peckham Park Road,51.482735,-0.065318,,
143,Armstrong's Of Richmond,Meat Shops,5.0,££,205 Lower Mortlake Road,51.4662246704102,-0.294010013341904,https://www.yelp.com/biz/armstrongs-of-richmond-richmond?adjust_creative=-uBzzloii2ivvF3N0jkhKQ&utm_campaign=yelp_api_v3&utm_medium=api_v3_business_search&utm_source=-uBzzloii2ivvF3N0jkhKQ,vE8n6zPzAMFLa2pUJubz7w
144,Greensmiths,Meat Shops,4.5,££,27 Lower Marsh,51.5008808,-0.1122979,https://www.yelp.com/biz/greensmiths-london?adjust_creative=-uBzzloii2ivvF3N0jkhKQ&utm_campaign=yelp_api_v3&utm_medium=api_v3_business_search&utm_source=-uBzzloii2ivvF3N0jkhKQ,TEFyfQZgUh7YfZPVB7dIAw
145,Frank Godfrey,Meat Shops,4.5,££,7 Highbury Park,51.553786585289,-0.098373824875248,https://www.yelp.com/biz/frank-godfrey-london?adjust_creative=-uBzzloii2ivvF3N0jkhKQ&utm_campaign=yelp_api_v3&utm_medium=api_v3_business_search&utm_source=-uBzzloii2ivvF3N0jkhKQ,_Ub-9VGBQmfHVW3MD3jhcg
146,M Moen & Sons,Meat Shops,4.5,£££,24 The Pavement,51.4622982,-0.1401057,https://www.yelp.com/biz/m-moen-and-sons-london?adjust_creative=-uBzzloii2ivvF3N0jkhKQ&utm_campaign=yelp_api_v3&utm_medium=api_v3_business_search&utm_source=-uBzzloii2ivvF3N0jkhKQ,bgMJHURGZftfI441orwhMg
147,Butcher At Leadenhall,Meat Shops,3.5,££,6-7 Leadenhall Market,51.5130264,-0.0837921,https://www.yelp.com/biz/butcher-at-leadenhall-london?adjust_creative=-uBzzloii2ivvF3N0jkhKQ&utm_campaign=yelp_api_v3&utm_medium=api_v3_business_search&utm_source=-uBzzloii2ivvF3N0jkhKQ,DHA0dyhobkw-XXUWF4aapw
148,The Ginger Pig,Meat Shops,4.5,£££,8-10 Moxon Street,51.5198747699266,-0.152393400229603,https://www.yelp.com/biz/the-ginger-pig-london?adjust_creative=-uBzzloii2ivvF3N0jkhKQ&utm_campaign=yelp_api_v3&utm_medium=api_v3_business_search&utm_source=-uBzzloii2ivvF3N0jkhKQ,mpObzFGn9UtUw9CJW-xKUA
149,J Elliott,Meat Shops,4.5,£££,96 Essex Road,51.538621,-0.098738,https://www.yelp.com/biz/j-elliott-london?adjust_creative=-uBzzloii2ivvF3N0jkhKQ&utm_campaign=yelp_api_v3&utm_medium=api_v3_business_search&utm_source=-uBzzloii2ivvF3N0jkhKQ,njoyzvQKqEthBysq6mSB-Q
150,Ginger Pig,Meat Shops,4.5,££,Southwark St,51.5055784029147,-0.0912491308273502,https://www.yelp.com/biz/ginger-pig-london-2?adjust_creative=-uBzzloii2ivvF3N0jkhKQ&utm_campaign=yelp_api_v3&utm_medium=api_v3_business_search&utm_source=-uBzzloii2ivvF3N0jkhKQ,XmNUMfan4ZJhmlysp9RIIw
151,Porterford Butchers,Meat Shops,4.5,£,72 Watling St,51.5131950378418,-0.0940200015902519,https://www.yelp.com/biz/porterford-butchers-london?adjust_creative=-uBzzloii2ivvF3N0jkhKQ&utm_campaign=yelp_api_v3&utm_medium=api_v3_business_search&utm_source=-uBzzloii2ivvF3N0jkhKQ,vPYD3C9W-m409muDlhEWQw
152,Villages Fine Sausages,Meat Shops,5.0,££,91 High Street,51.4074251,-0.0273131,https://www.yelp.com/biz/villages-fine-sausages-beckenham?adjust_creative=-uBzzloii2ivvF3N0jkhKQ&utm_campaign=yelp_api_v3&utm_medium=api_v3_business_search&utm_source=-uBzzloii2ivvF3N0jkhKQ,ewUiAjDS6CZEZiD-PgcIeQ
153,Macken Brothers,Meat Shops,5.0,£££,44 Turnham Green Terrace,51.4936575,-0.2551651,https://www.yelp.com/biz/macken-brothers-london?adjust_creative=-uBzzloii2ivvF3N0jkhKQ&utm_campaign=yelp_api_v3&utm_medium=api_v3_business_search&utm_source=-uBzzloii2ivvF3N0jkhKQ,z8xyGXRdLQ3hSeFKZx--rA
154,Pether Fine Meat & Poultry,Meat Shops,4.5,£££,16 Station Parade,51.4783007408949,-0.286466553982453,https://www.yelp.com/biz/pether-fine-meat-and-poultry-hounslow?adjust_creative=-uBzzloii2ivvF3N0jkhKQ&utm_campaign=yelp_api_v3&utm_medium=api_v3_business_search&utm_source=-uBzzloii2ivvF3N0jkhKQ,_gTqDZ4G0U0I_EnEcpT7Jw
155,The Hampstead Butcher & Providore,Meat Shops,5.0,£££,56 Rosslyn Hill,51.5551738,-0.1733836,https://www.yelp.com/biz/the-hampstead-butcher-and-providore-london?adjust_creative=-uBzzloii2ivvF3N0jkhKQ&utm_campaign=yelp_api_v3&utm_medium=api_v3_business_search&utm_source=-uBzzloii2ivvF3N0jkhKQ,wxfGeNQQ0J3j9mzIZG6Wig
156,C Lidgate,Meat Shops,5.0,£££,110 Holland Park Ave,51.5068313,-0.2073012,https://www.yelp.com/biz/c-lidgate-london-2?adjust_creative=-uBzzloii2ivvF3N0jkhKQ&utm_campaign=yelp_api_v3&utm_medium=api_v3_business_search&utm_source=-uBzzloii2ivvF3N0jkhKQ,sf6GiPbDGsLrnQ6YfEFQVw
157,Dennis Of Bexley,Meat Shops,5.0,£££,1 Maplehurst Close,51.434231,0.177521,https://www.yelp.com/biz/dennis-of-bexley-dartford?adjust_creative=-uBzzloii2ivvF3N0jkhKQ&utm_campaign=yelp_api_v3&utm_medium=api_v3_business_search&utm_source=-uBzzloii2ivvF3N0jkhKQ,kTVWoi7hPB6EjK_s0QSjmw
158,Apero Restaurant and Bar,Mediterranean,4.0,££,2 Harrington Road,51.4942818627381,-0.175694857095886,https://www.yelp.com/biz/apero-restaurant-and-bar-london?adjust_creative=-uBzzloii2ivvF3N0jkhKQ&utm_campaign=yelp_api_v3&utm_medium=api_v3_business_search&utm_source=-uBzzloii2ivvF3N0jkhKQ,7kBtTjr1SdEDESFiyan-Ag
159,Ali Ocakbaşı,Mediterranean,,,16 Irving Street,51.5098350641127,-0.129026994109154,,
160,Mestizo,Mexican,4.0,££,103 Hampstead Road,51.52752,-0.1387649,https://www.yelp.com/biz/mestizo-london?adjust_creative=-uBzzloii2ivvF3N0jkhKQ&utm_campaign=yelp_api_v3&utm_medium=api_v3_business_search&utm_source=-uBzzloii2ivvF3N0jkhKQ,XeAaUJWcS9RZsE80a1UxjA
161,Honey & Co,Middle Eastern,4.5,££,25a Warren Street,51.5238287,-0.1407882,https://www.yelp.com/biz/honey-and-co-london?adjust_creative=-uBzzloii2ivvF3N0jkhKQ&utm_campaign=yelp_api_v3&utm_medium=api_v3_business_search&utm_source=-uBzzloii2ivvF3N0jkhKQ,Rb3xF0gkAwnDHML6okB1FA
162,Bill's,Modern European,4.0,££,36-44 Brewer Street,51.511881,-0.135307,https://www.yelp.com/biz/bills-london-4?adjust_creative=-uBzzloii2ivvF3N0jkhKQ&utm_campaign=yelp_api_v3&utm_medium=api_v3_business_search&utm_source=-uBzzloii2ivvF3N0jkhKQ,se61yyYAHdJZ_Fq9ygXjVg
163,Duck & Waffle,Modern European,4.0,£££,110 Bishopsgate,51.516178,-0.08094,https://www.yelp.com/biz/duck-and-waffle-london?adjust_creative=-uBzzloii2ivvF3N0jkhKQ&utm_campaign=yelp_api_v3&utm_medium=api_v3_business_search&utm_source=-uBzzloii2ivvF3N0jkhKQ,hOLFwKg4-0FsCleJ4yoCXw
164,49 Cafe,Modern European,4.5,£,49 Marchmont Street,51.5249587,-0.1251605,https://www.yelp.com/biz/49-cafe-london?adjust_creative=-uBzzloii2ivvF3N0jkhKQ&utm_campaign=yelp_api_v3&utm_medium=api_v3_business_search&utm_source=-uBzzloii2ivvF3N0jkhKQ,LyXXTUzll212_JKMkzC3DQ
165,The Delaunay,Modern European,4.0,£££,55 Aldwych,51.5131115,-0.1182553,https://www.yelp.com/biz/the-delaunay-london-3?adjust_creative=-uBzzloii2ivvF3N0jkhKQ&utm_campaign=yelp_api_v3&utm_medium=api_v3_business_search&utm_source=-uBzzloii2ivvF3N0jkhKQ,QTRkMjYHXAVROidXkkt7Ow
166,Poem Bar & Grill,Modern European,3.5,££,94 Boundary Road,51.537843586362,-0.18492060586753,https://www.yelp.com/biz/poem-bar-and-grill-london?adjust_creative=-uBzzloii2ivvF3N0jkhKQ&utm_campaign=yelp_api_v3&utm_medium=api_v3_business_search&utm_source=-uBzzloii2ivvF3N0jkhKQ,7m0uht8Rw38lc0Vbvdb-IQ
167,The Troubadour,Music Venues,4.0,££,263-7 Old Brompton Road,51.488822437999,-0.19190476580433,https://www.yelp.com/biz/the-troubadour-london?adjust_creative=-uBzzloii2ivvF3N0jkhKQ&utm_campaign=yelp_api_v3&utm_medium=api_v3_business_search&utm_source=-uBzzloii2ivvF3N0jkhKQ,Px5vTIY3_lb6vJOnerjW8A
168,Kiln,Noodles,4.5,££,58 Brewer Street,51.5114108,-0.1360504,https://www.yelp.com/biz/kiln-london?adjust_creative=-uBzzloii2ivvF3N0jkhKQ&utm_campaign=yelp_api_v3&utm_medium=api_v3_business_search&utm_source=-uBzzloii2ivvF3N0jkhKQ,VTOd4cweIR_5uMHh0KLeBg
169,Albion,Patisserie/Cake Shop,3.5,££,2-4 Boundary Street,51.524137,-0.076235,https://www.yelp.com/biz/albion-london-5?adjust_creative=-uBzzloii2ivvF3N0jkhKQ&utm_campaign=yelp_api_v3&utm_medium=api_v3_business_search&utm_source=-uBzzloii2ivvF3N0jkhKQ,4QK1kQOde5RZ6PNTfo7wug
170,Pizza Union,Pizza,4.5,£,246 - 250 Pentonville Road,51.531051655444,-0.11983242244974,https://www.yelp.com/biz/pizza-union-london-7?adjust_creative=-uBzzloii2ivvF3N0jkhKQ&utm_campaign=yelp_api_v3&utm_medium=api_v3_business_search&utm_source=-uBzzloii2ivvF3N0jkhKQ,CQsUI0K8XOAwSR4gN6l55Q
171,Sartori Restaurant,Pizza,4.0,££,15 Great Newport Street,51.511791229248,-0.128003999590874,https://www.yelp.com/biz/sartori-restaurant-london-2?adjust_creative=-uBzzloii2ivvF3N0jkhKQ&utm_campaign=yelp_api_v3&utm_medium=api_v3_business_search&utm_source=-uBzzloii2ivvF3N0jkhKQ,VpXOD3pTsTMGy7cqtpNuNA
172,Franco Manca,Pizza,4.0,££,39 Maiden Lane,51.510954,-0.122907,https://www.yelp.com/biz/franco-manca-london-17?adjust_creative=-uBzzloii2ivvF3N0jkhKQ&utm_campaign=yelp_api_v3&utm_medium=api_v3_business_search&utm_source=-uBzzloii2ivvF3N0jkhKQ,uhtq0kf7Hnxg0ap4B7_8AQ
173,Voodoo Ray's,Pizza,4.0,£,Unit 1-3 Boxpark,51.5235106,-0.0763937,https://www.yelp.com/biz/voodoo-rays-london-2?adjust_creative=-uBzzloii2ivvF3N0jkhKQ&utm_campaign=yelp_api_v3&utm_medium=api_v3_business_search&utm_source=-uBzzloii2ivvF3N0jkhKQ,__zb-nuVLOikaEnrnKoBvA
174,Pizza Union,Pizza,4.5,£,25 Sandy's Row,51.5175265894232,-0.0773585960268974,https://www.yelp.com/biz/pizza-union-london-8?adjust_creative=-uBzzloii2ivvF3N0jkhKQ&utm_campaign=yelp_api_v3&utm_medium=api_v3_business_search&utm_source=-uBzzloii2ivvF3N0jkhKQ,4lCI-05rQo2hQMr9qXKJAQ
175,1920,Pool Halls,4.0,££,19-20 Great Sutton Street,51.5232200622559,-0.100608997046947,https://www.yelp.com/biz/1920-london-2?adjust_creative=-uBzzloii2ivvF3N0jkhKQ&utm_campaign=yelp_api_v3&utm_medium=api_v3_business_search&utm_source=-uBzzloii2ivvF3N0jkhKQ,CUBjGkG29s0V7yPnr-5Hwg
176,The Windmill,Pubs,4.0,££,6-8 Mill Street,51.512565,-0.142204,https://www.yelp.com/biz/the-windmill-london-2?adjust_creative=-uBzzloii2ivvF3N0jkhKQ&utm_campaign=yelp_api_v3&utm_medium=api_v3_business_search&utm_source=-uBzzloii2ivvF3N0jkhKQ,t-LjuFbYp76ARX7QEp0gnA
177,Lowlander,Pubs,4.0,££,36 Drury Lane,51.514624,-0.12241,https://www.yelp.com/biz/lowlander-london?adjust_creative=-uBzzloii2ivvF3N0jkhKQ&utm_campaign=yelp_api_v3&utm_medium=api_v3_business_search&utm_source=-uBzzloii2ivvF3N0jkhKQ,65JkA2ikIjsbBHtrUJcH2w
178,The Jolly Butchers,Pubs,4.5,££,204 Stoke Newington High Street,51.5623655,-0.0733491,https://www.yelp.com/biz/the-jolly-butchers-london?adjust_creative=-uBzzloii2ivvF3N0jkhKQ&utm_campaign=yelp_api_v3&utm_medium=api_v3_business_search&utm_source=-uBzzloii2ivvF3N0jkhKQ,5zAP9qPHcBDut7QGCZCLbg
179,Crown Tavern,Pubs,3.5,££,43 Clerkenwell Green,51.523259,-0.105218,https://www.yelp.com/biz/crown-tavern-london?adjust_creative=-uBzzloii2ivvF3N0jkhKQ&utm_campaign=yelp_api_v3&utm_medium=api_v3_business_search&utm_source=-uBzzloii2ivvF3N0jkhKQ,ixbPUSOYmbl9koCTsEtr0Q
180,Stein's,Pubs,4.5,££,56 High Street,51.407239,-0.308125,https://www.yelp.com/biz/steins-kingston-upon-thames?adjust_creative=-uBzzloii2ivvF3N0jkhKQ&utm_campaign=yelp_api_v3&utm_medium=api_v3_business_search&utm_source=-uBzzloii2ivvF3N0jkhKQ,CoOXb3OMOuMnOEatF62LiQ
181,The Feathers,Pubs,3.5,££,18-20 Broadway,51.4992265,-0.1331029,https://www.yelp.com/biz/the-feathers-london-2?adjust_creative=-uBzzloii2ivvF3N0jkhKQ&utm_campaign=yelp_api_v3&utm_medium=api_v3_business_search&utm_source=-uBzzloii2ivvF3N0jkhKQ,qlRpV22dIDFiY1sVjr9kxQ
182,The Windsor Castle,Pubs,4.0,££,114 Campden Hill Road,51.505787326816,-0.198597460985184,https://www.yelp.com/biz/the-windsor-castle-london-2?adjust_creative=-uBzzloii2ivvF3N0jkhKQ&utm_campaign=yelp_api_v3&utm_medium=api_v3_business_search&utm_source=-uBzzloii2ivvF3N0jkhKQ,HntBHodgbw-vhW3MaCqbcw
183,Tollington The Public House,Pubs,4.5,££,115 Hornsey Road,51.557264,-0.112692,https://www.yelp.com/biz/tollington-the-public-house-london?adjust_creative=-uBzzloii2ivvF3N0jkhKQ&utm_campaign=yelp_api_v3&utm_medium=api_v3_business_search&utm_source=-uBzzloii2ivvF3N0jkhKQ,9vzIix6uttTqfIQH-aH7eg
184,The Castle,Pubs,3.5,££,34-35 Cowcross Street,51.5202949,-0.10429,https://www.yelp.com/biz/the-castle-london-10?adjust_creative=-uBzzloii2ivvF3N0jkhKQ&utm_campaign=yelp_api_v3&utm_medium=api_v3_business_search&utm_source=-uBzzloii2ivvF3N0jkhKQ,Ua0pmEYc0elDSgUt5OCK3g
185,The Easton,Pubs,4.5,££,22 Easton Street,51.526323227476,-0.11139933433552,https://www.yelp.com/biz/the-easton-london?adjust_creative=-uBzzloii2ivvF3N0jkhKQ&utm_campaign=yelp_api_v3&utm_medium=api_v3_business_search&utm_source=-uBzzloii2ivvF3N0jkhKQ,ruccgDIBllsprKlP_7HBpg
186,The Victoria,Pubs,4.5,££,10a Strathearn Place,51.51350403679,-0.17119959969309,https://www.yelp.com/biz/the-victoria-paddington?adjust_creative=-uBzzloii2ivvF3N0jkhKQ&utm_campaign=yelp_api_v3&utm_medium=api_v3_business_search&utm_source=-uBzzloii2ivvF3N0jkhKQ,teXPunKtpwj0NuttvPYhyQ
187,The Kings Arms,Pubs,4.0,££,2 Shepherd Market,51.5063486,-0.1461078,https://www.yelp.com/biz/the-kings-arms-london-9?adjust_creative=-uBzzloii2ivvF3N0jkhKQ&utm_campaign=yelp_api_v3&utm_medium=api_v3_business_search&utm_source=-uBzzloii2ivvF3N0jkhKQ,t4n-Go-jqlFYYuCuyNeBTA
188,Hank's Po' Boys,Sandwiches,,,Southbank Centre Market,51.5053216,-0.1160542,,
189,Birley Sandwiches,Sandwiches,4.0,£,Unit 23A,51.5051509130517,-0.0213405953842312,https://www.yelp.com/biz/birley-sandwiches-london-6?adjust_creative=-uBzzloii2ivvF3N0jkhKQ&utm_campaign=yelp_api_v3&utm_medium=api_v3_business_search&utm_source=-uBzzloii2ivvF3N0jkhKQ,FdfIx7h5tRd4AAMcXHrljw
190,Lisa's,Scandinavian,4.0,££,305 Portobello Road,51.5193556,-0.2078333,https://www.yelp.com/biz/lisas-london-2?adjust_creative=-uBzzloii2ivvF3N0jkhKQ&utm_campaign=yelp_api_v3&utm_medium=api_v3_business_search&utm_source=-uBzzloii2ivvF3N0jkhKQ,X_1Z-RAonaFLaTjkdKBljA
191,Cafe España,Spanish,3.5,££,63 Old Compton Street,51.512463,-0.13289,https://www.yelp.com/biz/cafe-espa%C3%B1a-london-2?adjust_creative=-uBzzloii2ivvF3N0jkhKQ&utm_campaign=yelp_api_v3&utm_medium=api_v3_business_search&utm_source=-uBzzloii2ivvF3N0jkhKQ,jgx_WCV_5zBEeGHQvimLHQ
192,Hawksmoor Guildhall,Steakhouses,4.5,£££,10 Basinghall Street,51.5155006968868,-0.0908641121643541,https://www.yelp.com/biz/hawksmoor-guildhall-london-2?adjust_creative=-uBzzloii2ivvF3N0jkhKQ&utm_campaign=yelp_api_v3&utm_medium=api_v3_business_search&utm_source=-uBzzloii2ivvF3N0jkhKQ,XgU_CX_G1zzCXCe1IV7I6g
193,Hawksmoor Spitalfields,Steakhouses,4.5,£££,157a Commercial Street,51.5211502,-0.075657,https://www.yelp.com/biz/hawksmoor-spitalfields-london-6?adjust_creative=-uBzzloii2ivvF3N0jkhKQ&utm_campaign=yelp_api_v3&utm_medium=api_v3_business_search&utm_source=-uBzzloii2ivvF3N0jkhKQ,DI9SUiuxlf1WjkTu_jJSbg
194,Whitecross Market,Street Vendors,4.5,£,1 Whitecross Street,51.5228285836074,-0.0927653379297215,https://www.yelp.com/biz/whitecross-market-london?adjust_creative=-uBzzloii2ivvF3N0jkhKQ&utm_campaign=yelp_api_v3&utm_medium=api_v3_business_search&utm_source=-uBzzloii2ivvF3N0jkhKQ,PrIqHQtsQl-DnafTdS326A
195,Boston Sausage,Street Vendors,4.5,£,Bridge Foot,51.5057829,-0.0915919,https://www.yelp.com/biz/boston-sausage-boston-2?adjust_creative=-uBzzloii2ivvF3N0jkhKQ&utm_campaign=yelp_api_v3&utm_medium=api_v3_business_search&utm_source=-uBzzloii2ivvF3N0jkhKQ,3XTM3AIdCtPhrDfT77-hmw
196,Scotchtails,Street Vendors,4.0,£,Borough Market,51.5058600512612,-0.0900266337073297,https://www.yelp.com/biz/scotchtails-london-2?adjust_creative=-uBzzloii2ivvF3N0jkhKQ&utm_campaign=yelp_api_v3&utm_medium=api_v3_business_search&utm_source=-uBzzloii2ivvF3N0jkhKQ,oSJClu8F3C75_NzTcOatHQ
197,Little Jack Horner's,Street Vendors,5.0,££,Parliament Hill Farmers Market,51.5589968652238,-0.152370929718018,https://www.yelp.com/biz/little-jack-horners-london?adjust_creative=-uBzzloii2ivvF3N0jkhKQ&utm_campaign=yelp_api_v3&utm_medium=api_v3_business_search&utm_source=-uBzzloii2ivvF3N0jkhKQ,7O8blUUjCGAk7V9wZvOEAg
198,Kazan,Turkish,4.5,££,93-94 Wilton Road,51.4927,-0.14072,https://www.yelp.com/biz/kazan-london?adjust_creative=-uBzzloii2ivvF3N0jkhKQ&utm_campaign=yelp_api_v3&utm_medium=api_v3_business_search&utm_source=-uBzzloii2ivvF3N0jkhKQ,vmi7fEu1vy2Tj2yuYlgR0g
199,Le Garrick,Wine Bars,4.0,££,10-12 Garrick Street,51.5115661621094,-0.126066997647285,https://www.yelp.com/biz/le-garrick-london?adjust_creative=-uBzzloii2ivvF3N0jkhKQ&utm_campaign=yelp_api_v3&utm_medium=api_v3_business_search&utm_source=-uBzzloii2ivvF3N0jkhKQ,qM6lDKglcVhUkH-0fJTn4g
